label,delta_x,delta_total,velocity,angle,delta_tip2,dist_thumb,dist_index,dist_middle,dist_ring,dist_pinky,index_ratio
0,34,178.272,2.971,-1.379,141.032,146.455,171.759,168.077,161.31,145.825,1.084
0,35,177.485,2.958,-1.372,147.801,142.843,166.018,164.924,157.258,140.89,1.076
0,42,175.111,2.919,-1.329,146.731,137.888,159.731,157.709,149.03,136.894,1.08
0,37,169.098,2.818,-1.35,135.68,134.469,153.447,149.683,141.057,133.004,1.086
0,35,157.927,2.632,-1.347,126.909,133.004,154.029,152.611,147.122,137.768,1.056
0,28,150.625,2.51,-1.384,99.85,127.287,149.563,146.891,144.014,135.713,1.052
0,18,140.161,2.336,-1.442,81.541,119.331,134.648,132.91,130.246,125.16,1.04
0,8,138.232,2.304,-1.513,68.352,121.264,132.412,129.283,122.262,115.117,1.083
0,-4,137.058,2.284,-1.6,59.481,135.104,148.476,144.641,137.713,128.316,1.085
0,-23,140.89,2.348,-1.735,50.09,130.231,151.611,147.963,141.598,129.387,1.086
0,-41,139.176,2.32,-1.87,40.719,125.897,148.034,148.678,142.425,129.468,1.056
0,-64,142.215,2.37,-2.038,27.459,121.754,145.362,146.564,139.807,128.141,1.052
0,-82,142.056,2.368,-2.186,9.849,121.017,142.215,141.908,135.624,122.332,1.067
0,-98,148.822,2.48,-2.29,39.459,117.456,135.595,137.361,132.85,120.15,1.042
0,-106,146.414,2.44,-2.38,75.06,115.434,137.768,138.322,133.843,125.144,1.04
0,-108,143.178,2.386,-2.425,119.105,116.692,137.295,135.595,131.381,120.702,1.062
0,-115,150.446,2.507,-2.441,148.492,113.217,135.532,130.081,126.479,119.507,1.081
0,-120,148.809,2.48,-2.509,169.106,118.802,146.697,141.4,135.3,125.897,1.093
0,-122,146.441,2.441,-2.555,188.521,113.899,143.6,139.058,133.184,121.926,1.093
0,-115,135.68,2.261,-2.582,190.704,120.917,148.499,147.513,140.289,127.769,1.072
0,-107,119.854,1.998,-2.674,187.926,117.456,145.836,145.911,137.131,124.169,1.074
0,-90,98.087,1.635,-2.733,170.848,116.276,146.697,146.891,137.131,121.198,1.086
0,-81,84.481,1.408,-2.854,150.841,116.387,148.499,149.833,138.13,121.926,1.087
0,-66,67.912,1.132,-2.904,120.95,116.516,148.071,149.255,140.289,124.788,1.072
0,-59,59.54,0.992,-3.007,88.51,117.686,149.402,148.277,138.232,124.036,1.092
0,-59,59.54,0.992,-3.007,88.51,117.686,149.402,148.277,138.232,124.036,1.092
0,-59,59.54,0.992,-3.007,88.51,117.686,149.402,148.277,138.232,124.036,1.092
0,-59,59.54,0.992,-3.007,88.51,117.686,149.402,148.277,138.232,124.036,1.092
0,-59,59.54,0.992,-3.007,88.51,117.686,149.402,148.277,138.232,124.036,1.092
0,-21,27.659,0.461,-2.433,41.976,112.045,150.791,149.05,139.09,126.289,1.092
0,-21,25.239,0.421,-2.554,44.643,113.864,146.322,144.931,133.094,121.495,1.099
0,-14,16.125,0.269,-2.622,43.382,110.309,146.154,145.169,136.004,126.115,1.077
0,-11,11.705,0.195,-2.793,42.059,111.723,145.399,144.838,136.004,125.132,1.074
0,-8,8.246,0.137,-2.897,40.224,113.846,143.924,143.377,136.004,127.475,1.061
0,-4,6.403,0.107,2.246,50.12,111.036,142.804,135.484,131.061,125.399,1.093
0,3,5.0,0.083,0.927,55.073,111.732,140.014,131.529,126.063,123.223,1.103
0,10,12.207,0.203,0.611,60.902,116.675,140.014,127.577,127.098,125.399,1.105
0,17,19.723,0.329,0.532,68.964,120.208,146.441,135.074,131.187,130.495,1.107
0,29,30.676,0.511,0.332,81.025,123.762,150.217,137.931,140.357,138.752,1.081
0,35,38.079,0.635,0.405,94.34,124.459,153.734,141.51,145.582,143.136,1.072
0,35,42.438,0.707,0.601,113.719,122.381,155.502,158.079,156.416,144.838,1.016
0,39,48.6,0.81,0.639,130.924,116.181,166.373,177.282,173.566,149.857,0.997
0,39,47.434,0.791,0.606,146.492,124.403,170.751,189.061,180.768,154.777,0.976
0,38,51.662,0.861,0.744,160.639,131.883,181.025,196.957,188.558,161.623,0.993
0,33,50.329,0.839,0.856,160.655,129.711,191.212,203.747,192.107,166.976,1.019
0,28,54.708,0.912,1.034,140.911,134.826,196.367,206.041,192.419,166.976,1.042
0,29,58.669,0.978,1.054,102.489,129.541,198.363,203.443,184.708,158.114,1.089
0,26,59.034,0.984,1.115,77.078,130.484,187.003,182.584,170.66,151.954,1.11
0,24,55.462,0.924,1.123,24.413,133.417,185.952,183.134,176.028,157.003,1.081
0,17,53.759,0.896,1.249,44.688,139.943,188.68,190.158,181.593,163.0,1.059
0,11,57.07,0.951,1.377,65.795,139.617,191.4,187.553,170.511,138.13,1.157
0,10,44.147,0.736,1.342,92.201,139.176,196.901,194.651,178.194,145.986,1.139
0,13,44.922,0.749,1.277,106.019,139.714,201.221,195.233,181.797,153.734,1.137
0,8,36.878,0.615,1.352,106.231,137.033,202.872,198.6,183.883,157.889,1.126
0,15,34.438,0.574,1.12,102.903,131.735,198.217,193.414,181.665,158.028,1.115
0,19,38.079,0.635,1.048,93.236,123.968,190.394,192.575,183.848,158.114,1.069
0,26,38.21,0.637,0.822,79.649,123.491,185.97,185.27,177.192,159.126,1.07
0,29,40.311,0.672,0.768,62.29,122.54,186.132,187.409,178.443,156.461,1.069
0,26,34.059,0.568,0.702,43.863,126.752,192.052,194.833,186.344,159.7,1.065
0,28,34.409,0.573,0.62,21.095,123.146,190.518,193.256,183.12,158.902,1.068
0,37,43.046,0.717,0.536,15.652,123.713,189.526,191.943,181.915,158.496,1.068
0,50,51.42,0.857,0.236,28.636,123.713,188.664,192.938,183.636,159.54,1.056
0,50,51.42,0.857,0.236,28.636,123.713,188.664,192.938,183.636,159.54,1.056
0,50,51.42,0.857,0.236,28.636,123.713,188.664,192.938,183.636,159.54,1.056
0,50,51.42,0.857,0.236,28.636,123.713,188.664,192.938,183.636,159.54,1.056
0,50,51.42,0.857,0.236,28.636,123.713,188.664,192.938,183.636,159.54,1.056
0,82,82.055,1.368,-0.037,170.66,120.93,186.96,191.846,183.415,159.54,1.049
0,70,70.257,1.171,-0.086,181.077,125.096,185.828,192.666,185.925,161.929,1.031
0,64,64.195,1.07,-0.078,183.469,121.758,183.576,191.846,184.391,159.411,1.028
0,52,52.086,0.868,-0.058,181.43,124.868,183.576,191.846,184.391,159.816,1.027
0,39,39.205,0.653,-0.102,176.411,123.491,184.318,193.039,184.835,162.049,1.024
0,26,27.857,0.464,-0.367,169.009,122.801,184.784,192.762,184.201,160.112,1.032
0,13,17.029,0.284,-0.702,159.424,125.674,186.132,194.363,186.601,162.985,1.027
0,3,11.402,0.19,-1.305,138.578,123.167,189.095,198.404,190.184,163.11,1.028
0,-10,11.18,0.186,-2.678,109.444,124.31,197.018,204.963,193.871,166.331,1.046
0,-20,20.396,0.34,-2.944,52.802,130.633,199.462,208.255,193.352,167.836,1.051
0,-33,33.734,0.562,-2.933,27.803,133.765,205.431,208.406,192.481,166.244,1.087
0,-44,46.487,0.775,-2.813,36.056,127.472,203.364,204.883,192.481,166.973,1.081
0,-44,46.487,0.775,-2.813,36.056,127.472,203.364,204.883,192.481,166.973,1.081
0,-44,46.487,0.775,-2.813,36.056,127.472,203.364,204.883,192.481,166.973,1.081
0,-44,46.487,0.775,-2.813,36.056,127.472,203.364,204.883,192.481,166.973,1.081
0,-44,46.487,0.775,-2.813,36.056,127.472,203.364,204.883,192.481,166.973,1.081
0,-44,46.487,0.775,-2.813,36.056,127.472,203.364,204.883,192.481,166.973,1.081
0,-44,46.487,0.775,-2.813,36.056,127.472,203.364,204.883,192.481,166.973,1.081
0,-44,46.487,0.775,-2.813,36.056,127.472,203.364,204.883,192.481,166.973,1.081
0,-44,46.487,0.775,-2.813,36.056,127.472,203.364,204.883,192.481,166.973,1.081
0,-44,46.487,0.775,-2.813,36.056,127.472,203.364,204.883,192.481,166.973,1.081
0,-44,46.487,0.775,-2.813,36.056,127.472,203.364,204.883,192.481,166.973,1.081
0,-44,46.487,0.775,-2.813,36.056,127.472,203.364,204.883,192.481,166.973,1.081
0,-44,46.487,0.775,-2.813,36.056,127.472,203.364,204.883,192.481,166.973,1.081
0,-44,46.487,0.775,-2.813,36.056,127.472,203.364,204.883,192.481,166.973,1.081
0,-44,46.487,0.775,-2.813,36.056,127.472,203.364,204.883,192.481,166.973,1.081
0,-44,46.487,0.775,-2.813,36.056,127.472,203.364,204.883,192.481,166.973,1.081
0,-44,46.487,0.775,-2.813,36.056,127.472,203.364,204.883,192.481,166.973,1.081
0,-44,46.487,0.775,-2.813,36.056,127.472,203.364,204.883,192.481,166.973,1.081
0,-44,46.487,0.775,-2.813,36.056,127.472,203.364,204.883,192.481,166.973,1.081
0,16,50.596,0.843,-1.249,44.045,129.356,197.203,192.317,173.118,146.031,1.157
0,30,66.189,1.103,-1.1,39.395,129.004,148.084,145.715,142.004,137.928,1.044
0,46,80.449,1.341,-0.962,29.069,130.908,143.402,138.13,133.195,130.782,1.07
0,55,93.814,1.564,-0.944,47.17,133.454,169.056,164.21,154.496,142.594,1.099
0,61,101.4,1.69,-0.925,74.813,135.831,176.207,172.887,163.248,140.132,1.11
0,70,103.325,1.722,-0.826,107.615,135.385,174.771,171.82,157.544,132.189,1.136
0,80,113.137,1.886,-0.785,149.215,136.927,190.536,183.897,169.402,140.428,1.158
0,79,110.318,1.839,-0.773,184.762,140.52,194.733,188.351,174.23,143.892,1.153
0,74,102.552,1.709,-0.765,201.102,140.428,196.125,190.318,173.113,143.265,1.161
0,70,98.29,1.638,-0.778,208.849,136.125,193.052,189.842,174.155,144.402,1.139
0,62,89.107,1.485,-0.801,201.01,135.44,189.169,185.397,169.532,143.656,1.138
0,57,82.037,1.367,-0.803,186.172,133.15,188.807,185.267,173.046,146.24,1.123
0,43,69.029,1.15,-0.898,154.987,126.874,182.877,181.466,170.581,144.516,1.105
0,43,65.947,1.099,-0.861,117.388,115.953,176.105,173.643,163.478,143.028,1.1
0,5,31.401,0.523,-1.411,48.836,115.382,172.409,169.095,160.59,143.283,1.094
0,6,28.636,0.477,-1.36,53.413,114.039,167.815,169.169,164.976,146.031,1.048
0,6,27.659,0.461,-1.352,56.223,110.209,161.137,161.608,155.563,139.23,1.059
0,5,25.495,0.425,-1.373,54.489,113.952,195.359,200.18,191.76,168.048,1.047
0,1,20.025,0.334,-1.521,51.74,117.886,201.427,208.406,197.205,171.143,1.048
0,-8,21.541,0.359,-1.951,54.203,125.766,204.267,212.132,202.04,172.557,1.044
0,-15,19.849,0.331,-2.428,53.907,128.565,203.652,212.325,200.529,173.416,1.042
0,-25,29.682,0.495,-2.572,69.116,132.019,204.475,214.981,201.936,173.485,1.039
0,-25,29.682,0.495,-2.572,69.116,132.019,204.475,214.981,201.936,173.485,1.039
0,-25,29.682,0.495,-2.572,69.116,132.019,204.475,214.981,201.936,173.485,1.039
0,-25,29.682,0.495,-2.572,69.116,132.019,204.475,214.981,201.936,173.485,1.039
0,-25,29.682,0.495,-2.572,69.116,132.019,204.475,214.981,201.936,173.485,1.039
0,-104,106.301,1.772,-2.933,247.477,133.959,205.507,215.232,205.883,172.351,1.039
0,-114,115.918,1.932,-2.959,272.947,134.172,204.863,216.453,204.893,172.247,1.035
0,-122,124.535,2.076,-2.939,303.152,136.062,201.445,205.798,196.311,168.297,1.059
0,-126,129.074,2.151,-2.923,330.068,138.521,195.724,198.338,187.856,159.831,1.075
0,-126,131.32,2.189,-2.856,351.319,145.399,186.344,180.887,171.094,145.962,1.123
0,-118,127.016,2.117,-2.763,358.805,146.697,188.098,170.294,146.328,131.244,1.26
0,-105,120.934,2.016,-2.622,356.202,147.136,186.325,174.522,155.081,134.97,1.203
0,-88,110.0,1.833,-2.498,342.94,126.59,153.708,172.418,166.676,156.237,0.931
0,-63,104.202,1.737,-2.22,299.822,130.115,162.25,174.645,169.358,160.723,0.964
0,-45,99.73,1.662,-2.039,237.428,130.108,162.865,179.547,176.556,162.561,0.942
0,-21,100.225,1.67,-1.782,187.481,126.621,165.723,183.273,180.898,166.027,0.938
0,1,95.005,1.583,-1.56,109.59,128.035,168.003,186.172,183.096,168.573,0.937
0,30,97.719,1.629,-1.259,85.866,131.529,174.256,190.591,188.449,173.0,0.947
0,60,110.675,1.845,-0.998,107.079,134.35,176.162,192.666,190.379,174.614,0.948
0,74,108.977,1.816,-0.824,124.619,133.004,177.418,193.747,192.315,176.528,0.946
0,81,109.041,1.817,-0.733,174.725,133.66,179.936,194.928,192.211,178.16,0.955
0,99,124.808,2.08,-0.655,203.039,132.382,182.789,196.825,195.208,180.081,0.958
0,106,123.309,2.055,-0.536,221.298,135.207,185.0,200.998,198.091,182.003,0.955
0,106,119.419,1.99,-0.479,234.401,135.37,189.737,204.083,201.062,184.889,0.965
0,100,111.36,1.856,-0.456,241.346,131.034,192.585,208.062,205.088,185.162,0.966
0,96,104.0,1.733,-0.395,247.645,135.602,198.64,212.596,209.0,189.19,0.976
0,90,95.859,1.598,-0.351,255.157,135.602,204.022,216.689,213.009,189.423,0.989
0,76,81.345,1.356,-0.365,249.201,136.4,206.93,218.929,214.009,191.366,0.994
0,55,59.615,0.994,-0.396,242.786,135.801,209.504,220.912,215.009,190.394,1.004
0,24,29.411,0.49,-0.616,224.368,138.224,210.953,223.294,216.021,191.638,1.003
0,-32,32.14,0.536,-3.048,71.063,141.113,213.214,223.504,216.52,193.228,1.01
0,-40,40.112,0.669,-3.067,44.045,141.485,213.19,223.0,212.72,190.709,1.021
0,-47,47.043,0.784,-3.099,7.616,145.248,210.038,218.0,205.913,181.618,1.041
0,-55,55.082,0.918,3.087,55.902,142.874,142.352,126.495,119.105,119.252,1.17
0,-55,55.082,0.918,3.087,55.902,142.874,142.352,126.495,119.105,119.252,1.17
0,-55,55.082,0.918,3.087,55.902,142.874,142.352,126.495,119.105,119.252,1.17
0,-55,55.082,0.918,3.087,55.902,142.874,142.352,126.495,119.105,119.252,1.17
0,-115,115.732,1.929,-3.029,252.715,134.406,211.783,212.25,197.396,170.485,1.095
0,-109,109.293,1.822,-3.068,255.227,139.284,212.269,210.761,194.281,185.324,1.079
0,-108,108.904,1.815,-3.013,293.874,140.943,214.888,216.178,198.172,177.775,1.089
0,-85,86.313,1.439,-2.967,278.649,143.098,215.564,219.666,202.566,164.624,1.102
0,-80,84.433,1.407,-2.816,208.137,146.014,213.771,216.123,197.041,167.171,1.105
0,-67,75.591,1.26,-2.66,192.575,145.134,207.183,213.338,197.8,167.657,1.074
0,-55,65.734,1.096,-2.562,242.349,141.283,202.072,207.954,195.041,157.762,1.081
0,-31,48.27,0.805,-2.268,125.718,140.688,201.547,204.287,191.815,166.066,1.076
0,-68,71.47,1.191,-2.829,181.497,143.892,204.636,203.745,188.502,165.315,1.101
0,-54,62.769,1.046,-2.607,205.01,143.684,204.502,202.744,186.679,165.024,1.107
0,-32,51.225,0.854,-2.246,190.011,147.275,201.698,182.124,150.233,119.281,1.34
0,-29,38.288,0.638,-2.43,173.003,147.98,203.096,185.54,166.976,133.282,1.254
0,-17,24.759,0.413,-2.328,146.014,154.78,205.38,197.284,176.233,141.778,1.196
0,8,28.16,0.469,-1.283,126.0,153.844,211.102,194.456,167.61,128.129,1.292
0,32,41.231,0.687,-0.682,99.081,150.712,205.139,193.61,175.824,136.561,1.216
0,34,35.44,0.591,-0.286,62.0,133.724,204.612,140.46,132.608,142.088,1.479
0,42,42.426,0.707,-0.142,23.087,132.97,207.772,209.093,202.805,156.051,1.097
0,45,45.011,0.75,0.022,9.849,134.807,203.531,214.895,207.781,184.7,1.005
0,43,43.105,0.718,0.07,22.825,125.16,205.767,213.841,210.193,189.19,1.007
0,30,30.265,0.504,-0.133,83.187,113.741,208.127,214.283,204.159,168.671,1.063
0,19,19.925,0.332,-0.306,116.619,110.145,209.16,214.401,196.061,173.623,1.074
0,10,10.198,0.17,-0.197,126.099,117.047,218.277,224.544,209.418,185.235,1.058
0,13,15.811,0.264,0.606,103.942,128.316,220.293,233.529,222.913,166.193,1.061
0,9,15.811,0.264,0.965,92.655,134.391,227.431,236.008,222.032,179.047,1.071
0,0,19.0,0.317,1.571,51.478,137.117,229.941,238.38,220.601,181.177,1.078
0,-3,21.213,0.354,1.713,25.612,144.257,231.327,242.095,212.349,176.819,1.099
0,-7,21.19,0.353,1.907,10.296,147.492,229.652,238.757,206.4,160.723,1.137
0,-5,22.561,0.376,1.794,22.361,152.201,225.539,228.397,178.617,124.423,1.273
0,-6,21.84,0.364,1.849,29.732,147.078,184.773,196.4,189.636,157.623,1.02
0,-5,25.495,0.425,1.768,85.376,157.267,207.135,182.165,143.544,108.042,1.433
0,58,67.231,1.121,0.53,181.747,172.2,214.17,204.005,180.768,151.119,1.199
0,45,57.009,0.95,0.661,210.889,167.242,232.312,219.536,197.223,132.575,1.269
0,50,57.801,0.963,0.526,241.232,178.466,218.323,226.338,203.416,169.0,1.094
0,50,57.801,0.963,0.526,241.232,178.466,218.323,226.338,203.416,169.0,1.094
0,78,81.908,1.365,0.31,219.173,170.792,198.217,243.446,197.952,168.834,0.974
0,75,77.885,1.298,0.273,214.22,166.652,208.923,250.667,214.462,187.115,0.961
0,66,70.576,1.176,0.362,193.458,160.465,222.83,251.915,215.935,188.566,1.018
0,53,61.4,1.023,0.529,173.234,152.463,208.926,251.285,220.495,192.052,0.944
0,46,56.613,0.944,0.622,155.129,153.075,222.83,250.428,225.338,195.243,0.996
0,24,48.374,0.806,1.052,127.287,174.471,239.069,251.782,229.107,201.301,1.051
0,15,51.245,0.854,1.274,101.863,160.73,240.784,254.244,233.343,208.022,1.038
0,-2,62.032,1.034,1.603,73.239,155.322,235.78,243.502,217.101,193.039,1.082
0,-19,61.984,1.033,1.882,43.012,159.013,228.81,238.212,206.952,183.153,1.092
0,-35,64.351,1.073,2.146,25.612,161.719,233.002,241.05,217.101,190.163,1.078
0,-48,69.311,1.155,2.336,42.953,161.4,230.0,236.578,224.415,195.243,1.051
0,-49,63.253,1.054,2.457,59.076,179.636,218.589,221.057,203.027,175.935,1.093
0,-56,70.0,1.167,2.498,98.899,163.404,206.228,209.275,180.361,155.467,1.135
0,-87,94.937,1.582,2.73,146.492,149.215,208.002,187.768,158.319,131.244,1.307
0,-101,108.268,1.804,2.773,157.813,149.723,206.155,152.643,127.883,104.652,1.606
0,-103,108.784,1.813,2.814,168.36,189.156,162.197,122.201,82.024,49.244,1.92
0,-98,103.092,1.718,2.826,169.812,171.773,169.098,166.09,152.161,129.619,1.133
0,-99,101.637,1.694,2.913,186.462,155.396,196.217,213.909,204.355,162.985,1.013
0,-96,97.673,1.628,2.956,211.028,157.207,221.903,235.648,222.607,198.728,1.013
0,-87,88.119,1.469,2.982,226.106,152.751,271.361,251.857,201.358,211.646,1.224
0,-81,82.037,1.367,2.982,241.661,142.58,237.539,260.019,251.287,209.898,0.988
0,-70,72.035,1.201,2.903,253.428,146.294,240.635,261.031,254.012,224.698,0.976
0,-51,54.083,0.901,2.802,249.65,148.476,240.601,266.008,254.332,221.208,0.973
0,-40,45.177,0.753,2.658,237.211,148.977,242.72,261.765,254.386,224.902,0.983
0,-34,41.049,0.684,2.547,209.117,151.648,245.782,263.837,253.239,226.241,0.992
0,-23,32.527,0.542,2.356,155.756,165.158,248.944,264.683,253.239,228.659,1.0
0,41,59.414,0.99,0.809,64.0,176.641,248.395,264.017,253.9,222.468,1.006
0,40,57.28,0.955,0.798,92.914,176.918,244.283,256.265,246.84,206.09,1.033
0,43,64.444,1.074,0.84,186.271,158.6,232.261,229.244,179.978,150.602,1.245
0,21,49.659,0.828,1.134,216.449,143.892,198.6,193.259,177.46,158.256,1.126
0,20,48.332,0.806,1.144,183.0,148.647,216.707,217.959,190.276,171.207,1.122
0,16,52.498,0.875,1.261,196.698,176.162,218.248,226.612,215.745,189.528,1.036
0,33,56.613,0.944,0.948,219.018,177.485,233.6,243.655,228.432,197.74,1.046
0,30,70.682,1.178,1.132,93.723,175.414,237.901,253.397,236.603,203.571,1.029
0,16,74.733,1.246,1.355,122.053,171.977,240.786,254.876,236.603,204.941,1.037
0,-6,75.24,1.254,1.651,85.907,172.192,245.815,258.94,242.844,209.251,1.037
0,-33,81.025,1.35,1.99,68.68,179.847,251.575,263.181,242.495,211.851,1.052
0,-42,68.411,1.14,2.232,75.166,181.463,250.727,258.103,237.428,208.062,1.069
0,-53,74.25,1.237,2.366,108.977,181.463,247.419,256.681,235.478,203.953,1.066
0,-80,98.813,1.647,2.514,129.495,183.109,250.41,256.844,235.002,197.226,1.09
0,-100,115.603,1.927,2.616,154.302,166.964,243.181,251.873,228.327,188.733,1.091
0,-96,104.785,1.746,2.729,189.621,170.182,227.115,224.9,195.898,152.869,1.188
0,-102,107.838,1.797,2.811,224.804,169.806,201.062,196.596,188.175,170.074,1.087
0,-104,107.201,1.787,2.897,222.751,158.24,181.069,171.919,153.31,128.736,1.197
0,-108,111.826,1.864,2.879,213.016,134.893,175.411,194.18,186.325,167.314,0.961
0,-105,112.721,1.879,2.769,270.985,118.878,174.496,208.926,210.402,192.333,0.856
0,-97,105.309,1.755,2.742,255.392,106.733,185.219,219.529,219.911,206.886,0.86
0,-77,84.172,1.403,2.726,255.28,106.733,186.682,222.686,224.288,208.691,0.854
0,-69,72.422,1.207,2.833,223.893,105.513,188.282,227.985,229.059,210.829,0.846
0,-52,53.6,0.893,2.897,213.3,107.224,191.596,234.54,236.222,216.363,0.837
0,-31,31.145,0.519,3.045,146.014,109.567,198.882,241.423,240.468,221.219,0.849
0,-15,15.524,0.259,-2.881,100.623,120.067,206.93,247.421,244.346,221.822,0.87
0,6,12.53,0.209,-1.071,69.051,129.139,215.058,249.195,243.051,219.791,0.906
0,25,31.401,0.523,-0.65,47.074,142.888,224.243,248.888,240.208,215.676,0.955
0,41,48.549,0.809,-0.565,46.755,156.4,235.51,251.002,246.357,214.555,0.992
0,53,59.942,0.999,-0.486,59.093,163.466,243.477,247.978,224.86,209.619,1.07
0,74,79.48,1.325,-0.373,67.683,168.772,233.214,240.608,227.308,205.801,1.038
0,101,104.547,1.742,-0.261,69.462,168.241,202.596,218.103,226.102,200.823,0.942
0,107,108.342,1.806,-0.158,75.107,171.956,223.949,233.311,218.048,177.26,1.069
0,90,90.2,1.503,-0.067,129.027,174.141,228.589,222.407,190.924,149.215,1.219
0,95,95.131,1.586,0.053,175.385,184.201,217.81,203.325,176.604,139.054,1.259
0,95,95.525,1.592,0.105,226.173,187.579,155.193,128.082,105.119,84.119,1.467
0,103,104.235,1.737,0.154,273.007,209.848,192.338,195.898,177.8,143.003,1.117
0,109,111.005,1.85,0.19,309.131,170.473,217.598,204.453,197.497,168.238,1.145
0,117,119.641,1.994,0.211,341.646,158.619,213.6,232.002,216.945,185.397,1.01
0,119,121.396,2.023,0.199,369.173,177.8,232.777,236.58,224.368,190.937,1.071
0,126,128.082,2.135,0.181,403.983,170.836,229.943,228.037,215.407,188.298,1.092
0,130,132.197,2.203,0.183,428.939,166.901,229.985,229.915,212.953,186.904,1.096
0,128,129.877,2.165,0.17,429.93,188.608,229.532,222.8,212.603,186.317,1.108
0,122,125.399,2.09,0.233,451.306,193.093,226.753,220.057,211.218,184.968,1.104
0,109,114.481,1.908,0.311,454.569,186.035,221.0,215.669,209.06,183.636,1.09
0,101,108.632,1.811,0.377,448.879,185.151,208.71,203.593,195.318,170.156,1.1
0,106,118.512,1.975,0.464,447.644,177.003,194.589,189.489,177.91,153.056,1.122
0,97,113.018,1.884,0.539,417.738,167.314,178.059,162.521,140.684,100.464,1.323
0,77,98.858,1.648,0.678,400.899,157.892,141.156,117.72,87.966,64.078,1.57
0,51,77.987,1.3,0.858,377.387,127.424,116.846,109.932,112.787,116.379,1.034
0,31,61.4,1.023,1.042,367.681,113.358,111.803,135.558,151.954,148.489,0.769
0,11,50.22,0.837,1.35,343.105,101.71,123.556,166.379,180.347,178.025,0.706
0,-13,43.966,0.733,1.871,307.319,102.956,130.801,179.689,195.021,190.874,0.694
0,-43,47.854,0.798,2.687,228.98,104.938,146.168,193.961,202.237,197.773,0.738
0,-89,91.005,1.517,-2.931,214.394,100.603,161.533,201.814,213.588,208.492,0.777
0,-89,91.005,1.517,-2.931,214.394,100.603,161.533,201.814,213.588,208.492,0.777
0,-89,91.005,1.517,-2.931,214.394,100.603,161.533,201.814,213.588,208.492,0.777
0,-89,91.005,1.517,-2.931,214.394,100.603,161.533,201.814,213.588,208.492,0.777
0,-89,91.005,1.517,-2.931,214.394,100.603,161.533,201.814,213.588,208.492,0.777
0,-176,176.182,2.936,-3.096,131.461,99.85,172.627,216.342,216.449,207.152,0.809
0,-176,176.409,2.94,-3.074,170.238,103.247,187.385,219.659,223.808,207.504,0.864
0,-190,190.948,3.182,-3.042,199.572,104.346,194.34,225.144,225.056,207.617,0.886
0,-196,197.851,3.298,-3.005,241.406,104.695,199.449,227.068,229.14,211.596,0.896
0,-200,202.869,3.381,-2.973,289.002,109.932,208.087,230.263,228.709,213.846,0.928
0,-196,200.242,3.337,-2.935,332.014,118.966,215.669,232.0,235.468,212.462,0.952
0,-184,190.413,3.174,-2.881,393.412,126.194,223.182,233.549,231.158,210.706,0.991
0,-172,179.981,3.0,-2.843,445.19,135.473,226.861,237.741,231.173,207.762,1.006
0,-157,164.469,2.741,-2.839,468.165,144.81,228.009,231.458,209.812,200.529,1.066
0,-146,156.732,2.612,-2.769,462.482,145.89,231.51,229.026,222.036,191.175,1.081
0,-153,162.926,2.715,-2.791,412.044,150.416,230.419,232.246,232.452,201.604,1.037
0,-149,168.648,2.811,-2.654,340.425,152.882,232.562,234.61,231.225,200.142,1.048
0,-135,161.149,2.686,-2.564,323.241,152.591,233.927,233.309,232.086,205.273,1.046
0,-116,145.0,2.417,-2.498,249.128,150.336,224.84,238.304,229.961,205.993,1.0
0,-93,126.669,2.111,-2.395,154.324,152.643,230.801,228.484,212.426,177.539,1.12
0,-66,109.202,1.82,-2.22,129.468,151.003,233.026,232.974,217.635,187.417,1.096
0,-49,106.005,1.767,-2.051,124.016,150.333,230.625,231.355,223.6,200.998,1.055
0,-33,104.355,1.739,-1.893,119.62,156.042,234.233,229.872,214.56,185.068,1.116
0,-23,108.467,1.808,-1.784,136.488,156.554,229.268,227.438,214.947,190.672,1.086
0,-14,111.879,1.865,-1.696,156.847,162.607,234.401,235.968,211.625,169.956,1.139
0,2,115.017,1.917,-1.553,197.124,161.208,229.961,225.211,196.499,163.248,1.179
0,14,116.842,1.947,-1.451,189.264,160.031,224.722,231.89,190.011,153.16,1.172
0,42,128.082,2.135,-1.237,193.023,162.388,232.332,231.905,185.529,139.086,1.252
0,58,137.801,2.297,-1.136,269.459,158.382,229.268,232.691,172.244,127.534,1.292
0,82,143.694,2.395,-0.963,240.468,151.242,229.314,234.361,161.608,112.058,1.354
0,76,135.351,2.256,-0.975,255.016,152.398,226.153,231.138,87.361,75.802,1.721
0,73,130.357,2.173,-0.976,248.091,151.634,222.854,215.523,100.603,110.168,1.568
0,66,116.499,1.942,-0.969,242.621,146.328,192.419,194.33,89.202,121.758,1.424
0,62,102.801,1.713,-0.923,234.401,126.127,200.821,181.334,83.024,51.313,1.909
0,56,87.321,1.455,-0.875,210.706,179.402,198.842,187.216,134.239,63.388,1.55
0,44,69.656,1.161,-0.887,190.413,185.267,210.297,203.747,179.293,137.768,1.211
0,33,45.277,0.755,-0.754,179.402,182.877,232.433,233.24,206.197,151.855,1.179
0,24,28.302,0.472,-0.559,175.445,176.233,238.833,243.261,220.168,175.514,1.121
0,10,10.198,0.17,0.197,179.075,179.494,244.436,246.876,226.241,184.049,1.116
0,1,14.036,0.234,1.499,181.334,175.482,238.824,251.177,223.235,185.658,1.085
0,-5,24.515,0.409,1.776,183.025,169.293,239.719,245.051,229.817,195.0,1.074
0,-8,36.878,0.615,1.789,183.153,172.285,237.2,242.769,235.801,206.247,1.039
0,-17,46.239,0.771,1.947,185.852,178.07,235.816,243.578,238.673,211.74,1.019
0,-33,59.908,0.998,2.154,166.385,183.273,242.495,251.098,243.446,216.453,1.023
0,-43,69.814,1.164,2.234,156.208,184.694,250.14,257.163,249.04,216.926,1.038
0,-63,81.688,1.361,2.452,124.326,185.311,252.937,259.307,249.722,218.449,1.043
0,-84,97.755,1.629,2.605,91.093,184.296,257.109,261.222,251.4,216.749,1.058
0,-111,118.33,1.972,2.788,81.707,185.443,262.162,261.369,248.403,214.87,1.085
0,-132,137.928,2.299,2.847,96.255,185.284,265.036,264.11,250.601,217.69,1.086
0,-164,166.373,2.773,2.972,158.71,177.629,261.605,267.884,251.629,221.382,1.059
0,-194,194.743,3.246,3.054,218.057,173.738,266.101,265.149,247.631,212.269,1.101
0,-210,210.193,3.503,3.099,268.745,174.485,261.859,258.652,233.555,134.078,1.254
0,-241,241.102,4.018,-3.113,376.48,165.048,260.309,249.58,233.692,206.62,1.132
0,-244,245.082,4.085,-3.048,413.818,161.003,249.874,258.801,137.186,99.745,1.512
0,-244,246.941,4.116,-2.987,436.867,166.108,254.466,256.603,220.418,116.276,1.287
0,-245,251.098,4.185,-2.921,497.791,162.117,253.645,259.825,143.224,94.847,1.528
0,-238,245.447,4.091,-2.895,515.49,163.771,253.397,243.167,206.787,133.454,1.303
0,-222,230.228,3.837,-2.873,542.653,165.846,254.566,218.296,141.365,105.076,1.643
0,-201,208.926,3.482,-2.865,563.298,183.199,252.42,252.676,226.153,224.109,1.077
0,-177,183.657,3.061,-2.872,575.535,169.532,250.928,242.539,236.358,198.98,1.111
0,-152,157.965,2.633,-2.866,568.401,172.514,251.603,253.292,234.034,203.502,1.093
0,-121,125.686,2.095,-2.868,543.038,176.98,251.813,258.936,253.442,224.522,1.025
0,-83,84.172,1.403,-2.974,470.306,179.067,254.827,262.275,257.721,228.758,1.021
0,-21,30.414,0.507,2.333,445.61,183.003,263.205,258.985,258.24,229.613,1.057
0,77,77.414,1.29,0.104,141.824,181.342,251.072,256.416,251.803,226.108,1.026
0,92,92.266,1.538,0.076,110.39,181.077,254.786,259.307,255.838,223.555,1.035
0,124,124.403,2.073,0.08,116.387,176.162,258.496,263.865,257.948,222.036,1.043
0,151,151.162,2.519,0.046,114.935,153.551,264.379,274.235,249.425,236.136,1.044
0,177,177.282,2.955,0.056,135.0,160.078,266.603,275.661,256.07,212.659,1.074
0,196,196.308,3.272,0.056,158.405,160.078,269.046,269.898,260.68,222.32,1.072
0,209,209.774,3.496,0.086,196.4,162.197,269.898,277.901,267.606,239.117,1.032
0,225,225.801,3.763,0.084,231.041,165.303,274.614,285.512,267.419,229.924,1.052
0,236,237.118,3.952,0.097,264.741,166.46,274.221,289.401,276.407,240.244,1.021
0,238,239.416,3.99,0.109,296.675,167.872,275.902,294.478,278.771,241.033,1.016
0,239,240.875,4.015,0.125,337.037,165.097,268.405,289.152,272.971,239.426,1.005
0,250,250.2,4.17,0.04,348.323,163.077,263.865,284.201,269.757,234.676,1.004
0,247,247.73,4.129,0.077,365.318,157.003,253.18,275.855,260.665,222.767,1.0
0,254,254.443,4.241,0.059,386.229,167.586,251.336,264.201,241.963,207.858,1.056
0,248,248.974,4.15,0.088,405.908,162.049,244.826,250.138,228.817,192.595,1.094
0,238,239.641,3.994,0.117,422.831,163.478,235.748,236.966,222.036,185.54,1.097
0,219,221.472,3.691,0.15,443.46,174.049,220.928,222.423,213.546,174.771,1.085
0,203,207.714,3.462,0.213,454.07,169.941,220.045,221.472,210.801,178.216,1.081
0,180,187.641,3.127,0.286,456.826,176.4,214.033,229.532,190.394,170.59,1.087
0,148,159.7,2.662,0.385,446.536,177.26,215.232,221.027,226.53,178.017,1.032
0,116,133.959,2.233,0.524,436.0,175.454,242.685,257.194,232.355,169.544,1.105
0,93,117.004,1.95,0.652,430.669,180.347,225.96,271.007,210.611,195.533,1.001
0,59,88.527,1.475,0.841,404.62,181.475,242.893,258.863,244.608,205.119,1.028
0,43,74.632,1.244,0.957,378.846,180.278,253.237,261.013,228.107,200.325,1.102
0,13,49.729,0.829,1.306,349.597,178.941,259.825,260.538,242.231,209.404,1.095
0,-5,37.336,0.622,1.705,312.618,175.046,263.139,268.405,249.624,210.623,1.083
0,-32,41.869,0.698,2.441,268.412,175.841,265.58,274.016,255.039,211.625,1.076
0,-45,52.479,0.875,2.601,221.063,174.614,267.686,275.937,252.842,210.706,1.086
0,-69,70.406,1.173,2.941,163.377,176.819,269.05,277.2,253.647,212.53,1.086
0,-95,95.635,1.594,-3.026,118.258,177.102,267.367,273.178,251.311,210.238,1.092
0,-115,118.849,1.981,-2.886,60.415,172.285,264.008,269.774,246.789,208.435,1.092
0,-151,167.287,2.788,-2.697,41.617,165.774,262.52,265.498,241.847,204.832,1.106
0,-156,175.317,2.922,-2.668,93.193,159.314,258.141,259.401,237.693,200.062,1.111
0,-156,175.317,2.922,-2.668,93.193,159.314,258.141,259.401,237.693,200.062,1.111
0,-156,175.317,2.922,-2.668,93.193,159.314,258.141,259.401,237.693,200.062,1.111
0,-156,175.317,2.922,-2.668,93.193,159.314,258.141,259.401,237.693,200.062,1.111
0,-175,200.572,3.343,-2.631,265.731,154.635,250.912,251.811,233.345,201.638,1.096
0,-182,215.288,3.588,-2.578,341.006,142.127,239.733,243.403,229.107,197.203,1.074
0,-184,220.771,3.68,-2.556,377.33,124.258,226.744,229.314,216.002,188.82,1.073
0,-191,232.175,3.87,-2.537,426.62,115.039,216.005,210.535,200.771,175.901,1.104
0,-194,241.603,4.027,-2.503,480.283,104.005,205.801,208.01,197.003,168.861,1.076
0,-175,228.548,3.809,-2.443,496.158,88.142,194.7,198.035,180.56,159.399,1.086
0,-162,216.086,3.601,-2.418,517.035,74.108,184.665,185.068,170.906,155.541,1.083
0,-140,193.104,3.218,-2.382,507.992,60.0,180.278,169.499,176.664,179.201,1.029
0,-116,174.23,2.904,-2.299,484.6,44.777,183.935,194.201,126.151,184.068,1.094
0,-97,144.423,2.407,-2.307,449.929,58.898,197.608,201.921,89.56,175.103,1.271
0,-78,125.252,2.088,-2.243,410.972,70.605,204.071,216.529,215.671,194.366,0.977
0,-46,94.021,1.567,-2.082,366.661,83.63,209.678,225.02,213.776,202.882,0.98
0,-13,65.307,1.088,-1.771,327.0,87.801,215.102,235.255,220.857,200.352,0.983
0,10,50.99,0.85,-1.373,281.299,97.324,225.08,242.786,237.523,203.295,0.988
0,48,60.605,1.01,-0.657,199.92,103.121,235.771,250.539,244.297,199.361,1.019
0,63,69.354,1.156,-0.431,179.413,107.117,240.759,257.624,250.635,215.808,0.998
0,84,88.233,1.471,-0.311,162.003,108.042,242.887,264.715,245.367,209.275,1.013
0,106,108.683,1.811,-0.223,146.322,123.016,244.904,251.104,234.389,200.36,1.071
0,122,127.201,2.12,-0.287,101.607,127.035,239.821,245.226,221.551,190.672,1.094
0,133,139.778,2.33,-0.313,101.0,131.004,236.191,236.028,199.211,171.642,1.168
0,139,146.731,2.446,-0.326,105.948,130.004,230.054,238.416,193.404,154.263,1.178
0,146,154.324,2.572,-0.33,120.673,137.033,224.964,231.502,176.309,101.079,1.326
0,148,155.901,2.598,-0.32,139.176,142.004,224.45,222.971,140.684,92.195,1.477
0,148,155.589,2.593,-0.314,154.042,159.531,224.207,210.381,130.782,85.0,1.578
0,146,153.379,2.556,-0.311,169.003,166.868,220.731,207.348,109.124,64.382,1.739
0,138,144.544,2.409,-0.302,183.992,165.097,214.112,194.7,109.124,65.376,1.74
0,125,129.541,2.159,-0.266,218.838,160.125,213.335,194.62,73.0,70.831,1.891
0,116,117.712,1.962,-0.171,235.637,145.382,209.124,192.481,84.599,70.612,1.804
0,103,103.586,1.726,-0.106,258.677,153.31,211.473,192.354,72.18,56.462,1.976
0,82,82.055,1.368,0.037,266.312,179.611,190.011,164.438,146.113,124.427,1.31
0,66,66.37,1.106,0.106,262.488,176.051,210.924,185.097,173.185,149.857,1.245
0,50,54.626,0.91,0.415,250.492,182.222,221.269,207.885,179.611,142.425,1.253
0,32,43.186,0.72,0.736,228.443,179.011,212.445,202.98,107.517,88.204,1.599
0,11,46.325,0.772,1.331,205.767,172.722,223.188,213.74,141.4,101.02,1.468
0,-11,59.034,0.984,1.758,173.968,173.626,227.482,233.857,196.331,168.253,1.14
0,-26,75.611,1.26,1.922,152.329,174.751,229.02,239.71,218.689,166.928,1.099
0,-44,92.179,1.536,2.068,122.0,180.278,234.307,243.731,211.123,161.245,1.141
0,-69,136.693,2.278,2.1,124.338,183.927,231.935,239.708,207.735,166.481,1.133
0,-83,154.237,2.571,2.139,133.869,176.241,229.107,238.562,202.566,157.918,1.147
0,-115,185.852,3.098,2.238,157.064,174.385,226.557,237.002,206.635,164.149,1.118
0,-132,199.06,3.318,2.296,182.428,174.771,223.652,236.358,213.434,166.811,1.088
0,-148,212.869,3.548,2.34,211.192,170.696,225.639,240.753,217.607,170.836,1.076
0,-154,215.678,3.595,2.366,240.41,169.186,224.722,237.588,215.232,173.54,1.076
0,-159,213.846,3.564,2.409,267.591,164.247,223.511,236.326,214.87,180.247,1.062
0,-162,211.518,3.525,2.443,292.308,156.003,223.161,237.002,215.077,181.596,1.057
0,-154,202.181,3.37,2.437,316.792,151.053,222.056,235.053,216.379,184.938,1.047
0,-150,188.404,3.14,2.492,357.761,144.17,219.313,233.002,215.724,183.412,1.041
0,-135,193.768,3.229,2.342,375.842,133.24,218.563,230.0,211.426,186.497,1.044
0,-129,185.284,3.088,2.341,381.965,124.101,218.769,230.228,212.302,184.296,1.047
0,-123,175.368,2.923,2.348,389.625,121.004,218.504,232.398,214.112,184.7,1.039
0,-129,170.182,2.836,2.431,416.454,119.067,219.729,229.941,211.021,182.082,1.058
0,-135,166.235,2.771,2.519,416.425,113.358,219.611,231.935,212.624,183.096,1.05
0,-133,155.724,2.595,2.595,426.175,112.294,220.118,232.28,212.455,184.678,1.049
0,-131,140.577,2.343,2.77,432.145,112.379,221.118,226.142,207.885,185.3,1.071
0,-125,130.943,2.182,2.839,418.016,106.32,224.009,228.079,211.294,185.97,1.075
0,-106,114.769,1.913,2.748,394.289,96.664,228.548,225.46,204.475,178.045,1.128
0,-86,99.479,1.658,2.615,370.871,92.358,214.721,216.002,206.874,184.166,1.061
0,-40,79.756,1.329,2.096,334.009,92.005,212.002,218.552,202.094,179.234,1.06
0,-33,65.0,1.083,2.103,305.944,86.371,211.249,229.14,196.469,171.68,1.061
0,-3,48.094,0.802,1.633,193.768,80.61,206.737,225.144,199.06,173.485,1.038
0,13,50.695,0.845,1.311,177.178,79.981,202.805,222.428,198.245,174.668,1.022
0,33,48.104,0.802,0.815,166.571,73.593,197.57,218.888,194.982,172.595,1.011
0,53,59.481,0.991,0.471,124.78,71.505,198.091,218.009,191.4,166.82,1.031
0,73,76.243,1.271,0.293,117.712,67.897,195.064,214.238,196.329,171.143,1.006
0,83,85.615,1.427,0.248,103.121,68.819,189.676,205.913,187.385,165.158,1.019
0,105,105.683,1.761,0.114,93.408,63.514,187.259,200.34,178.869,159.013,1.044
0,131,131.015,2.184,-0.015,105.683,65.192,185.065,201.4,177.003,151.822,1.047
0,144,144.125,2.402,-0.042,121.078,73.348,184.049,196.431,173.416,150.137,1.062
0,167,167.765,2.796,-0.096,148.661,73.164,179.234,192.463,166.436,154.055,1.048
0,182,182.617,3.044,-0.082,166.973,75.895,172.708,190.0,165.723,150.003,1.025
0,188,189.169,3.153,-0.111,184.816,80.006,165.36,186.59,159.05,148.973,1.003
0,188,189.169,3.153,-0.111,184.816,80.006,165.36,186.59,159.05,148.973,1.003
0,188,189.169,3.153,-0.111,184.816,80.006,165.36,186.59,159.05,148.973,1.003
0,188,189.169,3.153,-0.111,184.816,80.006,165.36,186.59,159.05,148.973,1.003
0,193,196.705,3.278,-0.194,362.271,80.654,158.836,181.574,157.813,146.973,0.98
0,188,189.929,3.165,-0.143,387.621,86.833,144.693,163.414,149.003,137.528,0.965
0,181,183.153,3.053,-0.153,398.177,92.418,134.417,154.952,142.594,136.341,0.929
0,164,166.373,2.773,-0.169,402.087,108.467,113.899,124.952,122.984,129.988,0.904
0,146,147.648,2.461,-0.15,395.588,120.071,66.31,68.877,84.054,103.315,0.776
0,129,129.19,2.153,-0.054,368.816,158.777,125.16,90.802,35.228,31.016,2.391
0,110,110.018,1.834,-0.018,343.572,178.877,150.416,122.197,85.0,18.439,2.0
0,93,93.022,1.55,-0.022,316.244,193.912,184.272,172.627,144.627,96.519,1.336
0,76,76.026,1.267,-0.026,288.73,205.119,199.492,188.303,163.083,124.724,1.257
0,53,53.085,0.885,0.057,262.057,204.287,203.571,188.725,162.856,126.384,1.278
0,34,34.132,0.569,-0.088,237.929,197.466,216.067,204.883,181.618,132.91,1.248
0,17,18.385,0.306,-0.391,206.247,193.205,212.927,194.023,166.012,131.518,1.3
0,2,13.153,0.219,-1.418,168.621,178.885,211.851,198.6,170.344,142.271,1.243
0,-13,21.401,0.357,-2.224,131.046,171.732,206.495,204.475,196.367,163.878,1.097
0,-26,33.422,0.557,-2.462,70.838,163.686,200.122,198.6,183.003,140.357,1.15
0,-40,52.498,0.875,-2.437,31.016,164.283,191.175,193.414,167.92,111.866,1.212
0,-48,65.115,1.085,-2.4,57.775,152.463,178.869,174.806,133.645,94.048,1.333
0,-56,79.906,1.332,-2.347,92.396,137.993,172.2,154.987,109.622,79.48,1.501
0,-62,86.977,1.45,-2.364,162.388,137.801,166.208,150.814,106.55,75.611,1.497
0,-68,103.479,1.725,-2.288,215.149,147.472,171.406,155.657,109.444,80.753,1.487
0,-78,116.103,1.935,-2.307,242.26,163.811,182.222,164.754,113.886,82.492,1.514
0,-87,130.3,2.172,-2.302,262.787,175.514,187.489,167.815,117.478,87.006,1.511
0,-92,143.402,2.39,-2.267,278.729,184.808,205.806,174.471,126.752,93.048,1.566
0,-96,152.895,2.548,-2.25,294.146,190.097,220.495,180.867,134.536,105.005,1.573
0,-91,157.867,2.631,-2.185,306.415,195.602,227.068,192.416,146.003,121.413,1.481
0,-95,170.018,2.834,-2.164,326.038,193.313,225.375,186.132,143.224,118.95,1.508
0,-97,183.698,3.062,-2.127,343.74,187.641,212.615,188.664,142.004,115.624,1.429
0,-95,190.394,3.173,-2.093,356.059,187.459,209.172,199.882,146.986,112.04,1.367
0,-90,193.238,3.221,-2.055,364.716,197.327,198.157,161.969,116.499,87.573,1.624
0,-84,194.116,3.235,-2.018,371.619,89.14,108.904,126.507,120.934,103.755,0.93
0,-59,186.574,3.11,-1.893,382.154,68.118,138.177,150.333,146.414,136.971,0.956
0,-45,170.062,2.834,-1.839,374.172,60.075,148.098,157.747,160.59,143.892,0.961
0,-31,165.922,2.765,-1.759,363.496,55.036,158.673,172.351,177.178,158.959,0.936
0,15,165.68,2.761,-1.48,345.828,64.125,170.426,182.003,182.132,168.751,0.959
0,40,151.38,2.523,-1.303,302.597,69.123,177.496,186.807,198.116,168.107,0.963
0,53,184.765,3.079,-1.28,220.045,76.4,178.718,181.232,196.797,175.411,0.969
0,58,172.07,2.868,-1.227,166.883,83.241,179.101,174.542,194.196,176.185,0.986
0,70,165.529,2.759,-1.134,114.586,84.202,180.025,193.706,198.769,184.589,0.936
0,98,165.206,2.753,-0.936,54.203,86.729,187.171,201.157,210.19,189.18,0.935
0,127,168.015,2.8,-0.714,14.422,87.464,185.456,205.431,212.207,192.427,0.912
0,142,163.478,2.725,-0.518,44.598,87.727,185.559,210.642,210.219,200.302,0.896
0,157,170.699,2.845,-0.403,91.81,89.051,181.805,216.749,216.899,204.431,0.855
0,166,176.173,2.936,-0.341,131.765,94.366,182.168,222.182,224.956,212.426,0.829
0,164,171.164,2.853,-0.29,160.178,98.489,185.054,224.009,229.996,212.85,0.833
0,153,155.364,2.589,-0.175,172.699,101.98,185.54,224.571,227.607,213.251,0.836
0,118,118.714,1.979,-0.11,179.075,113.464,195.727,216.12,218.021,208.734,0.913
0,116,116.43,1.941,0.086,195.205,129.283,188.68,225.568,206.7,191.901,0.907
0,112,115.209,1.92,0.237,204.475,155.467,223.958,229.166,210.647,175.263,1.092
0,110,115.135,1.919,0.3,203.502,168.882,244.076,244.477,213.776,151.076,1.202
0,92,102.859,1.714,0.464,204.247,174.634,249.159,241.646,210.297,167.359,1.207
0,93,105.119,1.752,0.485,209.619,178.732,249.898,247.396,214.849,170.141,1.185
0,86,103.73,1.729,0.593,207.562,181.554,248.169,248.556,214.553,177.924,1.161
0,69,87.618,1.46,0.664,216.116,182.543,245.703,252.62,221.326,179.789,1.128
0,45,67.268,1.121,0.838,213.928,184.895,244.168,253.645,234.009,189.447,1.082
0,15,62.817,1.047,1.33,197.312,181.571,241.76,248.212,227.407,181.395,1.104
0,-4,59.135,0.986,1.638,175.787,176.006,236.292,249.239,234.401,188.915,1.054
0,-24,53.666,0.894,2.034,145.221,166.412,232.407,244.381,224.243,176.955,1.08
0,-46,59.666,0.994,2.451,137.233,160.415,225.869,244.074,222.182,174.485,1.058
0,-64,72.471,1.208,2.653,124.201,162.373,227.178,243.187,217.754,175.866,1.07
0,-78,88.119,1.469,2.658,94.81,163.355,241.299,252.179,227.548,183.861,1.091
0,-81,84.481,1.408,2.854,118.929,163.67,247.487,256.562,228.974,170.485,1.132
0,-80,82.97,1.383,2.873,136.297,161.335,238.648,241.299,191.846,173.643,1.18
0,-69,74.095,1.235,2.769,134.104,156.646,242.528,246.138,200.002,176.785,1.168
0,-55,62.65,1.044,2.642,121.458,153.379,246.219,251.336,232.181,190.074,1.097
0,-47,53.712,0.895,2.636,90.62,160.605,230.054,247.194,240.635,205.0,0.996
0,-30,41.037,0.684,2.391,64.413,176.182,229.105,240.651,228.845,198.645,1.029
0,-3,36.125,0.602,1.654,39.115,180.834,239.353,244.755,225.02,194.363,1.081
0,10,36.401,0.607,1.292,17.117,175.864,245.459,247.251,225.887,193.29,1.105
0,33,43.932,0.732,0.721,37.162,188.215,253.728,244.369,221.779,191.838,1.157
0,51,60.208,1.003,0.56,76.792,186.682,239.56,216.947,196.901,167.431,1.236
0,70,77.82,1.297,0.452,128.561,169.186,221.822,218.002,187.619,148.809,1.2
0,82,90.377,1.506,0.434,173.349,187.043,197.145,163.248,149.616,123.065,1.357
0,92,101.98,1.7,0.446,211.192,201.221,168.576,124.169,115.745,93.862,1.515
0,102,110.309,1.838,0.391,234.077,191.606,144.222,74.277,67.052,64.498,2.102
0,102,111.485,1.858,0.415,264.017,156.732,106.174,32.696,33.015,50.606,2.738
0,93,103.755,1.729,0.459,291.043,145.825,95.483,44.283,48.104,84.054,1.623
0,88,100.24,1.671,0.499,295.027,133.364,97.417,65.803,68.6,101.415,1.239
0,82,92.13,1.536,0.473,323.619,130.614,98.387,87.664,96.519,110.68,1.001
0,77,90.211,1.504,0.548,330.189,119.854,102.181,107.564,111.866,113.177,0.922
0,73,86.284,1.438,0.562,312.444,122.972,103.87,108.24,118.106,127.624,0.88
0,66,80.449,1.341,0.609,294.335,117.631,111.615,119.105,128.973,132.88,0.879
0,64,76.551,1.276,0.581,264.683,105.513,118.849,137.244,143.534,142.636,0.842
0,55,68.007,1.133,0.629,231.311,95.567,120.839,152.161,154.932,153.222,0.788
0,46,62.968,1.049,0.752,200.202,84.291,143.785,168.238,173.217,166.352,0.849
0,31,49.041,0.817,0.887,127.487,82.006,147.98,177.485,179.176,170.414,0.842
0,11,34.785,0.58,1.249,121.84,81.099,159.906,185.586,188.162,174.828,0.874
0,6,39.459,0.658,1.418,62.201,76.485,174.04,197.669,197.223,182.584,0.904
0,-9,33.242,0.554,1.845,20.1,70.007,181.339,205.682,204.0,188.043,0.91
0,-14,30.414,0.507,2.049,49.93,77.698,192.151,213.216,207.589,191.024,0.942
0,-39,46.872,0.781,2.554,93.434,81.4,203.421,216.585,209.747,193.003,0.985
0,-52,53.6,0.893,2.897,135.326,87.727,215.244,212.72,209.974,196.38,1.043
0,-57,59.203,0.987,2.868,159.665,92.195,225.009,205.431,210.021,201.189,1.095
0,-95,96.881,1.615,2.944,166.388,94.578,234.559,185.44,205.197,206.495,1.178
0,-112,113.137,1.886,3.0,162.865,91.788,236.415,196.698,199.912,186.987,1.215
0,-128,129.711,2.162,2.979,177.291,79.624,236.256,199.625,201.358,195.602,1.188
0,-124,124.68,2.078,3.037,167.323,83.006,237.217,207.461,207.576,197.274,1.162
0,-127,127.566,2.126,3.047,158.71,74.465,232.484,214.786,211.092,200.062,1.114
0,-133,133.843,2.231,3.029,149.084,75.961,231.106,208.923,209.022,198.842,1.124
0,-140,140.431,2.341,3.063,143.171,65.307,228.316,212.474,206.693,191.05,1.122
0,-131,131.061,2.184,3.111,148.486,70.711,232.499,211.078,209.602,186.81,1.148
0,-134,134.837,2.247,3.03,164.615,69.26,233.335,210.602,207.328,186.807,1.158
0,-125,126.59,2.11,2.983,175.756,67.119,240.052,217.039,207.617,193.807,1.164
0,-108,109.33,1.822,2.985,188.282,63.071,238.137,215.337,204.749,192.52,1.166
0,-82,82.006,1.367,-3.129,188.409,59.304,236.772,211.454,201.4,190.591,1.177
0,-41,41.976,0.7,-2.926,189.929,61.984,233.927,206.712,197.752,185.607,1.189
0,-24,33.941,0.566,-2.356,192.762,62.29,230.358,204.137,192.284,183.698,1.191
0,-10,30.676,0.511,-1.903,185.084,69.462,220.036,204.414,184.024,174.29,1.173
0,2,31.064,0.518,-1.506,179.047,89.872,214.555,201.556,182.784,165.276,1.171
0,18,39.357,0.656,-1.096,170.658,103.325,211.896,203.59,181.571,165.922,1.154
0,16,36.674,0.611,-1.119,158.382,112.432,211.4,197.474,183.153,159.477,1.174
0,22,35.609,0.593,-0.905,148.489,120.88,214.394,197.294,177.138,152.82,1.22
0,27,31.906,0.532,-0.562,129.402,134.201,217.83,204.636,153.222,137.801,1.318
0,36,36.674,0.611,-0.192,121.643,146.168,221.02,158.146,141.315,126.574,1.556
0,40,40.012,0.667,0.025,89.185,154.185,198.6,176.139,148.708,121.017,1.336
0,44,45.88,0.765,0.287,59.093,155.184,180.447,179.101,159.656,128.503,1.159
0,46,56.613,0.944,0.622,25.495,169.523,245.122,207.639,195.208,139.284,1.356
0,43,65.947,1.099,0.861,17.0,169.85,229.817,238.21,191.771,134.648,1.221
0,41,81.988,1.366,1.047,55.317,175.414,222.423,216.002,179.48,154.159,1.214
0,36,93.231,1.554,1.174,82.42,173.612,229.382,231.216,213.638,165.109,1.128
0,28,96.167,1.603,1.275,114.809,176.638,245.153,237.171,219.046,172.192,1.17
0,14,98.005,1.633,1.427,149.402,180.136,252.2,251.127,227.706,177.485,1.153
0,-1,96.005,1.6,1.581,168.119,183.003,258.242,256.759,229.438,178.272,1.166
0,-20,91.22,1.52,1.792,176.204,181.099,257.769,260.931,229.957,186.215,1.142
0,-36,92.309,1.538,1.971,180.613,180.225,261.094,261.939,230.868,188.725,1.149
0,-60,102.416,1.707,2.197,189.708,180.71,261.62,265.045,235.468,192.51,1.133
0,-98,123.406,2.057,2.488,196.352,181.0,265.827,266.627,235.553,194.833,1.144
0,-107,130.668,2.178,2.53,205.789,180.006,267.615,266.222,235.705,196.657,1.149
0,-113,130.863,2.181,2.613,219.338,177.634,262.292,265.445,236.597,197.752,1.124
0,-134,148.933,2.482,2.69,258.213,173.142,260.572,265.149,236.516,199.138,1.115
0,-149,159.176,2.653,2.782,325.154,169.003,259.946,264.881,238.472,202.193,1.105
0,-149,155.081,2.585,2.861,372.324,165.027,255.83,264.32,241.357,198.879,1.089
0,-163,165.061,2.751,2.983,398.915,162.308,255.267,266.293,241.671,198.91,1.083
0,-171,172.052,2.868,3.031,413.484,153.834,250.96,262.053,243.526,196.01,1.073
0,-162,162.151,2.703,3.098,422.057,149.091,249.323,259.494,242.39,200.644,1.065
0,-157,157.003,2.617,-3.135,420.595,137.768,243.578,254.849,233.112,195.533,1.069
0,-149,149.272,2.488,-3.081,416.368,128.413,236.856,249.064,227.009,192.51,1.063
0,-140,140.801,2.347,-3.035,393.402,123.911,238.296,250.05,227.759,195.0,1.063
0,-133,134.974,2.25,-2.97,377.669,120.503,239.002,246.757,221.732,191.426,1.087
0,-126,129.074,2.151,-2.923,359.45,114.63,233.976,244.493,219.738,188.043,1.076
0,-105,109.202,1.82,-2.863,339.308,116.039,237.674,238.304,218.9,188.558,1.104
0,-86,90.758,1.513,-2.816,324.446,104.235,225.801,235.213,215.114,189.264,1.059
0,-59,67.119,1.119,-2.645,298.53,92.542,234.759,230.209,213.46,196.652,1.1
0,-40,54.489,0.908,-2.395,272.369,77.104,221.0,233.985,218.929,180.898,1.046
0,-18,38.471,0.641,-2.058,190.707,72.691,216.982,211.026,206.002,175.855,1.098
0,13,28.178,0.47,-1.091,182.165,74.953,215.761,171.747,170.988,168.467,1.266
0,29,39.623,0.66,-0.75,170.426,72.277,214.895,221.653,194.538,178.34,1.084
0,52,54.12,0.902,-0.281,124.868,70.52,210.737,221.617,195.98,178.104,1.061
0,64,64.498,1.075,-0.124,121.149,59.464,210.193,219.829,194.494,171.143,1.077
0,87,87.092,1.452,-0.046,129.004,63.64,203.796,208.557,189.402,168.315,1.08
0,95,95.021,1.584,0.021,145.066,70.859,195.028,200.025,165.517,152.895,1.129
0,106,106.118,1.769,0.047,158.319,79.906,187.216,187.211,165.024,149.466,1.119
0,118,118.343,1.972,0.076,173.358,83.361,178.709,177.598,161.059,142.636,1.114
0,138,138.813,2.314,0.108,187.971,88.074,172.308,169.402,148.007,138.101,1.135
0,151,151.119,2.519,0.04,215.077,93.145,161.978,156.285,146.891,135.015,1.109
0,161,161.078,2.685,0.031,237.245,97.406,151.212,153.013,146.031,122.004,1.077
0,161,161.078,2.685,0.031,237.245,97.406,151.212,153.013,146.031,122.004,1.077
0,161,161.078,2.685,0.031,237.245,97.406,151.212,153.013,146.031,122.004,1.077
0,161,161.078,2.685,0.031,237.245,97.406,151.212,153.013,146.031,122.004,1.077
0,174,183.098,3.052,0.317,483.108,108.268,126.016,122.776,120.337,112.805,1.062
0,206,211.294,3.522,0.224,461.313,130.495,96.167,67.801,72.835,100.17,1.198
0,214,219.764,3.663,0.23,469.691,138.004,88.685,63.071,55.109,79.379,1.347
0,211,214.22,3.57,0.174,472.95,150.233,109.225,53.151,36.878,67.683,2.078
0,202,204.216,3.404,0.147,479.167,169.673,139.786,90.554,45.607,57.559,2.165
0,197,200.445,3.341,0.186,466.275,166.883,144.267,92.655,51.196,50.09,2.232
0,180,183.565,3.059,0.197,458.577,166.721,154.019,105.361,63.246,41.0,2.204
0,166,170.52,2.842,0.231,435.178,175.137,164.73,119.017,73.783,28.178,2.236
0,152,155.756,2.596,0.22,420.002,170.074,162.985,126.21,76.026,26.907,2.134
0,129,133.664,2.228,0.265,397.725,169.779,161.941,126.827,80.604,25.807,2.083
0,117,121.297,2.022,0.267,376.586,172.244,155.653,127.581,84.291,22.847,1.989
0,97,100.424,1.674,0.262,362.311,175.171,165.946,139.517,94.763,28.071,1.898
0,77,80.654,1.344,0.302,334.024,170.511,172.708,143.45,99.905,30.017,1.895
0,61,64.195,1.07,0.317,319.19,174.723,187.949,160.031,118.191,38.275,1.782
0,48,49.729,0.829,0.264,298.543,187.257,209.745,182.989,139.617,52.631,1.677
0,39,39.0,0.65,0.0,261.297,197.909,226.02,205.295,160.59,70.937,1.552
0,30,33.541,0.559,-0.464,234.77,208.691,237.154,220.229,181.342,98.234,1.423
0,20,36.892,0.615,-0.998,203.273,209.06,241.232,230.083,185.324,102.391,1.398
0,10,44.147,0.736,-1.342,168.573,215.379,246.051,234.917,193.706,113.952,1.36
0,4,62.129,1.035,-1.506,144.534,218.073,248.02,238.12,191.086,119.419,1.356
0,2,81.025,1.35,-1.546,124.74,222.41,249.538,240.244,197.692,131.015,1.316
0,3,100.045,1.667,-1.541,127.315,223.987,246.976,236.913,195.318,136.444,1.303
0,4,116.069,1.934,-1.536,133.825,180.488,244.812,245.489,207.408,153.574,1.211
0,2,121.017,2.017,-1.554,136.312,176.082,242.192,242.464,205.002,146.492,1.223
0,6,124.145,2.069,-1.522,146.168,180.006,236.476,235.104,197.124,140.089,1.24
0,4,123.065,2.051,-1.538,164.76,212.53,237.076,230.035,187.451,133.33,1.291
0,4,120.067,2.001,-1.537,187.523,210.687,238.019,223.002,174.485,118.849,1.383
0,-1,123.004,2.05,-1.579,211.358,212.897,221.326,198.305,143.753,105.683,1.483
0,-8,123.26,2.054,-1.636,227.706,195.563,209.38,181.463,131.605,94.847,1.54
0,1,118.004,1.967,-1.562,246.138,87.006,85.041,115.256,128.281,118.106,0.705
0,-21,121.824,2.03,-1.744,237.438,98.473,53.038,103.392,118.512,125.355,0.458
0,-51,123.065,2.051,-1.998,275.601,95.441,62.073,120.416,142.302,137.321,0.465
0,-56,123.434,2.057,-2.042,254.031,91.439,60.017,116.103,141.45,145.399,0.447
0,-67,124.555,2.076,-2.139,232.142,90.554,65.307,127.413,149.482,151.921,0.457
0,-88,128.035,2.134,-2.329,218.68,83.096,74.947,131.795,154.208,158.773,0.506
0,-84,121.655,2.028,-2.333,217.451,75.166,80.112,135.871,159.665,163.049,0.524
0,-85,117.414,1.957,-2.38,210.545,77.524,81.597,125.865,151.013,161.966,0.558
0,-89,114.477,1.908,-2.461,199.023,81.541,80.994,128.082,155.872,164.915,0.541
0,-81,104.484,1.741,-2.458,191.207,69.642,89.157,138.105,161.756,172.409,0.566
0,-72,90.0,1.5,-2.498,180.693,74.706,91.548,133.66,157.051,170.097,0.596
0,-64,77.104,1.285,-2.55,171.406,66.189,103.87,145.0,165.653,171.773,0.646
0,-55,65.734,1.096,-2.562,145.691,63.695,116.692,146.649,167.601,175.866,0.714
0,-35,44.822,0.747,-2.467,114.586,61.522,137.899,169.623,184.043,177.992,0.778
0,-27,32.45,0.541,-2.554,83.6,70.831,151.921,179.179,191.05,183.172,0.824
0,-24,25.298,0.422,-2.82,50.774,71.868,165.895,195.888,197.952,180.314,0.867
0,-25,25.71,0.428,2.906,29.12,78.032,174.195,201.693,205.232,182.628,0.886
0,-24,29.411,0.49,2.525,13.038,84.22,189.842,210.706,215.873,197.003,0.913
0,-15,31.765,0.529,2.063,14.318,91.924,199.912,220.477,217.506,200.529,0.939
0,-12,34.176,0.57,1.93,22.804,97.949,206.981,223.652,219.666,197.307,0.969
0,-8,41.773,0.696,1.763,31.623,99.569,212.426,230.79,225.488,201.42,0.969
0,-9,42.953,0.716,1.782,34.482,110.145,218.083,234.401,225.763,204.137,0.985
0,-7,45.541,0.759,1.725,40.792,113.649,220.045,233.976,225.488,201.804,0.998
0,-14,49.041,0.817,1.86,40.817,117.337,219.857,235.372,227.982,203.089,0.99
0,-14,50.961,0.849,1.849,45.607,123.976,214.255,232.545,223.134,197.284,0.984
0,-17,51.865,0.864,1.905,46.755,129.63,216.123,231.041,219.802,193.794,1.006
0,-24,54.562,0.909,2.026,51.624,141.485,222.144,225.96,215.26,184.629,1.065
0,-42,63.032,1.051,2.3,54.129,141.45,212.941,243.528,214.721,177.282,1.005
0,-57,81.32,1.355,2.347,61.984,138.539,201.95,208.626,204.619,161.227,1.055
0,-73,97.745,1.629,2.414,79.63,155.926,186.944,211.092,201.159,166.94,0.968
0,-94,95.189,1.586,2.983,332.94,155.184,172.169,202.158,63.198,56.859,1.603
0,-135,138.293,2.305,2.923,318.693,158.095,218.103,202.092,155.048,79.429,1.499
0,-155,157.69,2.628,2.957,345.117,166.688,209.153,217.442,167.529,127.252,1.225
0,-162,167.108,2.785,2.894,359.001,171.732,216.633,211.102,210.623,158.013,1.121
0,-164,169.544,2.826,2.885,376.005,170.018,222.913,221.416,191.638,156.042,1.175
0,-168,172.244,2.871,2.919,370.005,173.367,232.142,233.624,213.785,168.345,1.131
0,-163,167.836,2.797,2.901,369.0,178.101,239.76,241.299,219.713,170.628,1.139
0,-164,168.345,2.806,2.914,358.022,179.847,241.133,245.864,222.279,175.602,1.124
0,-165,171.026,2.85,2.875,354.013,181.033,242.662,246.812,223.66,176.819,1.125
0,-156,163.218,2.72,2.843,347.001,180.05,245.815,251.127,229.369,183.731,1.11
0,-152,161.307,2.688,2.8,340.006,178.709,244.935,251.748,230.868,187.928,1.096
0,-145,158.095,2.635,2.732,333.074,177.071,242.002,250.416,230.673,187.409,1.086
0,-141,157.42,2.624,2.681,306.79,177.248,240.185,249.73,232.452,193.494,1.066
0,-132,154.35,2.573,2.597,283.833,174.929,238.556,248.928,233.414,195.556,1.056
0,-130,155.322,2.589,2.563,263.865,173.738,235.357,247.693,232.665,197.8,1.041
0,-112,146.219,2.437,2.443,243.13,171.657,234.798,245.601,228.484,192.8,1.056
0,-97,148.165,2.469,2.285,227.308,172.491,233.908,242.8,225.701,190.602,1.065
0,-83,144.267,2.404,2.184,214.723,169.664,230.783,240.84,221.38,184.253,1.071
0,-71,142.888,2.381,2.091,201.814,168.502,228.09,239.437,221.38,186.011,1.058
0,-60,144.087,2.401,2.0,196.621,165.873,226.418,238.801,220.617,187.779,1.05
0,-50,145.839,2.431,1.921,192.52,164.879,223.305,234.307,217.111,182.003,1.058
0,-43,146.455,2.441,1.869,193.08,163.783,221.551,232.011,215.002,181.157,1.058
0,-38,145.066,2.418,1.836,191.314,162.604,219.713,229.839,214.311,178.09,1.059
0,-31,141.439,2.357,1.792,188.831,160.611,216.06,227.669,210.107,173.046,1.061
0,-24,139.086,2.318,1.744,179.836,159.531,212.474,225.499,207.966,172.363,1.052
0,-18,135.204,2.253,1.704,175.285,160.702,210.706,222.576,205.183,168.241,1.061
0,-12,131.548,2.192,1.662,177.868,159.138,211.74,220.907,201.137,166.09,1.08
0,4,134.06,2.234,1.541,162.693,158.269,210.983,219.367,199.905,163.768,1.086
0,25,135.329,2.255,1.385,151.921,156.285,209.755,220.002,201.973,163.294,1.075
0,30,132.442,2.207,1.342,107.117,158.808,209.619,219.367,200.472,164.347,1.076
0,50,139.284,2.321,1.204,102.108,159.803,212.229,220.239,201.062,162.496,1.091
0,70,149.412,2.49,1.083,139.086,158.534,212.059,220.411,203.0,163.11,1.085
0,86,158.382,2.64,0.997,128.141,159.531,211.653,219.1,199.484,162.985,1.092
0,92,164.195,2.737,0.976,137.931,157.318,209.418,213.357,195.412,160.125,1.104
0,105,171.026,2.85,0.91,155.039,155.929,207.685,208.741,191.167,160.639,1.112
0,110,177.26,2.954,0.901,174.27,155.425,206.635,205.08,188.404,159.154,1.122
0,117,176.389,2.94,0.846,193.424,154.042,205.061,202.277,184.253,156.263,1.133
0,114,172.154,2.869,0.847,203.081,153.17,203.217,199.905,179.778,152.345,1.146
0,113,171.493,2.858,0.851,213.46,151.585,202.428,194.905,174.152,146.741,1.177
0,108,165.952,2.766,0.862,208.926,148.627,206.119,186.4,174.471,143.405,1.226
0,100,158.521,2.642,0.888,197.185,148.246,210.04,187.771,169.056,134.373,1.283
0,91,153.003,2.55,0.934,188.282,137.379,204.749,172.235,117.546,80.062,1.661
0,78,143.962,2.399,0.998,177.913,132.004,198.769,150.95,93.638,73.437,1.875
0,62,130.648,2.177,1.076,162.012,124.523,205.767,115.039,82.97,64.008,2.356
0,47,119.62,1.994,1.167,147.411,123.037,206.022,111.79,75.186,56.223,2.541
0,34,108.467,1.808,1.252,135.794,122.332,208.926,111.946,73.756,55.326,2.6
0,21,99.247,1.654,1.358,122.784,115.974,205.234,115.694,65.924,50.961,2.647
0,10,91.548,1.526,1.461,108.522,113.455,205.497,116.902,57.315,47.011,2.787
0,1,87.006,1.45,1.559,98.082,110.887,204.475,110.766,49.01,44.418,3.004
0,-7,79.31,1.322,1.659,87.664,104.89,208.279,112.112,48.508,44.204,3.051
0,-12,76.942,1.282,1.727,81.492,106.217,209.659,114.039,45.541,42.012,3.12
0,-16,73.756,1.229,1.789,78.492,108.467,210.829,113.04,39.319,39.825,3.291
0,-20,71.84,1.197,1.853,78.243,108.231,209.669,109.293,36.056,39.051,3.411
0,-21,67.357,1.123,1.888,82.037,111.4,209.067,110.766,38.013,37.736,3.363
0,-21,64.514,1.075,1.902,84.291,108.812,210.851,112.294,41.195,39.446,3.279
0,-23,61.465,1.024,1.954,87.459,110.436,210.623,113.358,43.174,37.696,3.253
0,-22,57.385,0.956,1.964,86.833,114.057,214.441,115.109,47.011,36.346,3.241
0,-18,54.083,0.901,1.91,87.618,118.533,218.929,114.039,49.649,35.128,3.303
0,-16,49.649,0.827,1.899,89.202,118.849,223.134,113.741,49.041,34.366,3.395
0,-14,48.083,0.801,1.866,93.408,117.652,227.982,111.503,50.931,33.377,3.493
0,-11,44.385,0.74,1.821,97.949,116.709,236.038,109.343,54.562,33.242,3.592
0,-5,43.29,0.721,1.687,104.139,118.474,239.353,104.738,59.414,38.013,3.552
0,-4,42.19,0.703,1.666,103.325,116.297,246.108,95.525,58.138,39.85,3.815
0,0,45.0,0.75,1.571,100.449,120.108,250.122,94.112,64.203,45.222,3.687
0,0,44.0,0.733,1.571,89.872,118.6,251.366,93.509,68.264,56.294,3.458
0,0,45.0,0.75,1.571,82.073,118.343,250.529,87.966,64.413,56.569,3.597
0,0,43.0,0.717,1.571,72.918,114.586,247.923,77.897,56.798,51.157,4.002
0,-1,40.012,0.667,1.596,68.25,113.899,244.969,68.622,49.649,44.045,4.528
0,-2,35.057,0.584,1.628,63.82,114.215,249.209,68.622,48.754,43.012,4.661
0,-4,31.257,0.521,1.699,56.613,112.161,250.539,72.25,50.09,44.011,4.518
0,-6,25.71,0.428,1.806,43.829,111.665,254.081,75.073,52.326,46.011,4.396
0,-4,19.416,0.324,1.778,37.336,113.851,256.704,77.233,55.009,48.094,4.27
0,-9,15.811,0.264,2.176,40.804,111.826,257.391,79.398,56.824,50.04,4.146
0,-11,13.038,0.217,2.575,47.011,111.665,256.394,80.056,57.706,52.01,4.053
0,-22,22.023,0.367,-3.096,66.708,110.752,256.33,79.981,57.706,52.01,4.054
0,-37,38.897,0.648,-2.828,90.139,109.786,254.521,79.931,56.824,51.039,4.066
0,-47,49.98,0.833,-2.795,112.894,108.374,253.584,80.66,55.009,49.01,4.119
0,-55,58.523,0.975,-2.793,130.0,106.217,251.334,77.795,53.712,49.041,4.176
0,-60,64.257,1.071,-2.776,146.014,106.888,251.782,74.967,51.884,47.011,4.345
0,-63,68.154,1.136,-2.75,154.149,104.005,249.996,72.835,50.537,46.043,4.427
0,-67,72.236,1.204,-2.759,161.623,104.69,249.996,72.835,51.478,46.011,4.403
0,-68,72.111,1.202,-2.802,162.496,102.552,249.546,70.007,49.193,45.044,4.558
0,-67,70.838,1.181,-2.811,162.003,101.833,248.204,68.593,48.301,45.044,4.598
0,-68,72.111,1.202,-2.802,163.689,103.947,249.098,67.941,48.765,44.011,4.65
0,-62,66.483,1.108,-2.772,158.382,100.419,248.676,65.115,47.885,44.0,4.752
0,-59,63.695,1.062,-2.755,145.582,100.499,249.112,62.968,45.618,43.046,4.929
0,-56,61.327,1.022,-2.722,126.151,102.552,250.89,65.192,46.141,43.012,4.877
0,-53,57.775,0.963,-2.732,104.924,101.863,249.994,63.781,46.141,43.012,4.904
0,-46,51.43,0.857,-2.678,87.556,101.178,249.994,61.717,43.909,43.046,5.045
0,-37,42.059,0.701,-2.646,65.803,101.863,248.204,59.666,43.046,43.046,5.109
0,-29,34.67,0.578,-2.562,47.539,102.533,248.214,60.605,43.566,43.0,5.06
0,-24,31.241,0.521,-2.447,41.231,101.119,245.978,59.816,41.677,42.107,5.139
0,-12,24.187,0.403,-2.09,35.014,101.823,246.473,60.0,42.72,43.0,5.074
0,-8,22.472,0.375,-1.935,35.903,103.238,246.532,58.6,39.446,42.012,5.281
0,-3,21.213,0.354,-1.713,36.77,102.533,247.413,60.0,43.566,43.012,5.064
0,0,16.0,0.267,-1.571,44.294,102.533,246.13,58.249,41.34,42.012,5.215
0,7,14.765,0.246,-1.077,52.154,101.823,246.532,58.009,41.677,44.045,5.146
0,9,13.454,0.224,-0.838,59.363,100.409,245.652,56.036,39.962,42.048,5.338
0,10,12.806,0.213,-0.675,57.489,102.533,243.895,58.009,42.059,44.102,5.075
0,10,11.18,0.186,-0.464,53.74,101.823,246.221,60.0,42.059,44.045,5.056
0,12,13.0,0.217,-0.395,54.037,103.947,246.221,58.523,39.661,41.012,5.307
0,14,15.232,0.254,-0.405,51.865,103.966,246.13,60.208,40.224,39.013,5.295
0,17,18.028,0.3,-0.339,47.413,105.38,246.13,62.682,44.102,40.012,5.03
0,19,20.248,0.337,-0.353,41.146,106.217,246.71,63.285,43.012,40.012,5.059
0,22,23.409,0.39,-0.349,39.0,106.301,245.963,65.734,45.222,42.012,4.824
0,24,26.0,0.433,-0.395,32.894,108.374,247.33,64.661,44.407,41.012,4.944
0,27,28.792,0.48,-0.355,26.306,111.288,244.9,65.513,44.204,39.205,4.933
0,27,29.155,0.486,-0.387,21.095,112.045,246.457,67.742,45.804,40.2,4.809
0,28,29.732,0.496,-0.343,52.498,111.396,246.132,68.264,46.228,40.311,4.77
0,27,29.547,0.492,-0.418,71.84,109.225,245.815,68.264,46.228,38.328,4.826
0,25,27.313,0.455,-0.415,101.71,111.946,244.364,66.888,44.045,38.328,4.911
0,28,30.463,0.508,-0.405,121.754,112.805,242.99,66.242,42.638,38.053,4.961
0,32,33.242,0.554,-0.274,126.649,115.109,242.2,67.535,42.45,36.674,4.954
0,34,34.525,0.575,-0.175,127.201,117.614,243.945,70.214,43.863,36.401,4.863
0,41,41.049,0.684,0.049,131.795,118.406,243.658,70.214,43.863,36.139,4.866
0,41,41.437,0.691,0.145,145.169,118.6,244.295,69.318,43.139,37.656,4.882
0,43,43.417,0.724,0.139,158.152,117.414,244.935,67.082,44.598,37.855,4.914
0,49,49.82,0.83,0.182,161.79,116.829,244.295,68.877,45.277,37.656,4.828
0,53,55.362,0.923,0.293,164.985,114.621,242.539,68.447,44.553,35.903,4.887
0,53,55.973,0.933,0.327,169.756,113.225,240.508,67.543,44.553,35.511,4.888
0,51,55.154,0.919,0.391,172.838,110.209,240.67,66.212,43.186,33.956,5.037
0,53,58.6,0.977,0.441,175.559,111.018,240.84,66.708,41.773,32.558,5.123
0,50,54.626,0.91,0.415,182.617,110.209,240.41,64.885,41.012,34.366,5.142
0,52,56.08,0.935,0.384,192.938,110.436,238.648,67.119,41.725,34.234,5.004
0,51,54.424,0.907,0.357,197.821,108.6,239.008,66.189,41.869,35.128,5.008
0,55,58.189,0.97,0.333,206.874,107.415,238.034,66.641,41.773,35.057,4.977
0,60,63.246,1.054,0.322,213.759,108.227,237.245,66.641,42.638,36.222,4.892
0,64,67.357,1.123,0.317,222.729,107.415,236.631,64.405,41.231,35.057,5.046
0,65,68.308,1.138,0.312,227.794,108.227,237.422,64.846,41.231,36.056,5.011
0,67,70.52,1.175,0.317,239.604,107.648,236.631,66.189,42.012,36.056,4.921
0,69,73.055,1.218,0.335,245.459,107.075,236.019,66.212,41.11,35.128,4.971
0,73,77.492,1.292,0.342,251.287,108.227,236.019,66.648,44.045,37.121,4.79
0,78,81.908,1.365,0.31,260.233,108.005,237.607,65.299,40.46,36.014,5.028
0,85,89.185,1.486,0.308,269.186,109.403,238.034,66.648,42.638,37.121,4.877
0,97,100.17,1.669,0.252,288.25,107.415,237.607,66.189,41.869,36.056,4.946
0,104,107.201,1.787,0.245,306.235,109.202,238.805,67.119,42.802,39.013,4.81
0,111,114.726,1.912,0.256,325.186,106.042,234.094,60.539,39.115,41.11,4.989
0,115,118.849,1.981,0.255,342.177,105.38,218.82,59.203,35.805,43.29,4.747
0,119,122.25,2.037,0.231,355.114,97.082,241.665,56.586,31.906,40.262,5.631
0,124,127.122,2.119,0.222,366.137,98.184,227.035,59.405,37.162,43.012,4.88
0,125,128.32,2.139,0.228,375.161,98.838,242.002,56.08,34.482,41.785,5.486
0,123,126.846,2.114,0.247,382.256,103.078,247.891,59.942,37.363,37.0,5.537
0,124,128.062,2.134,0.253,388.465,102.318,254.043,62.65,41.437,42.048,5.215
0,119,122.723,2.045,0.247,391.736,105.304,253.789,64.622,45.398,44.777,4.918
0,117,120.785,2.013,0.251,390.866,102.84,255.096,67.676,47.096,44.283,4.811
0,112,115.694,1.928,0.253,388.805,106.301,257.008,65.97,45.044,44.418,4.96
1,103,105.991,1.767,0.238,385.686,110.023,257.0,60.415,43.012,42.72,5.276
1,88,90.471,1.508,0.234,372.65,112.787,258.0,64.761,45.011,42.19,5.093
1,73,76.243,1.271,0.293,344.471,106.532,256.049,62.362,42.012,43.046,5.211
1,64,67.052,1.118,0.303,300.734,103.097,259.124,62.362,44.045,48.877,5.006
1,59,64.078,1.068,0.401,243.296,104.087,258.194,59.464,40.05,40.311,5.54
1,52,59.54,0.992,0.509,189.447,103.947,255.566,57.28,41.0,43.417,5.411
1,42,48.374,0.806,0.519,130.311,101.71,258.027,55.785,39.051,43.012,5.615
1,28,30.871,0.515,0.435,84.172,102.396,256.644,57.07,40.311,45.453,5.39
1,21,21.213,0.354,0.142,43.29,101.316,256.135,56.089,41.195,42.802,5.485
1,0,14.0,0.233,-1.571,26.077,104.235,257.529,60.877,42.107,42.202,5.321
1,-4,21.378,0.356,-1.759,39.699,103.044,258.275,59.666,42.19,45.0,5.276
1,-6,23.77,0.396,-1.826,44.204,101.045,257.955,57.07,40.608,44.822,5.431
1,-1,25.02,0.417,-1.611,42.45,101.124,259.268,58.249,41.437,43.6,5.428
1,3,23.195,0.387,-1.441,35.228,101.316,260.1,60.828,42.579,45.0,5.258
1,10,24.166,0.403,-1.144,32.28,105.475,260.99,59.54,42.755,45.607,5.294
1,17,25.495,0.425,-0.841,30.265,101.833,260.0,57.315,40.262,46.098,5.429
1,25,29.682,0.495,-0.569,33.302,103.247,259.756,62.073,46.487,53.759,4.801
1,30,33.106,0.552,-0.437,46.615,107.079,259.083,60.008,45.541,47.424,5.081
1,36,37.947,0.632,-0.322,62.968,108.669,263.795,70.029,50.329,50.21,4.64
1,37,39.56,0.659,-0.362,74.953,113.53,265.036,70.114,52.393,55.172,4.475
1,41,42.72,0.712,-0.285,75.954,116.456,269.453,71.197,51.478,55.444,4.538
1,44,46.819,0.78,-0.349,54.708,115.156,267.866,65.0,53.254,56.613,4.595
1,46,48.703,0.812,-0.335,57.559,115.039,269.883,67.676,56.036,55.803,4.51
1,44,50.12,0.835,-0.499,38.328,118.966,271.503,71.169,53.824,55.0,4.525
1,41,49.649,0.827,-0.599,32.016,117.618,273.251,67.676,53.6,59.641,4.531
1,36,50.912,0.849,-0.785,36.346,115.451,272.371,65.521,52.202,57.428,4.665
1,32,54.406,0.907,-0.942,42.0,114.965,271.472,67.72,51.614,56.036,4.644
1,29,59.54,0.992,-1.062,40.804,117.273,271.035,66.483,49.93,55.803,4.721
1,28,63.506,1.058,-1.114,36.674,111.615,270.118,68.447,49.193,53.263,4.742
1,24,62.769,1.046,-1.178,31.401,110.693,267.06,65.765,44.283,46.228,5.127
1,21,66.408,1.107,-1.249,37.643,104.695,264.093,73.062,49.336,42.45,4.806
1,18,72.277,1.205,-1.319,45.967,97.745,258.074,75.007,51.245,43.186,4.569
1,22,74.33,1.239,-1.27,51.624,93.048,244.616,82.873,53.085,43.046,4.1
1,28,78.186,1.303,-1.205,60.803,115.871,228.694,99.765,70.328,47.885,3.147
1,32,80.623,1.344,-1.163,70.725,141.481,232.261,123.713,94.81,73.756,2.384
1,35,76.479,1.275,-1.095,79.158,151.644,231.387,145.097,117.593,92.201,1.956
1,39,74.947,1.249,-1.024,80.654,160.705,238.849,151.648,125.718,93.022,1.935
1,42,74.061,1.234,-0.968,86.023,179.569,233.094,158.373,134.183,103.121,1.767
1,38,66.03,1.101,-0.958,81.025,169.956,253.014,126.874,95.509,93.744,2.401
1,27,57.706,0.962,-1.084,68.447,173.22,257.775,130.507,102.772,88.459,2.404
1,15,47.434,0.791,-1.249,46.098,170.857,258.374,128.736,101.415,88.685,2.431
1,10,37.363,0.623,-1.3,20.616,173.092,259.786,128.736,101.868,94.895,2.394
1,8,24.352,0.406,-1.236,22.136,173.971,255.877,129.356,99.04,93.744,2.383
1,8,24.352,0.406,-1.236,22.136,173.971,255.877,129.356,99.04,93.744,2.383
1,8,24.352,0.406,-1.236,22.136,173.971,255.877,129.356,99.04,93.744,2.383
1,-29,67.543,1.126,-2.015,168.077,169.047,254.922,125.355,93.606,87.098,2.499
1,-24,63.695,1.062,-1.957,202.675,166.883,252.692,122.385,89.889,85.376,2.547
1,-39,76.662,1.278,-2.105,257.008,161.623,246.603,115.953,86.729,77.885,2.637
1,-48,83.235,1.387,-2.185,272.007,154.185,243.813,114.039,82.855,73.682,2.703
1,-56,87.321,1.455,-2.267,288.007,146.492,232.899,105.546,79.706,65.552,2.786
1,-62,93.509,1.558,-2.296,303.041,133.701,221.948,92.282,66.242,51.478,3.171
1,-67,100.568,1.676,-2.3,316.228,127.283,217.375,85.703,60.539,45.0,3.41
1,-72,105.418,1.757,-2.323,322.349,116.043,216.539,81.841,56.303,36.401,3.722
1,-74,105.361,1.756,-2.349,327.739,108.577,215.52,73.878,49.204,31.906,4.172
1,-77,108.894,1.815,-2.356,328.032,99.624,209.461,66.528,39.623,25.495,4.773
1,-72,106.151,1.769,-2.316,322.591,94.826,207.483,56.851,34.482,27.295,5.247
1,-64,100.896,1.682,-2.258,311.262,92.114,207.068,55.803,33.106,27.514,5.336
1,-60,97.617,1.627,-2.233,289.56,94.921,209.404,57.983,33.242,27.857,5.275
1,-51,90.697,1.512,-2.168,268.822,95.336,213.235,59.942,36.401,28.792,5.112
1,-41,82.855,1.381,-2.088,250.799,96.177,214.009,58.694,37.656,31.385,5.026
1,-31,76.557,1.276,-1.988,227.068,98.732,218.021,56.613,35.128,31.385,5.312
1,-27,73.164,1.219,-1.949,206.519,101.4,218.147,56.045,35.057,31.385,5.343
1,-16,65.97,1.099,-1.816,184.296,106.005,221.443,55.902,38.21,37.014,5.066
1,-4,67.119,1.119,-1.63,152.315,110.073,222.812,55.579,37.656,38.897,5.059
1,0,66.0,1.1,-1.571,105.342,106.075,223.886,54.332,37.855,38.21,5.151
1,2,72.028,1.2,-1.543,59.816,109.554,226.049,55.082,36.688,40.608,5.123
1,5,73.171,1.22,-1.502,50.567,98.656,228.239,59.076,38.626,41.4,4.922
1,13,69.231,1.154,-1.382,94.874,96.54,228.035,55.009,37.162,44.102,5.02
1,25,61.327,1.022,-1.151,137.568,98.061,230.567,52.038,34.54,39.661,5.479
1,33,58.249,0.971,-0.969,180.278,101.203,230.217,57.14,35.903,38.949,5.233
1,53,61.4,1.023,-0.529,235.342,100.225,230.868,58.138,37.108,41.773,5.055
1,58,63.977,1.066,-0.436,257.329,105.546,231.173,62.129,37.656,38.897,5.001
1,64,68.352,1.139,-0.359,269.136,115.434,229.682,68.25,44.0,46.325,4.345
1,59,63.695,1.062,-0.386,276.031,124.326,225.178,84.9,66.272,56.294,3.256
1,54,58.694,0.978,-0.403,272.738,122.642,192.354,101.119,79.712,58.549,2.411
1,46,50.567,0.843,-0.428,268.153,154.289,205.548,125.16,106.32,85.329,1.946
1,38,42.942,0.716,-0.484,261.49,156.668,239.942,111.973,90.028,84.149,2.516
1,28,35.0,0.583,-0.644,249.329,167.72,242.992,122.801,94.366,86.701,2.399
1,17,25.495,0.425,-0.841,231.821,164.137,247.227,122.066,92.892,93.215,2.407
1,10,18.028,0.3,-0.983,193.621,165.605,248.069,123.649,96.302,90.255,2.399
1,10,18.028,0.3,-0.983,193.621,165.605,248.069,123.649,96.302,90.255,2.399
1,10,18.028,0.3,-0.983,193.621,165.605,248.069,123.649,96.302,90.255,2.399
1,10,18.028,0.3,-0.983,193.621,165.605,248.069,123.649,96.302,90.255,2.399
1,-10,26.926,0.449,-1.951,7.81,167.075,246.759,125.591,97.529,92.574,2.345
1,-21,34.205,0.57,-2.232,46.174,164.478,242.539,120.702,91.706,89.051,2.414
1,-30,41.037,0.684,-2.391,86.833,162.604,242.607,118.701,90.758,87.092,2.454
1,-33,42.012,0.7,-2.474,120.037,156.774,239.47,115.039,90.139,80.362,2.516
1,-31,36.359,0.606,-2.592,141.004,151.793,238.799,114.127,86.649,76.655,2.582
1,-32,34.928,0.582,-2.729,157.156,148.661,231.625,113.159,82.638,71.169,2.603
1,-30,31.048,0.517,-2.881,166.676,137.306,216.093,104.317,77.621,63.569,2.641
1,-31,31.145,0.519,-3.045,175.514,131.244,213.785,94.021,69.08,52.202,2.979
1,-32,32.0,0.533,3.142,175.582,124.808,212.474,83.863,62.65,44.721,3.333
1,-28,28.071,0.468,3.07,172.803,116.103,207.993,76.158,54.589,34.409,3.778
1,-25,25.318,0.422,2.983,167.287,96.426,200.145,65.803,41.617,21.633,4.653
1,-19,21.024,0.35,2.699,159.355,91.924,199.65,57.315,35.355,20.1,5.311
1,-13,17.029,0.284,2.439,154.984,90.377,199.572,55.973,31.401,21.378,5.505
1,-6,13.416,0.224,2.034,144.9,89.844,199.424,54.378,28.178,22.361,5.702
1,-1,11.045,0.184,1.661,142.338,89.022,201.04,52.326,27.893,25.554,5.702
1,7,13.892,0.232,1.043,133.899,91.411,205.061,51.894,29.12,26.42,5.726
1,11,11.402,0.19,0.266,125.252,92.228,207.196,53.488,31.401,28.844,5.465
1,12,12.369,0.206,0.245,114.18,93.904,209.344,52.811,30.067,30.0,5.564
1,12,12.649,0.211,-0.322,104.676,97.252,210.466,52.0,30.265,28.844,5.683
1,16,17.464,0.291,-0.412,87.321,95.336,210.77,51.546,31.064,28.844,5.673
1,25,30.806,0.513,-0.624,61.66,93.134,213.244,51.662,33.015,30.61,5.549
1,40,50.0,0.833,-0.644,32.016,98.046,215.697,54.342,34.0,32.45,5.357
1,51,62.426,1.04,-0.615,8.602,98.046,218.332,51.624,33.061,31.241,5.65
1,56,75.743,1.262,-0.739,55.471,98.184,220.077,54.745,34.059,32.016,5.465
1,94,95.037,1.584,-0.148,205.01,98.412,223.141,53.759,34.059,32.802,5.55
1,91,92.574,1.543,-0.185,244.806,94.53,223.365,55.326,38.471,37.802,5.092
1,105,105.076,1.751,-0.038,301.732,95.525,222.946,54.148,35.228,34.059,5.419
1,108,108.019,1.8,0.019,320.564,95.525,223.933,53.6,33.242,33.971,5.561
1,106,106.118,1.769,0.047,329.219,101.02,217.72,56.462,32.757,24.187,5.759
1,103,103.484,1.725,0.097,334.013,128.969,198.134,110.923,90.139,72.835,2.17
1,95,96.509,1.608,0.177,329.055,140.431,217.205,104.278,87.932,78.447,2.408
1,85,88.057,1.468,0.264,311.272,146.294,230.601,111.946,88.459,81.498,2.454
1,73,77.492,1.292,0.342,288.917,150.296,235.51,111.683,87.864,85.988,2.474
1,62,72.719,1.212,0.55,247.946,156.064,240.071,118.296,92.763,86.833,2.418
1,62,72.719,1.212,0.55,247.946,156.064,240.071,118.296,92.763,86.833,2.418
1,62,72.719,1.212,0.55,247.946,156.064,240.071,118.296,92.763,86.833,2.418
1,62,72.719,1.212,0.55,247.946,156.064,240.071,118.296,92.763,86.833,2.418
1,-12,31.385,0.523,1.963,141.287,157.156,241.878,120.806,93.941,90.796,2.375
1,-33,36.249,0.604,2.715,138.842,162.413,241.118,124.326,98.27,92.228,2.298
1,-61,61.033,1.017,3.109,65.924,158.518,240.468,118.296,91.984,87.966,2.419
1,-84,84.481,1.408,-3.035,116.039,156.186,237.255,118.903,92.962,83.744,2.408
1,-92,93.059,1.551,-2.991,139.014,153.681,234.438,119.269,91.679,80.808,2.411
1,-95,95.885,1.598,-3.006,157.029,145.99,232.845,109.772,84.77,72.533,2.616
1,-86,86.701,1.445,-3.014,163.077,139.119,229.094,104.389,79.699,65.97,2.748
1,-79,79.511,1.325,-3.028,169.003,132.098,221.894,96.177,74.673,64.031,2.834
1,-72,72.25,1.204,-3.058,172.047,129.653,214.888,92.612,71.169,57.009,2.92
1,-66,66.121,1.102,-3.081,170.012,125.096,212.229,86.764,67.357,53.451,3.067
1,-54,54.009,0.9,-3.123,161.012,124.619,209.747,87.235,68.154,51.894,3.036
1,-41,41.11,0.685,-3.069,149.0,103.856,198.154,74.431,51.884,33.015,3.731
1,-27,27.019,0.45,3.105,131.24,98.082,198.6,70.178,48.166,31.401,3.979
1,-20,20.025,0.334,3.092,107.517,91.236,186.783,60.959,36.878,18.682,4.809
1,-3,7.616,0.127,1.976,83.678,119.017,192.899,67.446,40.792,30.083,4.184
1,12,15.0,0.25,0.644,65.795,136.308,191.262,52.393,29.614,25.554,5.335
1,24,26.0,0.433,0.395,51.856,114.983,189.003,45.88,22.0,26.907,5.982
1,29,31.016,0.517,0.363,43.382,127.472,194.209,51.971,27.074,31.145,5.287
1,33,33.136,0.552,0.091,32.249,101.966,199.642,49.366,30.594,31.113,5.392
1,38,38.328,0.639,-0.131,25.495,122.56,196.726,55.009,29.614,30.48,5.127
1,44,44.721,0.745,-0.18,28.601,120.806,197.773,55.009,29.428,31.145,5.133
1,55,56.089,0.935,-0.197,29.53,117.277,205.341,60.008,33.541,34.059,4.827
1,64,64.195,1.07,-0.078,37.0,101.4,209.308,59.034,34.525,33.941,4.925
1,76,76.655,1.278,-0.131,49.497,87.476,210.44,58.215,32.985,33.302,5.071
1,83,83.726,1.395,-0.132,77.0,88.074,211.244,56.143,31.048,32.202,5.308
1,102,102.02,1.7,0.02,254.786,86.833,211.028,56.08,31.321,32.802,5.267
1,109,109.165,1.819,0.055,293.109,138.755,212.313,60.075,31.575,36.125,4.985
1,112,112.752,1.879,0.116,324.002,139.714,207.461,70.711,41.0,34.409,4.259
1,108,109.33,1.822,0.156,331.024,131.187,171.269,91.049,63.008,43.417,2.602
1,101,103.812,1.73,0.233,328.152,143.6,155.596,143.178,122.931,99.328,1.277
1,95,100.245,1.671,0.325,312.36,151.433,159.013,139.205,118.962,99.825,1.333
1,80,87.727,1.462,0.423,280.03,148.977,196.644,122.43,101.637,87.824,1.891
1,80,87.727,1.462,0.423,280.03,148.977,196.644,122.43,101.637,87.824,1.891
1,80,87.727,1.462,0.423,280.03,148.977,196.644,122.43,101.637,87.824,1.891
1,80,87.727,1.462,0.423,280.03,148.977,196.644,122.43,101.637,87.824,1.891
1,80,87.727,1.462,0.423,280.03,148.977,196.644,122.43,101.637,87.824,1.891
1,80,87.727,1.462,0.423,280.03,148.977,196.644,122.43,101.637,87.824,1.891
1,-25,25.962,0.433,2.869,56.515,143.558,220.418,114.843,90.255,85.212,2.278
1,-40,40.0,0.667,3.142,18.385,144.941,226.813,110.603,87.824,84.291,2.407
1,-47,47.011,0.784,-3.12,12.042,148.862,229.401,117.004,89.822,84.853,2.359
1,-50,50.249,0.837,-3.042,26.249,150.748,227.748,119.269,86.348,84.012,2.359
1,-52,52.24,0.871,-3.046,37.643,147.34,225.788,117.388,86.977,80.05,2.382
1,-52,52.24,0.871,-3.046,39.962,147.567,225.763,114.127,88.888,77.13,2.418
1,-55,55.227,0.92,-3.051,44.045,148.6,225.694,109.567,83.815,69.376,2.577
1,-55,55.227,0.92,-3.051,45.188,144.779,226.991,112.379,86.163,73.498,2.503
1,-57,57.315,0.955,-3.037,38.079,143.22,226.744,107.703,81.86,69.26,2.628
1,-54,54.037,0.901,3.105,34.015,137.644,211.981,106.254,79.259,67.779,2.511
1,-50,50.0,0.833,3.142,35.468,124.085,205.767,91.049,65.734,52.355,2.952
1,-45,45.177,0.753,3.053,36.401,121.696,206.184,86.833,64.637,47.011,3.116
1,-39,39.0,0.65,3.142,34.785,119.604,199.449,83.241,59.203,42.45,3.236
1,-36,36.125,0.602,3.058,33.526,122.886,193.396,79.906,55.227,36.069,3.389
1,-36,36.878,0.615,2.923,30.364,120.341,187.182,73.817,47.634,30.414,3.698
1,-33,33.734,0.562,2.933,23.537,101.98,186.003,61.774,35.355,18.028,4.846
1,-34,34.366,0.573,2.996,23.087,109.659,185.529,53.226,26.249,18.028,5.708
1,-32,32.062,0.534,3.079,20.591,109.659,187.259,45.695,23.0,25.807,5.945
1,-28,28.16,0.469,3.035,21.095,120.702,192.213,50.488,26.926,32.202,5.261
1,-25,25.0,0.417,3.142,21.401,99.609,198.708,67.365,39.85,36.069,4.16
1,-23,23.345,0.389,-2.969,21.932,98.412,199.85,61.131,33.242,33.422,4.692
1,-18,18.111,0.302,-3.031,20.0,99.126,205.497,57.14,32.558,31.145,5.102
1,-12,12.042,0.201,-3.058,21.471,96.69,207.183,53.151,32.016,32.016,5.304
1,-5,5.385,0.09,-2.761,21.378,88.769,208.082,60.828,33.838,34.409,4.836
1,1,1.0,0.017,0.0,16.763,89.56,211.028,60.017,35.114,35.0,4.865
1,6,6.083,0.101,-0.165,25.456,92.72,211.152,67.082,35.468,35.228,4.598
1,5,5.385,0.09,-0.381,65.054,94.112,212.313,64.07,35.735,39.051,4.587
1,58,63.561,1.059,0.421,288.016,117.068,209.764,63.388,38.21,36.878,4.544
1,71,86.839,1.447,0.614,272.121,137.131,199.472,83.863,53.6,37.108,3.428
1,93,113.464,1.891,0.61,201.896,119.281,192.627,99.85,80.231,60.729,2.4
1,95,118.6,1.977,0.642,193.879,128.701,211.981,96.607,77.201,61.612,2.701
1,78,96.021,1.6,0.623,159.355,132.88,219.317,102.552,81.744,66.287,2.626
1,53,69.527,1.159,0.704,114.018,132.061,221.777,101.769,80.808,67.082,2.665
1,39,57.315,0.955,0.822,79.605,135.248,225.743,107.019,81.32,67.186,2.65
1,12,29.547,0.492,1.153,28.284,138.683,226.744,103.769,81.345,63.569,2.735
1,0,22.0,0.367,1.571,15.524,140.869,225.719,101.356,79.706,63.325,2.771
1,-6,18.974,0.316,1.893,26.077,153.675,218.406,98.737,76.026,60.166,2.789
1,-19,23.601,0.393,2.507,44.944,137.295,209.153,93.005,69.971,52.355,2.914
1,-25,27.313,0.455,2.727,54.083,117.38,205.937,86.452,62.201,43.278,3.219
1,-31,31.401,0.523,2.982,56.08,117.29,206.737,79.246,53.759,36.401,3.661
1,-27,27.893,0.465,2.888,61.294,108.046,201.4,68.768,45.453,29.547,4.203
1,-36,36.014,0.6,3.114,73.164,96.177,203.089,62.626,36.892,21.024,5.054
1,-41,41.11,0.685,3.069,68.469,85.381,204.088,54.406,32.65,21.378,5.646
1,-40,40.608,0.677,2.968,63.127,91.269,206.087,54.406,32.388,22.825,5.64
1,-39,39.115,0.652,3.065,65.62,101.124,206.874,64.498,37.216,29.069,4.745
1,-35,38.484,0.641,2.713,69.0,118.017,207.762,59.034,35.014,31.623,4.96
1,-30,36.62,0.61,2.531,63.953,90.67,210.829,50.488,31.321,37.537,5.3
1,-30,35.511,0.592,2.577,60.828,96.255,213.378,53.235,35.735,38.897,5.006
1,-35,37.696,0.628,2.761,57.559,103.697,219.764,59.135,41.231,43.932,4.569
1,-35,35.228,0.587,3.028,55.145,104.048,222.948,57.219,39.812,44.204,4.736
1,-31,31.401,0.523,2.982,49.041,105.262,225.568,59.682,44.777,49.406,4.398
1,-28,28.443,0.474,2.965,47.0,108.24,228.963,57.706,40.706,46.872,4.728
1,-25,25.02,0.417,3.102,42.19,107.968,229.271,61.814,42.942,47.434,4.519
1,-20,20.1,0.335,-3.042,36.674,104.403,228.712,68.659,45.177,49.092,4.211
1,-15,15.524,0.259,-2.881,32.696,103.74,227.528,56.719,38.949,47.17,4.779
1,-8,11.314,0.189,-2.356,29.206,106.892,225.304,69.721,47.885,52.01,3.985
1,-2,16.125,0.269,-1.695,26.401,147.679,235.034,99.02,80.994,72.918,2.788
1,-1,20.025,0.334,-1.621,29.411,175.003,228.674,105.38,81.492,61.327,2.764
1,7,25.962,0.433,-1.298,52.345,135.565,209.01,123.556,97.985,68.964,2.158
1,105,105.076,1.751,0.038,259.114,140.801,195.144,126.036,99.005,79.025,1.925
1,109,109.659,1.828,0.11,281.028,136.488,208.139,126.905,99.865,77.414,2.053
1,105,108.171,1.803,0.243,281.044,136.653,214.478,111.4,85.586,72.09,2.391
1,93,101.637,1.694,0.415,261.49,149.03,216.456,128.631,105.19,86.035,2.03
1,93,101.637,1.694,0.415,261.49,149.03,216.456,128.631,105.19,86.035,2.03
1,93,101.637,1.694,0.415,261.49,149.03,216.456,128.631,105.19,86.035,2.03
1,93,101.637,1.694,0.415,261.49,149.03,216.456,128.631,105.19,86.035,2.03
1,36,42.19,0.703,0.549,70.605,139.517,227.264,111.893,88.888,76.295,2.461
1,23,28.601,0.477,0.637,46.0,148.95,233.808,114.232,92.962,79.906,2.443
1,0,12.0,0.2,1.571,58.009,148.408,237.693,116.709,93.941,82.201,2.435
1,-25,25.318,0.422,2.983,94.921,150.659,237.428,117.393,91.22,80.808,2.461
1,-46,46.0,0.767,3.142,135.484,149.843,233.808,118.186,92.445,78.339,2.427
1,-52,52.01,0.867,-3.122,159.706,144.516,231.009,112.73,86.977,73.082,2.541
1,-58,58.034,0.967,-3.107,172.939,145.341,231.709,112.508,87.846,70.228,2.569
1,-58,58.009,0.967,-3.124,178.474,152.269,232.594,105.948,80.498,64.622,2.779
1,-61,61.008,1.017,3.125,185.691,153.264,218.563,98.229,71.344,54.203,2.93
1,-57,57.219,0.954,3.054,189.402,123.907,209.99,91.831,66.851,48.26,3.044
1,-57,57.428,0.957,3.019,189.526,112.539,203.502,77.897,57.009,39.699,3.496
1,-58,58.138,0.969,3.073,186.078,107.898,204.678,72.139,50.931,33.287,3.927
1,-54,54.589,0.91,2.995,171.977,103.769,195.923,66.528,43.863,27.295,4.269
1,-50,52.202,0.87,2.85,164.402,94.578,194.003,58.412,36.62,22.091,4.969
1,-56,57.271,0.955,2.93,147.648,82.0,195.433,56.303,31.048,23.324,5.297
1,-52,52.953,0.883,2.952,136.945,97.005,195.359,52.393,27.295,21.213,5.808
1,-51,51.039,0.851,3.102,122.053,100.319,199.271,54.12,28.071,24.759,5.59
1,-47,47.265,0.788,-3.036,110.041,100.603,206.167,58.856,32.062,34.059,4.949
1,-45,46.325,0.772,-2.902,97.005,99.825,207.714,50.636,30.806,33.242,5.434
1,-38,42.485,0.708,-2.678,87.573,93.381,208.339,56.08,33.526,35.468,4.997
1,-29,38.288,0.638,-2.43,78.447,99.247,214.972,62.032,36.878,36.069,4.778
1,-19,32.202,0.537,-2.202,70.774,99.247,215.801,63.198,35.903,34.655,4.84
1,-4,37.216,0.62,-1.678,62.37,99.247,216.965,57.0,33.541,33.971,5.228
1,15,57.974,0.966,-1.309,59.481,101.637,220.411,58.0,36.139,36.797,5.05
1,19,69.642,1.161,-1.294,64.327,97.514,218.552,52.0,32.894,37.202,5.37
1,22,73.376,1.223,-1.266,107.168,96.302,218.984,51.01,32.311,39.408,5.353
1,39,74.095,1.235,-1.016,156.605,90.956,220.273,55.145,32.573,38.601,5.231
1,55,71.063,1.184,-0.686,182.543,125.32,224.207,82.873,55.362,54.452,3.491
1,78,85.907,1.432,-0.432,217.168,159.477,224.361,106.405,83.187,65.299,2.641
1,84,89.889,1.498,-0.364,242.788,140.858,197.709,148.95,118.533,93.005,1.645
1,101,101.966,1.699,-0.138,281.46,152.751,214.021,154.434,132.034,106.733,1.633
1,99,99.323,1.655,-0.081,291.986,165.061,230.204,139.646,110.86,110.168,1.915
1,87,87.006,1.45,-0.011,288.002,160.225,235.185,129.402,103.16,102.24,2.107
1,75,77.369,1.289,0.248,271.184,156.541,238.531,121.754,99.85,96.083,2.253
1,61,70.328,1.172,0.521,227.079,159.214,243.082,124.427,98.153,96.421,2.286
1,54,69.029,1.15,0.672,164.924,156.975,241.015,122.413,97.862,96.628,2.282
1,25,49.739,0.829,1.044,140.471,158.354,238.801,122.09,95.341,95.755,2.287
1,-2,36.056,0.601,1.626,53.824,156.78,236.631,122.772,95.21,88.843,2.314
1,-17,38.91,0.649,2.023,61.522,154.548,231.009,115.551,91.417,84.723,2.376
1,-53,55.362,0.923,2.848,133.24,151.162,226.597,115.004,89.694,75.961,2.422
1,-77,77.929,1.299,2.987,188.68,144.516,218.55,110.639,84.694,72.801,2.445
1,-91,91.198,1.52,3.076,226.374,134.272,208.002,101.242,75.591,60.539,2.629
1,-101,101.124,1.685,3.092,257.194,126.21,206.93,89.202,65.46,46.4,3.088
1,-106,106.17,1.769,3.085,281.178,112.539,204.475,76.368,51.624,34.67,3.771
1,-109,109.371,1.823,3.059,295.286,108.784,203.691,69.354,44.822,30.364,4.228
1,-110,110.549,1.842,3.042,300.202,96.208,201.301,56.4,33.615,23.022,5.342
1,-112,112.641,1.877,3.035,303.422,88.323,208.01,56.436,32.311,22.472,5.611
1,-110,110.549,1.842,3.042,301.374,88.091,206.785,54.818,32.14,27.459,5.422
1,-103,104.235,1.737,2.987,287.92,96.13,209.497,51.546,29.155,25.612,5.912
1,-93,94.921,1.582,2.94,278.514,93.086,215.39,54.571,31.016,27.659,5.706
1,-89,91.22,1.52,2.921,258.248,101.045,217.672,57.07,33.061,30.806,5.4
1,-75,79.057,1.318,2.82,229.837,101.242,217.993,52.612,34.525,35.0,5.354
1,-61,66.31,1.105,2.739,212.577,103.31,221.287,60.033,39.051,39.205,4.801
1,-31,41.11,0.685,2.425,101.139,107.787,223.607,59.008,40.262,38.949,4.853
1,-18,24.083,0.401,2.415,76.942,109.179,225.535,62.008,40.522,42.521,4.665
1,-8,12.042,0.201,2.297,61.814,110.644,225.942,62.008,43.012,48.104,4.427
1,4,5.657,0.094,0.785,42.426,117.277,229.212,64.031,44.598,49.497,4.349
1,12,18.439,0.307,-0.862,16.279,110.644,227.783,59.008,40.497,45.277,4.72
1,27,38.897,0.648,-0.804,21.26,109.041,228.239,57.009,39.0,44.688,4.867
1,79,79.63,1.327,-0.126,222.396,109.659,230.17,61.0,42.72,47.424,4.569
1,84,84.481,1.408,-0.107,267.344,105.906,229.532,54.589,36.401,42.521,5.158
1,97,97.129,1.619,-0.052,294.966,110.354,229.976,59.211,37.643,40.46,5.024
1,110,110.018,1.834,0.018,334.055,133.405,233.386,86.977,57.585,55.172,3.505
1,116,116.155,1.936,0.052,349.468,155.541,227.035,95.084,72.367,61.741,2.972
1,109,109.225,1.82,0.064,345.701,172.235,201.42,112.606,84.534,62.177,2.33
1,95,95.425,1.59,0.094,333.662,137.354,140.943,121.264,95.462,70.178,1.474
1,79,81.253,1.354,0.236,301.239,137.441,212.822,136.235,110.136,81.884,1.945
1,64,68.007,1.133,0.345,263.122,164.015,222.91,161.236,132.834,107.224,1.666
1,54,62.769,1.046,0.535,204.353,162.361,252.982,141.852,119.641,105.119,2.07
1,45,55.218,0.92,0.618,135.03,165.024,250.2,129.027,108.259,103.31,2.204
1,18,31.623,0.527,0.965,59.228,170.394,257.389,131.939,109.037,103.238,2.243
1,-3,20.224,0.337,1.72,17.889,171.759,258.312,134.852,110.168,103.31,2.225
1,-23,25.08,0.418,2.731,78.09,172.63,258.99,133.405,110.318,101.242,2.252
1,-35,35.128,0.585,3.056,143.503,169.956,257.701,129.808,102.591,100.499,2.322
1,-51,51.01,0.85,3.122,175.285,166.385,255.979,127.44,100.17,99.141,2.35
1,-56,56.321,0.939,3.035,209.69,162.361,251.336,128.876,100.424,96.338,2.315
1,-64,64.498,1.075,3.017,233.343,158.028,252.242,125.24,99.298,88.645,2.416
1,-68,68.359,1.139,3.039,253.338,157.813,240.865,120.83,94.705,80.281,2.443
1,-72,72.56,1.209,3.017,264.705,171.863,233.566,125.196,96.151,77.492,2.345
1,-77,77.524,1.292,3.025,270.276,186.035,221.653,111.306,81.884,57.271,2.655
1,-75,75.326,1.255,3.049,268.425,127.781,216.095,91.263,67.417,49.092,3.12
1,-74,74.673,1.245,3.007,262.071,120.208,216.924,82.879,60.44,41.725,3.517
1,-71,71.568,1.193,3.016,247.097,105.224,211.021,76.655,51.088,46.098,3.642
1,-64,64.63,1.077,3.002,225.4,101.124,210.535,61.351,36.674,33.615,4.798
1,-60,61.0,1.017,2.96,206.652,91.022,205.407,55.082,29.275,25.807,5.594
1,-49,50.22,0.837,2.921,181.177,97.046,206.495,53.451,30.067,30.806,5.419
1,-43,44.147,0.736,2.913,157.965,94.34,206.32,50.695,27.019,29.732,5.761
1,-41,41.195,0.687,3.044,134.715,92.439,209.669,50.22,28.018,31.89,5.712
1,-39,39.013,0.65,-3.116,111.234,99.141,214.22,52.773,31.145,35.384,5.387
1,-26,28.231,0.471,-2.741,99.85,98.656,218.525,52.345,30.414,34.655,5.583
1,-13,20.616,0.344,-2.253,72.78,102.181,221.984,54.148,34.205,40.361,5.174
1,8,17.0,0.283,-1.081,51.923,101.203,224.902,52.24,32.016,36.125,5.605
1,25,42.202,0.703,-0.937,21.19,98.061,225.471,52.154,33.526,39.699,5.395
1,37,62.201,1.037,-0.934,35.355,97.745,225.211,48.508,32.016,39.051,5.65
1,41,70.214,1.17,-0.947,102.626,104.809,226.592,52.469,31.048,39.825,5.511
1,63,87.0,1.45,-0.761,219.329,122.483,227.37,73.027,47.802,46.669,4.072
1,85,100.17,1.669,-0.558,207.002,132.639,224.589,88.023,60.671,48.877,3.41
1,93,107.042,1.784,-0.518,268.293,135.366,206.41,95.509,71.169,54.918,2.794
1,116,121.458,2.024,-0.301,331.423,161.555,182.888,124.197,97.0,76.837,1.841
1,130,132.197,2.203,-0.183,367.642,137.277,215.035,131.137,110.136,84.095,1.983
1,131,132.518,2.209,-0.152,383.693,149.459,224.508,140.616,115.395,91.417,1.939
1,125,125.897,2.098,-0.119,384.688,157.436,228.817,133.754,111.0,95.567,2.017
1,112,112.872,1.881,-0.124,371.135,161.059,245.204,126.531,107.87,99.504,2.203
1,103,103.078,1.718,-0.039,342.773,161.059,248.018,126.649,103.407,99.408,2.258
1,90,90.449,1.507,0.1,288.028,162.012,250.99,128.16,102.591,100.603,2.272
1,69,69.584,1.16,0.13,236.256,162.012,253.055,130.648,104.924,101.597,2.252
1,45,45.541,0.759,0.154,173.649,162.89,250.05,129.035,103.755,99.504,2.257
1,24,24.083,0.401,0.083,85.094,165.218,250.05,129.341,101.789,98.858,2.273
1,5,7.071,0.118,-0.785,30.15,167.523,245.459,126.289,98.955,94.366,2.304
1,-23,32.527,0.542,-2.356,69.642,170.038,243.403,124.788,95.88,92.962,2.328
1,-44,54.406,0.907,-2.513,118.068,165.024,237.542,114.237,92.347,85.147,2.443
1,-62,71.197,1.187,-2.628,141.718,154.768,231.45,113.6,90.25,76.4,2.478
1,-88,96.664,1.611,-2.715,251.796,138.398,223.66,102.083,76.059,63.246,2.78
1,-93,97.417,1.624,-2.839,263.23,125.0,207.538,86.839,65.0,49.739,3.089
1,-93,96.047,1.601,-2.889,262.231,123.329,205.234,84.646,60.605,45.277,3.232
1,-92,94.366,1.573,-2.917,256.33,113.851,198.081,75.073,49.497,33.615,3.757
1,-89,90.255,1.504,-2.975,257.28,149.265,187.489,60.208,37.216,23.022,4.67
1,-84,84.593,1.41,-3.023,242.167,121.277,179.338,53.852,30.676,22.361,5.033
1,-79,79.63,1.327,-3.016,228.002,132.231,163.049,51.0,26.571,18.028,5.117
1,-67,67.03,1.117,-3.112,201.301,102.313,189.042,48.332,23.345,21.932,6.058
1,-66,66.189,1.103,-3.066,181.466,92.347,191.212,60.208,32.016,28.32,4.759
1,-62,62.032,1.034,-3.109,161.524,96.0,198.728,59.666,30.0,28.425,5.049
1,-48,48.166,0.803,-3.058,141.354,98.046,200.564,53.935,30.15,30.48,5.252
1,-39,40.262,0.671,-2.891,122.037,99.045,202.544,53.759,29.275,32.558,5.257
1,-20,24.413,0.407,-2.531,99.045,93.536,208.492,55.145,29.614,33.242,5.301
1,-5,19.647,0.327,-1.828,60.407,90.67,211.294,50.359,30.083,34.713,5.505
1,10,25.08,0.418,-1.161,21.541,99.825,219.791,51.039,31.321,36.125,5.565
1,13,32.696,0.545,-1.162,44.688,94.366,222.946,53.009,32.573,36.878,5.462
1,19,38.079,0.635,-1.048,121.594,96.302,227.431,56.0,36.056,40.361,5.153
1,38,47.802,0.797,-0.652,158.474,98.082,226.738,49.092,31.623,37.014,5.778
1,51,58.181,0.97,-0.502,215.205,95.603,226.738,45.706,27.459,31.145,6.521
1,60,63.569,1.059,-0.337,254.49,101.203,220.792,55.326,30.594,32.016,5.616
1,68,69.426,1.157,-0.203,297.311,107.466,220.127,86.701,54.12,49.578,3.468
1,75,75.802,1.263,-0.146,309.556,115.209,201.4,79.699,55.785,43.0,3.385
1,73,73.11,1.218,-0.055,317.238,133.933,191.094,87.983,64.07,48.374,2.86
1,70,70.0,1.167,0.0,320.825,142.468,192.899,119.604,95.131,71.4,2.022
1,65,65.49,1.092,0.122,316.512,146.492,209.468,139.628,115.974,90.078,1.818
1,55,56.754,0.946,0.249,303.279,161.839,213.354,152.322,124.888,104.12,1.678
1,44,49.649,0.827,0.482,283.113,156.525,243.167,127.224,105.991,101.966,2.176
1,35,44.822,0.747,0.675,251.018,162.339,247.316,128.062,107.056,98.25,2.226
1,26,44.407,0.74,0.945,207.087,159.239,247.413,125.419,102.421,95.425,2.296
1,12,37.947,0.632,1.249,142.369,161.245,249.161,124.595,98.717,97.324,2.331
1,-10,36.401,0.607,1.849,81.841,162.754,246.757,125.936,99.459,97.673,2.291
1,-26,37.483,0.625,2.337,21.471,157.436,239.804,119.231,95.88,89.051,2.365
1,-43,47.424,0.79,2.706,71.784,154.871,236.305,118.701,93.301,83.433,2.4
1,-61,61.66,1.028,2.995,143.126,149.496,235.536,112.254,86.035,73.498,2.6
1,-70,70.711,1.179,3.0,192.26,148.003,233.692,109.932,81.86,68.622,2.692
1,-74,74.813,1.247,2.994,230.106,139.402,224.508,99.02,71.589,56.859,2.961
1,-83,84.345,1.406,2.963,249.008,121.696,214.853,91.049,67.201,47.802,3.128
1,-88,90.244,1.504,2.918,262.393,104.062,203.843,70.767,45.277,27.731,4.253
1,-89,90.427,1.507,2.964,266.177,98.489,202.704,58.796,35.777,27.459,4.983
1,-88,90.028,1.5,2.929,265.062,100.305,201.206,59.816,33.615,25.632,5.07
1,-83,85.376,1.423,2.905,264.197,87.321,199.123,51.0,29.275,26.249,5.608
1,-79,82.006,1.367,2.87,263.336,79.762,201.002,52.555,31.016,27.659,5.421
1,-73,77.162,1.286,2.812,255.812,86.093,204.626,54.708,34.015,33.941,5.005
1,-64,71.113,1.185,2.691,240.47,87.052,204.414,52.887,31.145,33.971,5.197
1,-58,63.977,1.066,2.706,235.017,90.139,207.8,56.143,33.734,39.623,4.814
1,-52,58.592,0.977,2.663,223.886,96.187,212.398,56.143,33.734,37.643,4.997
1,-39,46.872,0.781,2.554,195.489,94.895,213.694,53.151,32.894,39.205,5.118
1,-24,34.655,0.578,2.336,166.208,89.443,217.168,49.649,29.411,36.62,5.632
1,-18,25.456,0.424,2.356,127.758,89.051,221.741,50.249,32.696,41.881,5.329
1,-1,14.036,0.234,1.642,87.321,89.269,224.84,50.16,31.385,39.962,5.551
1,9,9.487,0.158,-0.322,42.638,89.499,225.211,50.636,30.083,37.202,5.73
1,25,29.682,0.495,-0.569,26.019,95.079,228.116,46.39,28.862,32.802,6.333
1,42,45.695,0.762,-0.405,78.638,96.302,229.896,53.235,30.806,34.059,5.84
1,61,63.891,1.065,-0.302,139.807,97.745,229.334,52.345,30.414,33.242,5.931
1,78,79.624,1.327,-0.202,213.396,100.02,229.172,56.569,33.061,32.558,5.627
1,85,85.709,1.428,-0.129,253.87,105.38,232.215,69.051,41.049,41.11,4.607
1,109,109.225,1.82,0.064,330.002,100.404,224.878,70.774,46.84,33.734,4.457
1,116,116.966,1.949,0.129,354.006,121.754,217.368,89.894,65.742,50.596,3.162
1,118,119.854,1.998,0.176,361.05,141.354,189.214,109.225,84.291,65.192,2.194
1,116,118.663,1.978,0.212,362.167,140.869,191.23,131.59,101.833,79.756,1.832
1,108,112.361,1.873,0.28,351.364,149.335,208.0,138.004,107.912,89.694,1.859
1,94,102.157,1.703,0.402,330.733,160.078,213.591,142.688,116.362,102.883,1.77
1,72,91.214,1.52,0.661,304.582,159.778,237.261,134.852,106.607,104.087,2.06
1,70,99.705,1.662,0.792,269.615,163.233,242.528,131.244,109.836,103.392,2.112
1,53,84.646,1.411,0.894,222.036,163.719,247.746,130.0,106.921,109.115,2.148
1,53,84.646,1.411,0.894,222.036,163.719,247.746,130.0,106.921,109.115,2.148
1,53,84.646,1.411,0.894,222.036,163.719,247.746,130.0,106.921,109.115,2.148
1,53,84.646,1.411,0.894,222.036,163.719,247.746,130.0,106.921,109.115,2.148
1,-10,41.231,0.687,1.816,59.841,165.529,247.588,131.027,105.683,107.117,2.16
1,-30,41.037,0.684,2.391,90.05,167.26,248.365,129.283,104.393,101.494,2.223
1,-43,45.88,0.765,2.785,153.525,168.6,247.008,130.361,101.789,104.69,2.2
1,-50,50.359,0.839,3.022,199.1,165.946,242.528,127.44,99.247,101.833,2.215
1,-66,66.189,1.103,3.066,224.589,163.768,240.709,126.491,99.69,97.867,2.228
1,-67,67.476,1.125,3.023,240.707,158.777,239.727,119.403,93.606,95.525,2.331
1,-71,71.701,1.195,3.002,252.517,154.052,233.403,118.596,94.244,86.683,2.338
1,-72,72.56,1.209,3.017,263.059,148.354,223.544,115.871,94.578,84.9,2.271
1,-70,70.859,1.181,2.986,263.752,144.506,213.701,109.59,86.539,74.041,2.373
1,-64,65.513,1.092,2.926,259.262,126.246,211.549,92.114,71.113,59.464,2.85
1,-57,60.083,1.001,2.82,251.857,125.399,207.634,87.618,66.573,50.249,3.047
1,-48,53.226,0.887,2.695,235.017,115.434,198.217,77.801,55.803,37.483,3.476
1,-39,49.82,0.83,2.47,226.645,97.755,189.061,67.179,41.037,26.249,4.218
1,-27,38.897,0.648,2.338,204.924,90.956,184.024,54.589,31.385,19.647,5.227
1,-17,35.355,0.589,2.072,177.792,94.085,181.593,51.245,22.136,17.029,6.026
1,-12,29.547,0.492,1.989,161.645,81.006,186.762,47.127,22.204,20.809,6.216
1,-3,18.248,0.304,1.736,133.154,81.498,187.758,44.272,22.091,24.207,6.219
1,-3,7.616,0.127,1.976,108.853,85.51,193.83,43.966,23.022,28.425,6.094
1,-3,9.487,0.158,-1.893,75.769,92.195,199.04,47.676,28.862,35.609,5.324
1,1,19.026,0.317,-1.518,50.448,90.708,203.066,48.0,30.463,36.62,5.294
1,20,32.016,0.534,-0.896,31.0,96.84,208.406,47.096,30.463,36.056,5.503
1,27,37.483,0.625,-0.767,12.649,100.96,212.664,51.352,32.202,40.817,5.13
1,30,47.634,0.794,-0.889,43.932,98.671,217.635,54.745,35.777,43.046,4.888
1,40,53.151,0.886,-0.719,104.307,95.509,222.308,50.249,32.65,41.183,5.375
1,54,63.285,1.055,-0.549,145.619,98.031,224.929,49.163,31.048,38.013,5.708
1,64,69.08,1.151,-0.386,197.669,110.86,227.952,57.14,36.056,44.204,4.977
1,71,73.246,1.221,-0.248,231.041,139.517,242.161,93.301,71.589,68.118,3.118
1,88,88.204,1.47,-0.068,280.608,166.331,236.592,110.725,85.615,70.0,2.665
1,95,95.0,1.583,0.0,313.847,190.224,208.904,102.616,78.0,57.689,2.63
1,100,100.18,1.67,0.06,335.345,146.823,207.762,135.37,108.853,89.989,1.865
1,100,100.499,1.675,0.1,343.064,160.378,223.081,144.941,119.616,105.119,1.81
1,96,96.519,1.609,0.104,343.91,161.45,238.472,133.195,108.669,106.677,2.053
1,81,81.744,1.362,0.135,329.803,163.878,247.552,131.7,114.856,111.041,2.077
1,71,74.041,1.234,0.288,300.326,163.294,246.83,128.32,109.458,111.018,2.123
1,55,58.873,0.981,0.365,251.018,167.705,246.83,129.283,107.355,107.299,2.153
1,44,50.606,0.843,0.517,209.002,168.6,244.724,129.402,105.721,107.466,2.143
1,18,26.907,0.448,0.838,154.052,165.919,243.953,127.13,100.225,104.809,2.203
1,0,13.0,0.217,1.571,78.006,165.061,242.621,124.31,98.234,101.833,2.244
1,-21,21.587,0.36,2.908,15.524,160.524,238.008,122.102,102.181,100.02,2.202
1,-33,33.242,0.554,-3.021,57.385,157.623,226.374,120.748,96.566,91.924,2.196
1,-60,62.097,1.035,-2.881,128.561,155.724,217.8,118.596,94.937,87.092,2.173
1,-81,84.481,1.408,-2.854,184.44,144.845,214.672,116.97,93.107,80.362,2.217
1,-84,87.361,1.456,-2.863,221.305,139.628,204.788,109.932,87.321,73.682,2.268
1,-86,88.295,1.472,-2.913,248.262,137.902,198.93,101.833,82.765,67.119,2.371
1,-84,84.853,1.414,-3.0,265.754,133.004,194.813,93.005,75.584,57.271,2.588
1,-83,83.6,1.393,-3.022,267.367,124.631,185.586,94.493,72.56,52.839,2.532
1,-82,82.298,1.372,-3.056,267.187,106.85,178.474,77.795,55.218,33.971,3.206
1,-81,81.099,1.352,-3.092,268.226,132.544,175.923,57.628,32.65,15.297,4.999
1,-76,76.026,1.267,-3.115,259.378,122.589,185.777,48.384,23.087,22.023,5.961
1,-69,69.007,1.15,3.127,244.074,106.381,195.167,52.173,27.074,30.0,5.359
1,-62,62.0,1.033,3.142,224.009,97.622,204.922,58.215,33.377,30.414,5.039
1,-49,49.041,0.817,-3.101,201.002,98.478,209.938,61.008,36.688,36.125,4.706
1,-41,41.437,0.691,-2.996,178.011,101.272,213.591,57.079,36.056,37.643,4.9
1,-36,38.626,0.644,-2.771,153.029,102.259,216.723,55.0,35.44,36.797,5.11
1,-29,35.228,0.587,-2.538,150.944,103.576,218.341,61.0,38.601,40.361,4.68
1,-19,33.015,0.55,-2.184,92.228,109.49,221.712,62.032,40.162,43.186,4.575
1,6,43.417,0.724,-1.432,72.801,109.659,223.379,59.0,39.217,44.598,4.692
1,8,57.559,0.959,-1.431,39.051,102.961,225.843,54.037,38.484,45.0,4.927
1,21,58.873,0.981,-1.206,58.181,106.513,229.02,52.038,38.079,44.204,5.115
1,82,87.316,1.455,-0.351,246.759,107.935,228.633,55.0,39.217,46.098,4.888
1,93,97.124,1.619,-0.292,287.383,111.571,230.593,57.14,39.56,42.426,4.972
1,107,107.912,1.799,-0.13,336.027,102.611,230.688,60.407,37.656,39.598,5.027
1,111,111.162,1.853,-0.054,359.58,122.332,230.222,84.149,58.694,52.431,3.537
1,115,115.07,1.918,-0.035,366.302,120.416,213.178,94.921,67.602,47.265,3.048
1,109,109.115,1.819,-0.046,364.664,127.91,213.528,89.006,69.462,53.235,3.026
1,99,99.02,1.65,-0.02,357.716,134.183,210.06,102.927,80.43,69.354,2.494
1,85,85.053,1.418,-0.035,340.724,147.201,205.222,119.331,96.938,82.201,2.063
1,67,67.03,1.117,0.03,313.193,173.968,219.939,155.567,125.936,103.31,1.715
1,51,52.631,0.877,0.25,270.78,156.285,248.863,162.754,136.308,115.802,1.8
1,34,36.77,0.613,0.391,221.326,167.242,237.2,129.495,105.309,105.759,2.089
1,17,24.042,0.401,0.785,160.131,163.982,245.204,125.3,100.245,104.924,2.226
1,-9,10.817,0.18,2.554,90.449,160.91,244.295,117.201,95.859,106.888,2.291
1,-34,34.366,0.573,2.996,21.095,161.988,246.343,118.966,94.705,104.139,2.325
1,-48,48.508,0.808,-2.997,76.059,163.368,244.935,121.202,94.921,99.247,2.33
1,-69,70.831,1.181,-2.914,140.73,166.688,241.76,122.544,97.499,100.896,2.26
1,-84,85.907,1.432,-2.93,206.62,159.013,234.617,124.908,100.846,95.336,2.192
1,-88,89.443,1.491,-2.962,249.339,160.24,236.922,118.461,91.788,93.606,2.339
1,-88,88.459,1.474,-3.04,281.087,158.256,239.454,126.016,101.213,95.52,2.226
1,-87,87.092,1.452,-3.096,291.11,151.38,231.573,124.808,99.363,84.694,2.249
1,-91,91.198,1.52,-3.076,290.291,138.192,216.474,106.042,84.315,72.014,2.475
1,-91,91.351,1.523,-3.054,284.635,135.207,210.583,100.603,76.026,59.076,2.68
1,-85,85.094,1.418,-3.095,278.95,121.264,201.921,80.722,56.223,39.825,3.427
1,-81,81.056,1.351,-3.105,274.235,122.984,190.539,71.063,43.267,25.495,4.088
1,-73,73.11,1.218,-3.087,260.302,181.099,107.564,78.262,50.0,35.355,1.972
1,-61,61.033,1.017,-3.109,243.091,101.02,197.914,86.284,45.1,38.601,3.493
1,-56,56.036,0.934,-3.106,215.574,93.048,199.331,64.498,34.0,30.61,4.632
1,-51,51.088,0.851,-3.083,195.604,97.082,202.41,62.394,35.355,36.878,4.51
1,-40,40.112,0.669,-3.067,175.932,89.805,207.625,51.478,31.321,37.537,5.176
1,-32,32.558,0.543,-2.956,159.665,87.824,211.814,47.539,30.083,38.288,5.482
1,-21,22.136,0.369,-2.82,135.794,89.822,212.925,42.202,26.571,35.805,6.108
1,-13,14.765,0.246,-2.648,128.86,85.907,215.713,43.738,30.083,39.408,5.715
1,0,12.0,0.2,-1.571,78.924,90.028,218.525,42.426,29.155,41.617,5.791
1,9,32.28,0.538,-1.288,36.878,89.822,219.784,44.553,30.676,38.013,5.822
1,27,45.804,0.763,-0.94,25.495,91.444,222.991,45.541,28.16,36.401,6.076
1,39,58.052,0.968,-0.834,74.33,93.408,225.304,50.99,31.048,41.231,5.483
1,64,74.431,1.241,-0.536,129.437,98.762,227.882,51.352,33.838,42.012,5.375
1,77,82.28,1.371,-0.36,187.883,99.464,228.373,65.069,40.025,40.311,4.712
1,93,94.726,1.579,-0.191,245.837,119.942,229.965,82.298,58.523,56.223,3.501
1,100,100.245,1.671,-0.07,273.002,122.053,222.445,86.035,63.348,47.17,3.395
1,114,114.039,1.901,0.026,337.165,126.657,210.288,93.536,70.491,55.57,2.873
1,123,123.911,2.065,0.121,365.351,139.989,194.139,118.258,90.686,70.605,2.083
1,120,121.824,2.03,0.173,371.109,143.402,208.24,131.712,104.293,83.241,1.957
1,112,114.978,1.916,0.228,366.0,156.464,230.358,148.809,119.08,100.305,1.877
1,96,103.247,1.721,0.377,346.071,165.469,232.499,158.777,128.082,113.508,1.742
1,78,87.207,1.453,0.464,313.23,166.373,242.095,134.737,110.725,110.887,2.038
1,71,85.147,1.419,0.585,262.195,166.385,246.781,125.543,106.705,114.215,2.137
1,62,81.566,1.359,0.707,188.693,166.859,246.077,127.781,107.355,110.223,2.138
1,44,67.357,1.123,0.859,123.045,164.584,242.539,124.92,104.924,109.165,2.146
1,22,46.53,0.775,1.078,138.0,165.919,243.261,125.228,103.755,104.307,2.19
1,-4,17.464,0.291,1.802,78.568,165.061,241.249,123.491,99.202,101.833,2.23
1,-38,38.118,0.635,-3.063,158.751,163.11,239.508,128.156,100.578,99.639,2.188
1,-60,60.208,1.003,-3.058,203.806,158.382,237.002,127.91,97.739,97.082,2.203
1,-64,64.125,1.069,-3.079,234.478,166.712,230.228,130.587,104.924,95.567,2.086
1,-73,73.171,1.22,-3.073,255.979,161.969,230.289,131.727,106.024,93.005,2.089
1,-68,68.264,1.138,-3.054,271.155,158.619,216.813,123.146,100.24,84.865,2.11
1,-73,73.062,1.218,-3.101,276.957,145.0,209.335,109.403,86.533,72.918,2.336
1,-72,72.173,1.203,-3.072,283.854,137.186,203.337,103.078,78.006,67.082,2.458
1,-72,72.062,1.201,-3.1,292.25,128.818,198.95,89.196,67.007,53.254,2.849
1,-68,68.0,1.133,3.142,290.119,121.017,192.419,80.623,57.315,41.012,3.226
1,-61,61.814,1.03,2.979,278.002,172.285,158.152,80.709,51.313,33.242,2.871
1,-50,51.662,0.861,2.887,263.23,118.828,174.184,74.847,42.379,29.275,3.567
1,-40,42.059,0.701,2.827,244.272,113.04,181.868,70.456,39.319,26.926,3.991
1,-31,36.359,0.606,2.592,220.239,108.042,186.904,50.22,26.077,28.32,5.36
1,-21,30.414,0.507,2.333,183.731,88.363,197.669,47.854,25.71,28.018,5.838
1,-15,24.207,0.403,2.239,144.669,88.685,205.361,49.041,28.16,32.45,5.619
1,-8,10.0,0.167,2.498,106.405,92.763,217.72,69.584,39.217,39.699,4.398
1,4,5.657,0.094,-0.785,70.576,102.84,223.365,63.953,36.401,39.408,4.795
1,16,31.385,0.523,-1.036,22.361,103.078,230.222,59.841,39.812,43.829,4.814
1,27,41.11,0.685,-0.854,17.464,106.32,235.034,60.638,40.311,47.508,4.75
1,38,53.74,0.896,-0.785,64.885,107.517,237.508,62.097,43.046,48.549,4.636
1,54,63.812,1.064,-0.562,119.013,105.622,237.8,60.017,40.817,44.944,4.894
1,71,78.294,1.305,-0.435,167.045,100.245,235.459,60.299,39.812,45.0,4.868
1,76,79.699,1.328,-0.306,209.774,119.549,237.929,79.31,53.852,56.586,3.762
1,77,77.782,1.296,-0.142,276.622,113.864,230.465,80.056,54.452,45.793,3.835
1,81,81.006,1.35,0.012,319.39,135.724,213.244,101.533,71.169,55.227,2.807
1,75,75.954,1.266,0.159,336.341,140.663,201.559,119.62,89.805,70.937,2.157
1,69,71.568,1.193,0.269,336.335,156.461,186.497,149.282,124.278,99.85,1.498
1,64,70.264,1.171,0.425,318.039,152.161,172.003,165.303,140.89,113.296,1.23
1,62,75.452,1.258,0.606,262.101,153.938,217.221,160.328,135.329,117.614,1.577
1,60,77.466,1.291,0.685,186.593,165.895,238.403,130.541,109.0,108.046,2.058
1,47,63.702,1.062,0.741,114.983,160.854,243.002,118.878,101.178,104.809,2.244
1,29,43.186,0.72,0.835,74.25,162.641,249.201,122.025,105.304,110.223,2.215
1,13,26.42,0.44,1.056,106.019,159.531,244.935,119.641,101.272,106.019,2.248
1,-12,12.369,0.206,2.897,97.005,162.308,247.073,124.724,106.367,104.043,2.212
1,-26,26.077,0.435,-3.065,132.424,164.694,248.966,122.123,101.0,99.247,2.317
1,-35,35.057,0.584,-3.085,154.952,162.788,244.663,119.541,98.489,97.185,2.329
1,-44,44.102,0.735,-3.074,171.732,162.348,242.539,116.245,95.21,93.904,2.383
1,-48,48.26,0.804,-3.038,185.586,161.447,234.798,116.778,89.811,95.525,2.332
1,-53,53.6,0.893,-2.992,200.898,156.589,225.816,125.24,100.658,95.901,2.105
1,-54,54.589,0.91,-2.995,203.002,150.748,224.964,119.921,94.705,86.493,2.241
1,-50,50.01,0.833,-3.122,228.373,149.003,211.464,107.355,85.088,77.279,2.352
1,-44,45.354,0.756,2.897,231.836,135.37,203.868,100.802,77.524,62.394,2.541
1,-46,49.041,0.817,2.788,233.773,123.227,189.771,83.815,61.057,42.202,3.043
1,-49,52.924,0.882,2.754,228.954,103.586,182.661,70.838,46.011,29.155,3.753
1,-51,57.706,0.962,2.655,207.692,82.765,180.278,53.151,26.833,18.868,5.471
1,-52,57.697,0.962,2.693,184.383,75.505,186.132,42.438,22.561,21.26,6.473
1,-52,60.539,1.009,2.604,154.777,76.236,192.263,38.471,18.111,22.825,7.264
1,-53,60.415,1.007,2.641,135.326,82.006,197.0,42.379,22.0,27.203,6.453
1,-47,51.894,0.865,2.704,121.314,87.207,205.205,43.681,24.187,32.558,6.13
1,-33,43.278,0.721,2.438,100.648,88.363,211.589,49.497,28.443,33.242,5.709
1,-25,29.155,0.486,2.601,81.154,93.263,217.223,48.836,29.833,33.302,5.82
1,-14,17.804,0.297,2.476,66.761,99.408,220.336,47.074,30.806,35.384,5.836
1,-3,3.606,0.06,-2.554,42.426,107.079,225.96,51.245,30.414,32.65,5.93
1,7,9.22,0.154,-0.709,15.297,110.422,230.846,56.569,33.242,33.941,5.596
1,10,18.028,0.3,-0.983,37.643,99.825,233.42,61.66,37.121,34.713,5.246
1,11,25.495,0.425,-1.125,105.109,89.275,226.524,57.871,35.0,31.623,5.459
1,15,26.627,0.444,-0.972,191.846,91.591,220.792,64.257,39.85,28.16,5.008
1,24,26.833,0.447,-0.464,275.073,126.764,195.167,95.016,69.893,51.624,2.704
1,37,38.897,0.648,0.314,274.06,144.807,198.285,119.971,91.967,74.202,2.079
1,50,61.033,1.017,0.611,328.325,154.383,214.674,146.031,106.532,96.177,1.847
1,60,72.67,1.211,0.599,340.602,151.38,214.443,156.16,114.039,99.624,1.74
1,55,75.007,1.25,0.748,328.609,179.805,184.762,156.0,118.004,102.772,1.471
1,53,75.664,1.261,0.795,301.007,164.174,237.966,116.056,94.726,98.25,2.31
1,46,80.449,1.341,0.962,260.847,158.146,240.217,113.886,97.673,100.08,2.312
1,41,80.262,1.338,1.035,215.928,160.649,244.639,117.987,98.061,99.005,2.329
1,32,81.541,1.359,1.168,167.371,160.705,242.844,119.616,100.896,98.046,2.287
1,13,66.287,1.105,1.373,101.533,160.462,240.0,120.553,97.293,94.133,2.308
1,2,48.042,0.801,1.529,50.537,155.641,236.457,114.018,94.594,89.202,2.382
1,-17,33.615,0.56,2.101,52.802,150.266,228.548,111.893,87.092,78.772,2.469
1,-41,45.618,0.76,2.688,83.815,153.075,224.644,108.227,84.528,85.329,2.423
1,-55,57.567,0.959,2.842,115.741,149.883,217.175,110.675,88.119,84.646,2.299
1,-61,61.66,1.028,2.995,144.257,145.619,210.794,105.394,82.365,73.246,2.423
1,-67,67.268,1.121,3.052,181.893,138.232,200.529,92.655,71.197,60.166,2.685
1,-63,63.285,1.055,3.047,216.123,126.016,191.063,88.233,65.863,49.244,2.819
1,-57,59.203,0.987,2.868,240.56,117.456,183.439,80.056,52.802,35.384,3.271
1,-56,60.539,1.009,2.752,252.686,104.202,180.602,74.25,44.553,26.42,3.731
1,-51,59.169,0.986,2.61,264.439,83.774,180.136,53.535,31.321,22.361,5.04
1,-51,62.426,1.04,2.527,256.189,76.688,185.194,45.31,23.087,22.804,6.092
1,-47,59.203,0.987,2.488,252.05,109.225,208.031,73.171,45.277,43.417,3.856
1,-37,55.973,0.933,2.293,231.758,80.225,206.952,45.541,25.495,33.601,5.933
1,-32,55.218,0.92,2.189,207.155,84.149,212.05,45.706,26.476,32.802,6.059
1,-26,46.043,0.767,2.171,177.124,89.677,217.8,48.508,28.443,33.601,5.91
1,-6,37.483,0.625,1.732,155.309,93.215,220.601,48.26,30.364,36.62,5.743
1,0,25.0,0.417,1.571,122.45,96.177,226.815,52.24,32.757,35.468,5.648
1,15,19.209,0.32,0.675,90.211,96.509,227.684,51.01,32.894,38.275,5.591
1,27,27.0,0.45,0.0,53.712,100.02,231.199,57.009,36.401,39.205,5.23
1,37,40.719,0.679,-0.431,11.705,101.637,234.201,56.036,36.139,40.46,5.297
1,44,54.406,0.907,-0.629,64.413,100.439,233.985,54.083,35.171,38.419,5.498
1,46,61.62,1.027,-0.728,144.544,99.69,234.35,61.008,40.262,43.863,4.844
1,57,66.888,1.115,-0.551,214.979,98.27,234.557,62.201,38.328,38.949,5.045
1,72,76.551,1.276,-0.347,257.309,97.129,233.06,65.115,38.053,34.67,5.072
1,80,81.049,1.351,-0.161,333.156,95.425,221.289,61.465,35.903,33.121,5.088
1,93,93.193,1.553,0.064,377.244,109.59,213.265,78.006,54.406,38.079,3.753
1,100,100.717,1.679,0.119,393.08,141.676,200.202,109.622,83.738,62.482,2.348
1,97,98.153,1.636,0.153,394.392,159.831,213.378,143.283,109.293,94.847,1.843
1,90,91.782,1.53,0.197,385.689,163.221,211.981,155.332,112.699,103.446,1.712
1,77,80.957,1.349,0.314,367.984,156.822,223.043,153.873,116.056,108.503,1.768
1,62,74.887,1.248,0.595,345.562,155.631,241.299,158.24,112.588,115.07,1.876
1,58,79.931,1.332,0.759,307.371,163.982,245.734,123.859,105.019,103.005,2.221
1,64,87.727,1.462,0.753,209.69,163.414,250.338,122.776,106.513,107.0,2.233
1,39,63.411,1.057,0.908,166.075,166.769,251.336,127.016,109.142,110.041,2.178
1,33,61.587,1.026,1.005,88.685,168.467,250.569,127.236,109.385,108.227,2.18
1,12,27.731,0.462,1.123,6.083,172.54,251.978,127.632,108.669,109.293,2.187
1,-9,9.22,0.154,-2.923,74.007,168.861,249.804,123.438,106.902,104.48,2.238
1,-26,31.623,0.527,-2.536,146.414,168.253,249.303,122.984,104.403,107.299,2.235
1,-36,45.0,0.75,-2.498,197.365,165.197,246.564,131.095,106.738,103.392,2.168
1,-37,46.4,0.773,-2.494,228.561,162.496,234.079,130.142,103.407,96.177,2.13
1,-40,45.651,0.761,-2.639,238.254,159.389,229.811,120.067,95.854,88.645,2.264
1,-46,54.378,0.906,-2.579,245.033,160.524,221.822,127.632,96.664,93.172,2.096
1,-39,42.154,0.703,-2.752,249.05,154.263,213.434,124.555,95.713,81.271,2.123
1,-39,41.785,0.696,-2.774,249.339,140.801,200.192,101.02,78.721,62.298,2.481
1,-33,34.785,0.58,-2.82,229.961,125.992,191.128,86.452,63.008,45.0,2.949
1,-29,30.083,0.501,-2.872,212.476,102.078,183.807,69.029,45.0,26.627,3.92
1,-31,31.401,0.523,-2.982,184.567,91.788,182.099,56.851,31.401,18.028,5.14
1,-25,25.08,0.418,3.062,139.216,76.922,181.893,44.418,20.616,19.849,6.429
1,-20,20.1,0.335,-3.042,95.802,72.111,187.115,41.485,18.111,20.616,6.998
1,-15,15.811,0.264,-2.82,67.082,86.209,195.563,43.966,20.1,23.324,6.714
1,-4,11.705,0.195,-1.92,45.891,87.132,202.527,41.761,20.1,27.203,6.822
1,3,13.342,0.222,-1.344,33.971,88.843,212.361,43.566,27.857,37.202,5.865
1,15,27.459,0.458,-0.993,32.757,92.962,216.965,41.049,27.731,37.59,6.119
1,19,46.098,0.768,-1.146,36.222,102.357,224.84,48.374,33.615,42.942,5.399
1,30,53.254,0.888,-0.972,58.31,108.812,234.03,52.393,36.892,45.618,5.204
1,35,65.192,1.087,-1.004,90.609,112.894,240.416,55.082,41.881,50.12,4.904
1,38,71.868,1.198,-1.014,137.131,113.296,245.326,56.613,42.202,51.0,4.913
1,44,79.322,1.322,-0.983,171.327,109.11,244.387,57.559,40.706,46.325,5.071
1,57,82.759,1.379,-0.811,237.607,109.444,242.392,63.008,42.379,46.098,4.8
1,57,73.246,1.221,-0.679,290.63,127.44,248.847,82.389,55.973,55.227,3.856
1,66,73.348,1.222,-0.451,332.758,123.329,242.26,96.167,70.52,54.203,3.29
1,76,80.006,1.333,-0.318,348.811,148.519,192.502,150.0,113.649,91.022,1.628
1,75,78.16,1.303,-0.285,358.469,154.457,206.342,135.104,106.527,88.204,1.877
1,65,66.708,1.112,-0.227,352.666,166.352,185.311,167.108,129.8,112.712,1.357
1,60,60.075,1.001,-0.05,341.123,147.435,232.078,169.956,133.195,114.756,1.666
1,48,48.374,0.806,0.124,316.538,156.109,227.07,152.109,120.416,115.109,1.757
1,48,50.0,0.833,0.284,278.097,164.757,245.595,120.806,103.942,104.043,2.241
1,42,45.695,0.762,0.405,222.173,164.469,247.227,127.577,108.904,110.041,2.14
1,29,32.65,0.544,0.477,163.025,162.484,249.159,123.665,104.561,106.005,2.236
1,17,17.464,0.291,0.231,93.915,163.783,247.504,125.865,105.537,101.242,2.232
1,2,2.236,0.037,-0.464,43.6,164.596,248.316,125.0,101.39,104.69,2.25
1,-19,23.022,0.384,-2.542,45.967,163.768,244.92,123.907,98.082,103.407,2.258
1,-31,36.892,0.615,-2.569,81.707,160.879,242.769,122.654,98.351,96.881,2.291
1,-40,41.761,0.696,-2.85,116.181,158.474,228.484,123.879,96.005,91.924,2.198
1,-46,48.384,0.806,-2.826,151.251,151.727,216.06,114.057,89.006,85.44,2.247
1,-44,45.354,0.756,-2.897,182.102,139.345,206.737,110.259,85.088,69.354,2.343
1,-45,45.011,0.75,-3.119,201.301,139.032,187.883,102.903,72.622,54.378,2.452
1,-42,42.755,0.713,2.953,218.0,124.78,193.041,91.214,60.083,45.044,2.95
1,-41,44.385,0.74,2.749,235.257,138.058,204.519,104.048,68.964,56.303,2.676
1,-44,46.819,0.78,2.793,248.805,156.416,220.436,95.509,68.877,65.054,2.882
1,-40,45.177,0.753,2.658,236.178,150.266,235.262,101.193,73.824,60.141,3.001
1,-39,44.294,0.738,2.648,227.108,117.546,229.957,75.326,49.82,53.907,3.853
1,-38,43.417,0.724,2.637,208.137,108.046,222.948,56.436,34.059,32.527,5.437
1,-36,41.677,0.695,2.614,178.765,100.807,227.07,52.24,31.575,34.059,5.779
1,-37,41.146,0.686,2.689,150.96,101.0,230.17,52.086,36.401,44.045,5.21
1,-36,36.878,0.615,2.923,130.771,103.942,233.574,50.01,36.401,45.0,5.332
1,-26,26.476,0.441,2.952,104.809,103.942,238.665,54.083,40.719,50.606,4.924
1,-18,25.456,0.424,2.356,80.523,104.561,238.046,51.352,39.357,48.826,5.118
1,-4,9.849,0.164,1.989,58.034,107.201,241.961,54.745,43.909,52.202,4.812
1,7,15.652,0.261,-1.107,40.311,105.537,241.919,52.612,44.294,51.4,4.894
1,11,40.522,0.675,-1.296,38.013,108.683,241.919,56.321,42.485,47.802,4.95
1,2,55.036,0.917,-1.534,125.256,105.773,241.698,56.036,39.925,46.228,5.1
1,18,51.264,0.854,-1.212,134.034,106.738,243.329,65.008,43.012,45.967,4.741
1,13,48.765,0.813,-1.301,259.825,116.927,245.734,70.114,45.706,46.228,4.549
1,27,33.015,0.55,-0.613,248.944,110.0,242.043,79.246,49.01,44.721,4.198
1,37,37.0,0.617,0.0,274.066,118.533,230.521,84.315,58.31,44.385,3.698
1,43,47.011,0.784,0.416,301.841,145.086,215.149,116.0,91.831,74.202,2.289
1,42,48.374,0.806,0.519,307.878,154.674,220.955,131.015,104.809,88.142,2.046
1,37,48.918,0.815,0.713,296.326,153.052,232.125,150.632,117.686,99.328,1.894
1,30,40.361,0.673,0.733,277.462,162.61,227.748,149.833,116.379,106.705,1.832
1,19,33.838,0.564,0.975,248.008,162.388,245.459,124.064,103.581,103.238,2.225
1,21,41.677,0.695,1.043,189.676,161.245,249.778,130.495,110.766,105.043,2.164
1,18,37.59,0.626,1.071,130.081,161.012,255.548,127.577,106.921,104.12,2.264
1,4,28.284,0.471,1.429,40.311,162.348,254.951,126.242,105.546,102.176,2.29
1,-4,12.649,0.211,1.893,45.0,164.575,254.285,126.491,103.942,103.392,2.285
1,-16,16.0,0.267,3.142,127.138,161.533,251.213,123.329,98.717,101.833,2.327
1,-31,34.438,0.574,-2.691,195.021,161.137,246.343,125.591,97.514,102.825,2.267
1,-39,40.804,0.68,-2.843,242.739,160.262,248.395,123.033,95.079,100.13,2.342
1,-42,45.31,0.755,-2.757,271.017,161.474,247.413,119.871,95.88,99.298,2.356
1,-48,49.729,0.829,-2.877,288.196,158.777,233.825,122.931,99.624,92.763,2.225
1,-48,50.289,0.838,-2.839,296.339,152.315,220.792,110.982,88.6,83.744,2.338
1,-51,51.624,0.86,-2.986,288.683,143.422,217.412,105.551,81.707,69.376,2.542
1,-43,43.186,0.72,3.049,285.806,129.808,203.973,90.973,67.082,49.193,2.953
1,-44,44.721,0.745,2.962,277.462,111.866,199.424,77.466,50.22,29.732,3.801
1,-40,41.231,0.687,2.897,265.663,86.354,199.161,58.412,33.015,18.028,5.459
1,-38,39.56,0.659,2.86,258.428,85.866,206.41,57.871,31.257,29.069,5.239
1,-36,37.363,0.623,2.871,234.974,124.579,226.418,91.548,66.761,63.6,3.061
1,-34,38.013,0.634,2.678,206.495,135.532,237.565,85.709,59.203,63.032,3.427
1,-32,35.777,0.596,2.678,179.627,134.495,241.878,80.399,58.523,63.032,3.593
1,-35,36.688,0.611,2.837,142.762,113.952,237.952,65.069,49.649,54.452,4.22
1,-23,31.828,0.53,2.378,114.127,102.181,235.51,46.0,35.341,45.607,5.565
1,-11,22.825,0.38,2.074,88.549,100.02,241.57,43.738,37.216,46.4,5.691
1,4,12.649,0.211,1.249,56.859,102.357,242.332,46.325,40.497,51.614,5.252
1,13,13.601,0.227,-0.298,30.463,106.738,245.326,50.99,43.417,51.4,5.048
1,24,28.844,0.481,-0.588,6.403,103.846,242.26,59.008,40.497,47.634,4.939
1,24,36.125,0.602,-0.844,49.649,109.895,244.469,69.116,48.27,51.74,4.336
1,35,54.672,0.911,-0.876,117.618,109.041,242.866,64.777,40.112,41.4,4.981
1,37,49.578,0.826,-0.728,166.087,109.895,239.708,70.859,45.011,42.19,4.55
1,40,47.707,0.795,-0.576,223.575,91.788,227.059,60.926,34.482,27.857,5.526
1,45,47.127,0.785,-0.302,262.819,94.578,219.094,74.632,45.277,28.636,4.425
1,47,47.17,0.786,-0.085,297.567,134.015,201.022,103.247,79.812,60.216,2.479
1,46,46.872,0.781,0.193,302.592,151.486,185.0,135.093,111.018,89.471,1.654
1,43,49.244,0.821,0.509,284.635,155.438,219.914,156.157,123.879,105.005,1.713
1,40,47.17,0.786,0.559,255.384,157.801,224.288,166.111,129.692,117.239,1.629
1,46,61.62,1.027,0.728,214.0,169.815,239.616,128.736,107.689,114.0,2.051
1,35,47.424,0.79,0.741,163.23,168.003,244.706,124.908,108.665,113.358,2.116
1,28,39.598,0.66,0.785,84.646,165.387,249.616,127.346,110.454,112.112,2.14
1,13,22.204,0.37,0.945,43.566,164.137,247.243,126.905,111.221,113.071,2.112
1,-5,10.296,0.172,2.078,15.297,164.56,246.13,129.522,110.454,111.0,2.104
1,-22,22.023,0.367,-3.096,42.579,162.693,242.64,126.178,105.721,104.077,2.167
1,-29,29.833,0.497,-2.905,74.007,162.459,240.169,125.575,105.38,103.078,2.157
1,-35,36.139,0.602,-2.89,100.319,163.294,236.597,125.873,104.738,106.17,2.108
1,-35,36.688,0.611,-2.837,135.015,161.892,229.142,123.968,101.203,104.48,2.085
1,-29,30.083,0.501,-2.872,160.2,159.211,226.991,121.491,99.202,100.841,2.118
1,-24,24.021,0.4,3.1,174.734,154.738,220.048,118.106,92.72,90.934,2.188
1,-24,24.021,0.4,3.1,183.576,146.711,206.814,105.309,84.77,76.792,2.325
1,-23,26.42,0.44,-2.627,185.828,132.076,193.776,92.59,71.512,56.045,2.641
1,-27,28.792,0.48,-2.787,180.624,112.045,186.271,76.609,51.478,31.064,3.511
1,-28,28.018,0.467,-3.106,175.616,83.217,183.096,56.586,29.069,15.133,5.45
1,-36,37.363,0.623,2.871,147.706,95.352,196.003,64.195,41.012,38.275,4.098
1,-40,41.761,0.696,2.85,128.316,93.343,207.543,66.37,44.283,44.822,4.005
1,-37,37.656,0.628,2.955,105.095,103.121,218.929,63.506,42.107,45.453,4.348
1,-29,29.017,0.484,-3.107,83.672,93.134,219.672,54.332,35.693,41.725,5.002
1,-20,21.19,0.353,-2.805,65.0,99.985,225.61,53.339,36.401,43.863,5.066
1,-7,11.402,0.19,-2.232,50.22,101.607,230.417,49.366,34.205,43.139,5.455
1,3,16.279,0.271,-1.385,35.128,99.202,234.35,40.522,37.014,48.765,5.567
1,14,24.413,0.407,-0.96,25.554,102.108,238.6,42.72,38.601,49.396,5.476
1,21,35.0,0.583,-0.927,23.537,105.65,240.973,48.083,40.608,51.108,5.171
1,29,37.014,0.617,-0.671,32.985,107.28,242.297,49.254,38.471,48.6,5.332
1,35,44.822,0.747,-0.675,51.313,100.96,239.176,53.085,34.928,43.186,5.469
1,24,44.944,0.749,-1.007,97.453,103.812,238.65,63.127,39.319,40.0,5.026
1,21,40.817,0.68,-1.03,160.524,116.619,242.043,71.701,48.166,47.885,4.329
1,27,41.11,0.685,-0.854,209.39,102.961,233.38,77.82,50.961,34.132,4.298
1,26,30.529,0.509,-0.552,257.847,131.229,231.002,111.826,84.504,65.765,2.644
1,32,32.062,0.534,-0.062,302.238,146.373,206.981,108.19,86.839,72.201,2.324
1,33,33.541,0.559,0.18,313.904,156.339,221.883,145.0,112.712,92.477,1.901
1,31,33.242,0.554,0.369,304.473,163.371,229.611,125.196,102.46,98.717,2.111
1,21,27.659,0.461,0.709,282.843,156.064,237.649,112.004,95.52,98.858,2.327
1,12,25.06,0.418,1.071,243.614,153.561,240.62,113.159,94.372,101.833,2.333
1,11,34.785,0.58,1.249,197.091,154.923,244.696,118.106,98.234,101.597,2.309
1,5,32.388,0.54,1.416,137.615,153.561,241.897,113.6,92.973,97.867,2.384
1,-11,31.016,0.517,1.933,80.523,157.785,244.859,115.382,90.824,99.464,2.403
1,-15,21.213,0.354,2.356,27.659,155.322,242.909,115.382,89.538,99.464,2.394
1,-40,40.112,0.669,3.067,53.31,158.382,242.528,116.469,91.389,99.464,2.368
1,-50,50.04,0.834,-3.102,85.165,153.652,233.482,114.909,91.706,92.179,2.344
1,-58,58.215,0.97,-3.056,123.968,157.547,224.964,104.809,79.404,68.542,2.67
1,-58,59.034,0.984,-2.954,160.253,148.223,217.313,94.069,70.767,51.039,3.02
1,-53,53.759,0.896,-2.973,184.694,134.715,214.767,86.683,60.208,43.139,3.391
1,-44,44.045,0.734,-3.096,208.154,115.209,200.878,71.589,48.549,34.176,3.905
1,-48,49.729,0.829,-2.877,226.055,95.771,193.039,55.803,37.947,29.428,4.701
1,-45,45.706,0.762,-2.966,229.264,93.231,194.023,45.651,29.428,31.906,5.441
1,-41,41.012,0.684,-3.117,230.705,84.172,198.645,41.785,25.0,29.732,6.174
1,-38,38.833,0.647,2.934,224.243,80.399,205.779,40.497,25.08,31.401,6.366
1,-42,43.966,0.733,2.841,207.162,87.006,213.265,39.294,23.195,30.232,6.9
1,-40,46.141,0.769,2.62,178.676,94.34,222.926,41.437,25.71,32.202,6.732
1,-49,59.641,0.994,2.535,155.641,94.43,226.921,48.508,32.016,39.205,5.686
1,-46,52.839,0.881,2.627,124.02,98.005,228.107,52.345,35.44,42.012,5.272
1,-31,38.601,0.643,2.503,98.813,107.564,230.274,52.086,38.897,47.508,4.988
1,-25,32.016,0.534,2.467,76.276,110.644,231.905,50.04,37.336,44.045,5.294
1,-11,20.248,0.337,2.145,58.31,103.576,230.653,51.01,37.336,44.045,5.227
1,-2,14.142,0.236,1.713,39.357,103.942,230.931,51.01,35.114,42.012,5.407
1,5,7.81,0.13,-0.876,8.485,100.807,231.041,56.036,37.947,42.012,5.097
1,10,11.18,0.186,-0.464,27.019,101.637,232.181,53.085,34.785,41.4,5.388
1,0,21.0,0.35,-1.571,69.635,103.16,232.775,59.076,33.956,35.468,5.434
1,7,15.652,0.261,-1.107,120.806,98.489,228.95,53.339,30.15,31.89,5.953
1,9,13.454,0.224,-0.838,194.373,95.352,227.37,59.682,34.059,33.422,5.364
1,17,17.263,0.288,-0.175,240.869,84.291,219.536,62.642,38.053,30.017,5.039
1,27,27.893,0.465,0.254,274.372,91.395,207.509,72.56,49.193,31.257,4.069
1,33,36.674,0.611,0.451,293.246,126.507,196.003,106.042,79.931,57.28,2.417
1,31,36.892,0.615,0.573,306.529,139.517,209.571,125.399,94.81,67.956,2.182
1,25,34.655,0.578,0.765,300.107,147.085,224.009,145.801,104.01,82.765,2.021
1,17,34.482,0.575,1.055,271.0,162.413,235.476,133.765,97.944,77.201,2.287
1,11,30.083,0.501,1.196,220.02,163.615,250.639,122.984,94.541,77.466,2.549
1,9,31.321,0.522,1.279,171.237,166.208,257.387,121.248,99.96,87.824,2.499
1,0,27.0,0.45,1.571,104.019,163.273,262.414,119.407,96.799,87.966,2.588
1,-8,22.472,0.375,1.935,33.0,168.434,263.964,122.156,97.739,87.966,2.572
1,-15,21.932,0.366,2.324,34.015,167.547,265.241,123.004,97.739,86.145,2.593
1,-25,25.08,0.418,3.062,100.499,165.484,263.059,122.119,96.385,82.0,2.626
1,-28,28.071,0.468,-3.07,158.455,159.298,258.211,119.419,92.309,77.666,2.677
1,-36,36.014,0.6,-3.114,190.318,157.156,252.794,114.285,88.837,71.169,2.765
1,-40,40.0,0.667,3.142,220.327,158.518,246.221,111.018,85.983,68.71,2.78
1,-43,43.29,0.721,3.026,231.78,156.78,234.617,106.019,79.63,56.356,2.908
1,-50,50.636,0.844,2.983,245.277,130.801,209.057,96.876,69.311,41.012,3.027
1,-53,53.759,0.896,2.973,247.348,111.018,203.337,97.617,67.209,44.598,2.913
1,-51,51.788,0.863,2.967,245.801,92.574,194.178,78.262,53.712,40.05,3.386
1,-46,48.384,0.806,2.826,236.136,83.726,189.169,62.642,39.051,37.443,4.079
1,-42,45.31,0.755,2.757,215.416,78.026,195.167,49.98,31.016,31.145,5.221
1,-43,45.541,0.759,2.806,190.683,84.481,209.669,46.174,28.16,32.65,5.879
1,-40,43.463,0.724,2.74,166.388,85.988,214.898,41.485,27.459,30.0,6.516
1,-40,44.283,0.738,2.698,136.927,92.396,225.089,40.311,26.926,31.401,6.846
1,-33,38.079,0.635,2.619,114.232,95.126,227.517,44.045,29.732,35.609,6.24
1,-33,34.482,0.575,2.847,90.477,98.489,231.458,47.0,33.242,38.601,5.843
1,-25,25.318,0.422,2.983,71.784,106.738,234.764,51.01,34.176,40.0,5.626
1,-12,12.369,0.206,-2.897,45.607,109.202,238.449,54.083,36.77,43.417,5.328
1,1,8.062,0.134,-1.446,22.361,108.931,239.704,58.31,41.231,45.277,4.966
1,11,19.416,0.324,-0.969,10.198,108.522,240.169,54.332,39.812,44.822,5.185
1,26,31.623,0.527,-0.606,41.881,111.629,241.779,55.579,39.395,44.822,5.189
1,36,41.183,0.686,-0.507,88.6,108.467,240.033,54.231,38.079,45.0,5.244
1,35,47.424,0.79,-0.741,140.456,102.142,238.372,59.304,36.346,36.069,5.429
1,35,46.098,0.768,-0.709,197.132,97.719,233.48,62.801,38.053,32.802,5.241
1,43,49.244,0.821,-0.509,247.477,103.947,227.693,69.376,44.011,34.986,4.604
1,38,39.56,0.659,-0.282,291.988,93.862,211.294,73.41,51.865,36.056,3.929
1,50,50.16,0.836,0.08,338.591,127.883,205.039,103.812,78.645,57.315,2.565
1,48,48.836,0.814,0.185,352.204,136.561,212.002,125.865,96.426,73.817,2.148
1,46,48.703,0.812,0.335,352.0,146.509,223.618,141.767,113.464,87.658,1.956
1,39,46.325,0.772,0.57,331.122,155.416,227.431,142.302,104.809,91.082,2.017
1,38,50.329,0.839,0.715,286.184,158.319,249.387,120.067,92.574,84.929,2.514
1,33,47.381,0.79,0.8,226.991,158.777,251.794,115.836,94.705,84.929,2.557
1,23,43.566,0.726,1.015,171.172,158.316,250.352,115.395,92.477,83.744,2.575
1,13,38.275,0.638,1.224,83.259,163.248,253.876,118.533,94.34,86.885,2.541
1,-3,16.279,0.271,1.756,33.061,163.371,251.873,118.119,94.541,85.147,2.537
1,-19,19.925,0.332,2.836,59.237,162.61,250.715,115.486,92.136,79.404,2.62
1,-29,29.833,0.497,-2.905,116.559,157.953,246.002,111.517,85.475,78.848,2.675
1,-41,45.188,0.753,-2.708,171.828,155.926,247.386,109.403,84.315,69.08,2.824
1,-42,49.396,0.823,-2.587,221.995,151.172,241.603,109.018,83.235,74.847,2.714
1,-44,51.624,0.86,-2.591,254.443,147.275,226.416,102.65,78.102,63.506,2.781
1,-52,57.271,0.955,-2.709,279.351,131.21,219.18,94.921,70.292,55.946,2.973
1,-52,58.592,0.977,-2.663,292.828,119.604,212.514,85.796,63.008,47.707,3.244
1,-53,57.385,0.956,-2.748,291.163,107.935,203.039,79.906,55.317,34.713,3.584
1,-50,54.626,0.91,-2.727,280.829,104.317,202.485,76.485,53.075,35.847,3.672
1,-45,46.84,0.781,-2.86,268.561,85.071,201.358,55.57,34.438,23.087,5.341
1,-37,38.079,0.635,-2.903,233.489,78.772,204.534,49.041,28.284,29.069,5.767
1,-27,27.074,0.451,-3.068,204.788,85.006,210.459,48.703,27.074,30.414,5.946
1,-16,16.0,0.267,3.142,175.73,85.475,211.009,50.01,27.0,27.659,6.048
1,-2,2.828,0.047,2.356,129.757,89.443,218.961,54.148,28.284,29.206,5.884
1,5,5.0,0.083,0.0,106.569,102.616,227.055,50.09,29.614,29.411,6.243
1,1,10.05,0.167,-1.471,89.454,104.809,231.193,54.009,32.757,31.401,5.869
1,3,14.318,0.239,-1.36,74.061,108.167,233.555,54.009,33.734,33.601,5.774
1,14,18.439,0.307,-0.709,67.683,110.136,236.647,57.009,33.734,31.623,5.802
1,25,27.313,0.455,-0.415,60.415,114.018,238.55,60.008,35.511,32.016,5.611
1,32,36.235,0.604,-0.488,42.485,107.703,240.635,61.008,34.713,32.016,5.651
1,34,38.471,0.641,-0.487,55.0,109.005,241.868,65.008,38.328,31.145,5.396
1,30,37.202,0.62,-0.633,95.525,104.403,236.84,64.07,36.222,32.016,5.37
1,33,38.588,0.643,-0.545,145.88,94.921,228.615,66.483,35.014,28.425,5.279
1,37,40.311,0.672,-0.408,205.183,91.137,218.241,63.569,38.079,28.46,5.032
1,39,40.262,0.671,-0.251,259.262,111.893,197.8,88.482,60.803,39.446,3.144
1,46,46.39,0.773,0.13,313.081,133.81,192.167,106.019,78.746,59.548,2.36
1,48,49.729,0.829,0.264,324.68,147.628,207.183,130.384,92.655,83.217,2.03
1,50,54.231,0.904,0.398,317.355,159.113,217.568,157.953,112.071,102.416,1.753
1,46,52.839,0.881,0.514,294.17,160.562,230.124,158.152,106.944,93.606,1.925
1,42,55.973,0.933,0.722,247.073,178.885,246.862,131.126,106.775,101.789,2.18
1,46,62.29,1.038,0.74,192.38,177.792,247.073,126.574,106.254,100.499,2.224
1,39,56.586,0.943,0.81,136.781,174.751,250.282,125.3,107.564,103.392,2.233
1,22,34.828,0.58,0.887,72.615,177.71,253.553,127.047,108.522,105.385,2.231
1,4,12.649,0.211,1.249,28.284,176.233,249.826,129.711,109.768,103.484,2.185
1,-21,21.024,0.35,-3.094,79.31,175.801,251.454,126.562,106.569,101.71,2.253
1,-32,33.838,0.564,-2.81,127.424,174.413,250.503,122.54,103.092,102.703,2.289
1,-41,44.777,0.746,-2.728,167.765,174.471,246.759,122.54,98.351,96.876,2.33
1,-48,53.666,0.894,-2.678,206.155,170.309,241.979,121.078,98.234,91.411,2.336
1,-58,65.765,1.096,-2.651,237.076,168.656,235.519,119.281,91.586,84.481,2.392
1,-54,59.933,0.999,-2.693,260.192,165.076,223.213,120.42,93.477,86.377,2.23
1,-58,62.032,1.034,-2.779,275.465,154.311,224.27,133.686,103.228,88.142,2.07
1,-61,63.891,1.065,-2.84,290.689,146.455,227.853,116.726,87.966,75.802,2.437
1,-60,62.097,1.035,-2.881,298.605,144.402,220.737,104.35,78.518,66.068,2.66
1,-55,57.009,0.95,-2.875,301.125,131.229,215.697,96.213,71.063,51.4,2.959
1,-55,56.294,0.938,-2.927,301.304,105.513,205.002,73.926,49.98,32.062,3.943
1,-50,51.196,0.853,-2.925,300.128,97.252,209.862,64.288,38.328,32.249,4.668
1,-40,40.792,0.68,-2.944,292.344,107.168,218.435,55.785,33.015,31.906,5.429
1,-24,25.298,0.422,-2.82,271.553,109.293,226.991,63.953,38.0,34.67,4.984
1,-18,19.698,0.328,-2.723,244.182,112.446,233.944,59.304,38.328,36.401,5.236
1,-9,9.849,0.164,-2.723,212.53,118.089,236.516,57.315,37.336,36.878,5.395
1,5,6.403,0.107,-0.675,163.991,119.436,238.663,59.0,39.294,39.598,5.192
1,6,15.232,0.254,-1.166,127.016,113.78,238.321,56.009,35.44,37.643,5.538
1,21,21.587,0.36,-0.234,89.56,109.385,239.082,52.038,34.785,37.802,5.755
1,35,38.91,0.649,-0.452,53.075,111.319,239.385,54.037,37.336,42.638,5.359
1,38,43.909,0.732,-0.525,57.585,111.0,241.168,54.037,37.363,42.012,5.423
1,39,49.204,0.82,-0.656,101.257,105.65,238.872,58.856,36.125,36.797,5.438
1,45,57.009,0.95,-0.661,144.558,108.416,235.17,66.708,42.297,35.777,4.873
1,44,57.489,0.958,-0.699,227.772,98.127,229.271,77.253,47.297,36.056,4.283
1,47,51.078,0.851,-0.402,284.016,113.886,217.518,92.005,63.6,44.385,3.263
1,50,52.202,0.87,-0.291,316.337,141.82,207.171,121.165,97.949,77.801,2.093
1,54,54.083,0.901,-0.055,340.459,156.349,215.058,145.245,116.503,96.602,1.8
1,49,49.163,0.819,0.081,348.31,157.61,220.912,155.618,119.013,104.547,1.748
1,44,44.721,0.745,0.18,341.855,171.759,228.954,161.003,124.04,113.991,1.721
1,36,37.947,0.632,0.322,312.247,171.47,246.089,122.776,98.955,99.0,2.302
1,30,33.106,0.552,0.437,268.991,172.351,252.127,121.458,100.225,98.0,2.366
1,21,29.0,0.483,0.761,212.72,170.141,256.737,126.531,104.738,105.005,2.29
1,9,21.024,0.35,1.128,137.117,170.188,255.877,126.178,104.561,107.005,2.273
1,1,15.033,0.251,1.504,90.211,167.631,253.917,130.361,106.532,103.005,2.241
1,-20,20.025,0.334,3.092,34.015,171.47,254.678,129.341,107.87,103.044,2.245
1,-36,36.497,0.608,-2.976,68.942,171.397,253.158,129.341,107.079,101.079,2.25
1,-54,56.321,0.939,-2.854,108.503,172.409,254.372,127.13,104.924,102.122,2.284
1,-64,68.007,1.133,-2.797,142.285,170.578,253.464,126.531,103.078,96.255,2.333
1,-76,80.324,1.339,-2.812,191.128,165.955,249.098,132.503,101.0,96.187,2.267
1,-80,83.522,1.392,-2.85,215.058,161.059,245.375,122.577,93.984,86.313,2.43
1,-71,72.567,1.209,-2.933,233.034,166.148,242.033,123.004,91.285,90.609,2.381
1,-68,69.426,1.157,-2.939,243.019,159.261,233.206,125.782,95.708,85.147,2.282
1,-68,69.231,1.154,-2.953,248.244,146.492,218.653,121.235,94.937,79.555,2.218
1,-63,63.789,1.063,-2.984,238.925,131.229,208.396,97.098,70.235,54.424,2.819
1,-59,59.54,0.992,-3.007,221.045,115.365,206.022,81.394,59.203,42.802,3.37
1,-55,55.145,0.919,-3.069,208.031,108.453,194.031,84.404,56.604,35.341,3.301
1,-41,41.049,0.684,3.093,184.353,86.977,187.323,60.539,33.615,22.472,4.819
1,-32,33.242,0.554,2.867,161.047,94.53,202.089,77.647,47.011,43.566,3.604
1,-22,28.425,0.474,2.456,141.683,104.307,215.342,67.186,41.195,43.932,4.241
1,-16,23.345,0.389,2.326,123.762,107.378,225.062,61.392,40.012,43.278,4.667
1,-7,20.248,0.337,1.924,102.357,97.015,226.062,51.196,33.136,36.125,5.63
1,7,19.313,0.322,1.2,73.756,96.177,227.337,46.325,30.15,33.242,6.216
1,17,20.809,0.347,0.615,41.11,94.921,229.314,48.27,30.067,31.89,6.241
1,23,24.042,0.401,0.295,3.0,97.514,230.541,50.99,31.145,34.655,5.922
1,29,29.155,0.486,-0.103,59.464,97.293,232.562,50.99,29.017,29.698,6.36
1,29,30.083,0.501,-0.269,123.762,101.415,232.491,50.695,30.067,27.019,6.471
1,32,32.757,0.546,-0.215,179.254,98.061,232.693,57.489,33.015,31.89,5.704
1,42,42.297,0.705,0.118,241.696,94.191,231.758,64.846,37.121,31.906,5.194
1,48,49.729,0.829,0.264,288.383,101.02,226.753,74.216,47.043,39.357,4.235
1,62,66.129,1.102,0.355,338.333,117.047,212.426,86.452,57.454,41.785,3.432
1,64,73.43,1.224,0.512,357.453,133.462,203.089,114.018,88.414,67.268,2.259
1,65,79.057,1.318,0.606,363.067,147.299,212.925,139.302,106.827,84.599,1.931
1,68,89.376,1.49,0.706,357.169,163.343,248.455,151.4,123.822,102.46,1.974
1,69,98.29,1.638,0.793,332.099,165.653,250.521,147.353,108.079,101.139,2.108
1,60,94.493,1.575,0.883,297.417,169.499,257.07,132.883,106.977,103.942,2.243
1,57,93.408,1.557,0.914,251.448,167.586,255.828,125.706,102.318,102.961,2.319
1,49,84.629,1.41,0.953,183.325,162.604,256.33,124.776,100.901,101.272,2.352
1,37,73.926,1.232,1.047,131.4,168.656,256.205,125.24,100.09,100.449,2.359
1,22,55.543,0.926,1.164,80.411,165.895,253.513,123.004,97.499,97.673,2.39
1,0,37.0,0.617,1.571,26.249,164.514,252.105,124.776,94.868,99.298,2.371
1,-13,29.967,0.499,2.02,31.145,161.236,247.386,124.78,95.273,94.366,2.36
1,-25,32.65,0.544,2.443,46.872,160.897,247.536,117.835,92.195,92.962,2.451
1,-38,42.048,0.701,2.699,77.006,158.446,242.2,115.122,89.944,83.934,2.514
1,-41,43.324,0.722,2.813,100.02,176.082,228.862,113.534,85.959,65.788,2.588
1,-40,40.608,0.677,2.968,124.101,164.104,225.002,112.071,76.551,48.877,2.842
1,-42,42.297,0.705,3.023,158.013,123.434,216.002,92.763,60.828,39.699,3.353
1,-31,35.847,0.597,2.616,176.23,102.942,206.32,74.25,45.255,28.653,4.178
1,-30,30.806,0.513,2.912,183.788,102.728,204.025,82.62,51.313,34.928,3.625
1,-27,32.45,0.541,2.554,192.003,87.596,204.296,67.602,42.059,33.838,4.271
1,-33,38.079,0.635,2.619,193.961,93.904,212.191,67.446,44.045,39.408,4.219
1,-34,45.343,0.756,2.419,176.46,97.0,219.21,63.325,39.205,38.275,4.671
1,-31,49.041,0.817,2.255,160.627,100.499,227.706,62.362,38.053,38.833,4.906
1,-21,50.567,0.843,1.999,136.418,111.803,232.998,61.0,36.056,38.419,5.16
1,-12,45.607,0.76,1.837,111.606,102.772,239.633,58.694,35.228,36.125,5.528
1,-1,44.011,0.734,1.594,92.634,109.238,241.76,59.841,39.115,37.014,5.334
1,11,40.522,0.675,1.296,71.021,114.477,245.082,63.388,41.195,40.608,5.064
1,23,41.049,0.684,0.976,51.971,111.826,247.427,57.428,38.328,39.699,5.48
1,43,58.728,0.979,0.749,52.393,106.32,246.617,55.227,36.497,38.897,5.664
1,61,72.402,1.207,0.569,76.851,104.695,245.817,57.315,36.222,36.797,5.658
1,75,82.347,1.372,0.426,118.87,100.688,245.579,67.742,40.0,32.757,5.244
1,84,88.544,1.476,0.322,180.044,99.247,242.012,77.104,46.011,44.822,4.323
1,95,98.494,1.642,0.267,258.048,105.076,235.459,76.531,50.01,56.223,3.865
1,95,99.04,1.651,0.287,304.657,110.856,219.146,93.477,64.846,46.84,3.204
1,106,112.947,1.882,0.353,363.112,123.004,213.178,106.668,80.61,60.208,2.584
1,108,115.879,1.931,0.371,383.221,145.602,204.0,119.67,95.776,78.409,2.083
1,110,120.017,2.0,0.411,384.574,157.686,222.686,147.248,117.324,98.387,1.841
1,100,116.108,1.935,0.533,365.089,163.417,229.993,161.719,124.354,108.503,1.749
1,79,98.6,1.643,0.641,332.2,176.649,231.043,149.563,119.854,112.294,1.816
1,71,96.938,1.616,0.749,278.115,169.579,248.727,121.852,99.328,103.175,2.301
1,67,102.069,1.701,0.855,232.108,170.309,253.243,128.736,107.689,106.005,2.219
1,73,117.444,1.957,0.9,171.231,169.26,256.164,129.341,109.041,108.296,2.217
1,56,94.403,1.573,0.936,106.212,169.941,256.899,127.472,106.513,108.374,2.251
1,36,68.264,1.138,1.015,67.067,169.068,256.535,126.194,102.611,105.385,2.303
1,15,47.434,0.791,1.249,60.902,168.6,253.055,126.491,103.368,105.575,2.263
1,2,32.062,0.534,1.508,84.315,168.648,254.796,126.289,100.424,102.703,2.32
1,-17,27.019,0.45,2.251,116.09,164.347,250.503,117.239,88.238,97.015,2.484
1,-26,28.231,0.471,2.741,148.637,159.881,241.812,115.004,91.788,95.525,2.4
1,-35,35.014,0.584,3.113,177.815,154.923,236.681,111.414,88.142,77.466,2.563
1,-35,35.014,0.584,3.113,192.151,131.229,219.208,95.802,67.417,45.541,3.15
1,-36,36.222,0.604,-3.031,203.666,105.891,209.308,77.201,48.01,31.145,4.016
1,-39,40.025,0.667,-2.915,210.867,88.865,205.08,61.847,34.828,19.235,5.308
1,-38,38.21,0.637,-3.037,216.843,81.413,204.519,57.28,29.0,16.279,5.982
1,-34,34.132,0.569,3.054,205.76,72.125,196.023,47.802,23.854,16.643,6.66
1,-34,34.928,0.582,2.911,195.969,70.257,196.736,39.395,16.763,21.095,7.64
1,-38,39.56,0.659,2.86,177.116,72.443,198.479,36.056,15.0,20.248,8.351
1,-35,37.336,0.622,2.786,160.465,74.632,205.767,49.01,23.087,26.683,6.249
1,-31,33.242,0.554,2.772,132.914,93.984,217.044,58.009,29.833,27.785,5.631
1,-22,23.087,0.385,2.834,114.495,94.34,226.108,43.046,26.401,30.871,6.762
1,-10,10.77,0.18,2.761,95.713,96.566,235.975,43.738,31.401,39.0,6.202
1,4,8.944,0.149,-1.107,72.615,100.846,244.19,42.72,34.713,44.011,6.032
1,10,17.205,0.287,-0.951,50.961,102.956,256.182,53.16,40.0,45.177,5.556
1,19,31.401,0.523,-0.921,28.636,112.259,258.629,53.852,42.638,47.885,5.374
1,28,41.773,0.696,-0.836,30.887,110.923,260.757,57.585,42.012,48.374,5.287
1,38,47.802,0.797,-0.652,68.6,110.463,258.49,49.336,37.202,44.944,5.898
1,43,51.313,0.855,-0.577,121.631,113.217,251.334,44.102,33.121,39.661,6.451
1,48,55.073,0.918,-0.512,186.132,103.87,238.516,64.008,43.081,43.012,4.767
1,53,55.973,0.933,-0.327,235.187,92.65,225.624,64.281,31.401,25.495,5.586
1,60,60.008,1.0,0.017,279.079,101.71,206.712,68.007,38.897,19.209,4.917
1,72,73.164,1.219,0.179,329.735,109.809,214.021,81.056,55.758,26.907,3.922
1,70,73.082,1.218,0.291,338.25,143.753,229.271,125.252,106.066,89.694,2.143
1,60,67.082,1.118,0.464,326.006,155.081,240.302,122.967,105.849,96.317,2.217
1,60,77.466,1.291,0.685,295.549,166.82,246.343,124.354,106.254,107.378,2.187
1,56,74.411,1.24,0.719,256.877,170.578,249.898,123.033,107.87,108.042,2.212
1,51,70.036,1.167,0.755,188.298,169.0,255.314,129.437,111.288,107.019,2.203
1,33,48.104,0.802,0.815,112.272,169.26,257.449,135.713,113.358,109.005,2.157
1,17,25.495,0.425,0.841,56.223,169.664,258.863,134.536,113.442,107.019,2.188
1,-7,7.28,0.121,-2.863,20.809,167.72,256.035,128.32,105.683,103.121,2.278
1,-33,40.224,0.67,-2.533,77.414,168.19,248.485,127.613,101.119,101.242,2.259
1,-49,61.4,1.023,-2.495,131.309,164.137,240.36,125.543,99.247,100.499,2.217
1,-57,73.878,1.231,-2.452,182.222,153.847,233.174,115.767,95.126,90.355,2.322
1,-64,85.041,1.417,-2.423,219.329,145.262,233.403,107.424,89.022,78.638,2.545
1,-74,98.494,1.642,-2.421,253.444,137.058,221.653,101.966,80.654,65.734,2.677
1,-79,101.671,1.695,-2.461,286.094,121.211,214.663,92.087,66.641,49.396,3.094
1,-79,99.81,1.663,-2.484,302.121,100.419,200.172,79.202,49.092,30.806,3.774
1,-79,97.417,1.624,-2.517,317.907,83.217,191.416,63.6,34.986,15.62,5.028
1,-75,89.045,1.484,-2.572,322.56,70.228,189.042,45.967,21.932,13.892,6.934
1,-79,94.032,1.567,-2.568,325.346,68.593,185.456,35.384,13.601,13.0,8.976
1,-80,92.785,1.546,-2.61,329.055,73.062,186.55,35.609,12.042,15.811,8.819
1,-81,91.241,1.521,-2.663,323.125,67.268,189.082,34.0,10.77,18.682,8.94
1,-81,89.051,1.484,-2.713,312.578,69.231,196.003,33.106,10.198,20.616,9.199
1,-91,98.615,1.644,-2.746,311.448,75.71,202.032,43.012,22.0,27.019,6.586
1,-91,98.615,1.644,-2.746,275.049,76.942,211.547,43.681,22.091,25.807,6.93
1,-83,91.706,1.528,-2.702,239.677,96.54,224.04,47.074,27.166,31.145,6.378
1,-68,83.235,1.387,-2.527,209.344,100.896,231.821,50.695,33.242,37.643,5.72
1,-58,82.024,1.367,-2.356,163.077,101.39,234.974,45.044,32.28,39.623,6.028
1,-31,68.425,1.14,-2.041,112.872,104.809,238.296,41.11,32.311,41.869,6.201
1,-7,62.394,1.04,-1.683,67.543,105.513,242.167,47.011,35.735,44.553,5.707
1,7,68.359,1.139,-1.468,54.231,104.403,240.693,47.096,32.558,36.125,6.237
1,10,70.711,1.179,-1.429,82.807,99.725,237.403,51.157,32.558,36.125,5.943
1,5,74.169,1.236,-1.503,142.042,96.317,234.776,76.164,54.745,45.793,3.986
1,19,58.189,0.97,-1.238,211.405,111.629,228.3,99.81,63.561,42.544,3.326
1,27,47.434,0.791,-0.965,255.625,130.924,213.122,114.477,79.209,63.253,2.488
1,39,48.01,0.8,-0.623,282.846,152.03,201.718,135.148,103.005,84.599,1.875
1,44,47.17,0.786,-0.369,303.659,156.272,213.378,158.685,117.648,102.786,1.688
1,43,43.932,0.732,-0.206,312.218,159.928,221.452,161.744,124.423,110.218,1.676
1,37,37.054,0.618,-0.054,315.824,169.664,230.289,151.397,110.603,112.161,1.846
1,26,26.173,0.436,0.115,309.997,171.082,242.909,148.946,108.467,103.0,2.022
1,19,23.022,0.384,0.6,289.126,177.2,253.314,140.684,110.027,112.361,2.093
1,10,21.471,0.358,1.086,253.14,174.723,257.8,129.283,111.018,113.442,2.186
1,2,27.074,0.451,1.497,200.639,179.536,261.444,133.645,112.539,112.219,2.188
1,-8,32.985,0.55,1.816,141.354,180.081,260.048,135.366,115.213,117.346,2.12
1,-21,31.89,0.532,2.29,70.093,179.324,261.4,133.645,113.442,117.154,2.153
1,-32,32.985,0.55,2.897,23.324,180.25,260.665,133.24,113.283,113.004,2.175
1,-35,35.355,0.589,-3.0,83.433,176.46,258.157,139.946,116.619,110.041,2.113
1,-48,52.0,0.867,-2.747,159.261,173.104,255.033,132.816,104.561,103.044,2.248
1,-53,59.942,0.999,-2.656,235.032,169.26,251.873,129.341,103.368,102.122,2.257
1,-61,64.514,1.075,-2.81,261.691,165.922,246.789,122.776,96.84,101.316,2.307
1,-66,68.154,1.136,-2.889,279.303,159.665,235.553,117.546,96.84,91.662,2.309
1,-71,71.344,1.189,-3.043,293.015,142.524,221.635,107.703,85.071,72.835,2.503
1,-68,68.184,1.136,-3.068,298.042,120.95,203.907,85.0,57.94,37.947,3.382
1,-68,68.0,1.133,3.142,298.203,94.069,188.558,65.803,35.228,19.313,4.7
1,-69,69.029,1.15,3.113,296.892,77.897,183.12,48.083,20.518,19.209,6.256
1,-66,66.008,1.1,3.126,295.63,60.745,172.818,39.825,15.133,11.045,7.855
1,-63,63.127,1.052,3.078,283.833,49.041,162.151,33.601,10.44,19.026,7.713
1,-55,55.326,0.922,3.033,268.628,52.631,170.95,27.586,7.0,17.493,9.848
1,-47,48.052,0.801,2.932,232.82,54.148,178.709,23.707,2.236,21.095,11.398
1,-50,50.04,0.834,3.102,184.946,58.138,192.588,26.0,3.606,21.932,11.211
1,-37,37.0,0.617,3.142,152.971,74.813,209.461,29.428,10.05,23.087,10.044
1,-22,22.0,0.367,3.142,121.017,90.255,224.357,41.231,23.022,26.077,7.451
1,3,3.606,0.06,0.588,79.158,97.867,237.893,41.0,27.019,28.284,7.411
1,7,21.19,0.353,-1.234,31.113,106.532,244.272,54.332,35.228,34.828,5.891
1,16,24.083,0.401,-0.844,50.249,109.659,246.455,61.033,39.623,39.051,5.292
1,21,28.32,0.472,-0.735,123.907,113.508,250.194,63.0,39.623,39.623,5.277
1,44,49.193,0.82,-0.464,210.44,116.76,253.665,59.076,37.643,42.521,5.465
1,60,62.936,1.049,-0.307,269.943,113.225,252.927,65.008,41.593,40.311,5.165
1,77,77.026,1.284,-0.026,314.213,114.481,253.332,69.116,42.107,38.601,5.073
1,92,93.381,1.556,0.172,367.555,113.565,253.032,79.511,49.041,49.82,4.256
1,106,109.895,1.832,0.267,406.282,117.017,240.52,82.855,56.462,41.012,4.001
1,115,120.208,2.003,0.295,425.08,132.966,229.732,107.415,85.563,65.069,2.671
1,116,123.369,2.056,0.347,436.657,157.099,228.14,126.823,106.963,90.0,2.114
1,115,123.491,2.058,0.373,440.955,164.806,229.965,144.361,118.229,100.703,1.899
1,99,116.812,1.947,0.56,437.331,168.386,232.757,140.72,110.136,106.231,1.955
1,99,122.413,2.04,0.629,407.005,180.006,232.177,147.492,116.867,118.14,1.821
1,102,122.589,2.043,0.588,343.494,180.228,238.034,149.272,124.535,114.63,1.838
1,92,105.679,1.761,0.514,267.918,180.693,260.219,143.611,120.599,116.0,2.053
1,83,92.574,1.543,0.459,197.365,178.463,261.645,141.223,116.726,113.018,2.116
1,71,76.322,1.272,0.376,121.202,178.846,261.691,143.391,118.828,116.017,2.076
1,50,50.99,0.85,0.197,61.4,179.011,261.664,142.369,116.108,113.111,2.113
1,34,34.015,0.567,-0.029,21.401,178.519,259.532,139.176,115.741,111.221,2.127
1,36,36.674,0.611,-0.192,31.828,174.428,258.817,133.15,110.82,107.378,2.21
1,35,37.336,0.622,-0.356,68.622,173.185,250.46,135.03,105.759,103.697,2.181
1,31,34.438,0.574,-0.451,103.755,166.58,247.891,123.065,99.298,99.985,2.307
1,24,24.515,0.409,-0.205,123.179,158.092,236.916,115.382,96.799,91.782,2.338
1,24,24.331,0.406,0.165,141.796,149.201,227.035,119.57,97.499,82.0,2.277
1,16,16.492,0.275,0.245,155.261,140.464,214.674,109.859,86.764,64.622,2.465
1,17,18.385,0.306,0.391,161.003,105.683,195.028,80.056,53.413,34.655,3.48
1,16,19.416,0.324,0.602,160.016,89.471,193.039,69.426,41.773,26.249,4.213
1,22,22.091,0.368,0.091,146.322,84.012,196.023,60.828,40.608,37.59,4.23
1,22,23.77,0.396,-0.388,120.208,102.122,213.235,72.367,54.0,59.059,3.45
1,24,31.89,0.532,-0.719,98.615,129.869,224.294,101.98,75.611,88.006,2.533
1,14,28.653,0.478,-1.06,85.446,156.349,234.955,123.94,107.935,114.621,2.034
1,21,35.0,0.583,-0.927,54.203,151.344,240.11,110.114,86.006,89.811,2.519
1,36,40.249,0.671,-0.464,34.713,110.44,239.56,57.035,39.051,42.012,5.204
1,49,50.448,0.841,-0.24,11.045,104.043,237.497,40.311,30.017,41.049,6.397
1,58,59.908,0.998,-0.253,15.524,100.901,241.628,38.079,30.61,43.829,6.442
1,73,80.529,1.342,-0.436,35.355,105.849,246.418,44.011,35.468,46.53,5.867
1,77,91.81,1.53,-0.576,58.83,107.935,250.799,44.598,36.878,51.884,5.642
1,80,98.229,1.637,-0.619,90.973,106.405,253.432,42.202,35.228,48.021,6.061
1,80,99.403,1.657,-0.635,131.046,108.268,256.394,44.407,37.121,47.802,5.947
1,80,103.711,1.729,-0.69,177.73,108.503,253.124,51.157,33.734,39.598,6.1
1,83,102.416,1.707,-0.626,219.993,149.054,268.955,132.401,112.294,122.674,2.196
1,85,96.177,1.603,-0.487,264.358,187.758,256.581,121.511,102.694,100.21,2.373
1,83,86.4,1.44,-0.281,291.488,170.751,201.804,133.0,114.039,94.048,1.775
1,82,82.006,1.367,0.012,324.785,148.946,189.763,130.096,106.217,89.872,1.745
1,85,87.321,1.455,0.231,330.491,153.154,212.84,150.695,118.983,99.298,1.731
1,95,97.745,1.629,0.238,260.019,160.527,231.327,168.107,129.711,112.009,1.693
1,93,94.726,1.579,0.191,214.058,165.496,241.133,136.418,113.653,115.122,1.981
1,88,88.363,1.473,0.091,152.013,168.648,247.413,130.74,110.44,107.355,2.13
1,71,71.028,1.184,-0.028,98.005,166.364,253.18,129.692,110.114,107.912,2.184
1,56,57.489,0.958,-0.228,64.031,165.024,252.486,130.035,110.114,104.938,2.195
1,47,50.329,0.839,-0.366,42.579,164.177,253.18,128.316,105.081,105.38,2.242
1,35,43.012,0.717,-0.62,29.411,165.605,250.46,127.016,105.081,106.888,2.217
1,29,41.725,0.695,-0.802,18.974,163.267,240.26,125.925,100.881,102.181,2.191
1,17,36.235,0.604,-1.082,30.414,163.67,238.533,131.309,102.786,101.415,2.133
1,8,40.792,0.68,-1.373,66.483,157.544,233.951,123.976,98.681,99.247,2.18
1,11,39.56,0.659,-1.289,116.297,155.332,228.403,117.171,96.462,89.269,2.262
1,3,37.121,0.619,-1.49,143.136,147.275,214.149,111.893,92.698,80.604,2.253
1,-9,40.025,0.667,-1.798,172.838,130.92,192.824,96.177,78.109,62.586,2.442
1,-28,52.154,0.869,-2.138,197.124,117.004,173.104,87.092,62.769,43.681,2.683
1,-38,54.452,0.908,-2.343,226.142,166.09,143.224,70.235,36.235,15.033,3.536
1,-53,64.637,1.077,-2.532,252.792,128.996,177.0,90.0,76.844,70.178,2.24
1,-66,71.694,1.195,-2.74,278.514,152.266,195.576,122.066,114.529,112.294,1.682
1,-89,90.094,1.502,-2.986,315.087,131.034,218.817,99.247,66.31,67.179,2.821
1,-112,112.219,1.87,-3.079,344.793,133.154,229.212,105.721,65.521,65.299,2.907
1,-126,126.143,2.102,-3.094,371.098,110.86,222.8,56.08,33.956,41.869,5.067
1,-141,141.354,2.356,-3.071,397.287,104.995,225.488,47.518,29.53,39.825,5.788
1,-151,151.845,2.531,-3.036,416.438,105.622,232.562,49.729,35.0,46.519,5.316
1,-163,164.222,2.737,-3.02,432.145,111.79,239.176,52.811,39.205,49.193,5.081
1,-171,172.965,2.883,-2.991,445.623,109.932,240.033,49.98,37.643,46.519,5.368
1,-170,172.803,2.88,-2.961,456.799,106.977,241.168,53.6,39.408,48.301,5.12
1,-158,166.337,2.772,-2.824,462.391,106.977,238.933,55.227,37.162,45.486,5.199
1,-168,181.24,3.021,-2.757,447.028,122.703,239.52,73.11,48.765,56.586,4.026
1,-177,190.339,3.172,-2.765,396.989,137.786,242.392,93.059,70.838,61.4,3.228
1,-174,185.744,3.096,-2.784,341.99,155.39,229.0,99.005,70.576,55.082,3.058
1,-175,185.658,3.094,-2.801,294.043,142.888,184.44,123.227,98.494,80.808,1.829
1,-170,178.676,2.978,-2.829,239.052,146.4,205.572,147.122,116.846,94.43,1.721
1,-156,161.818,2.697,-2.873,205.973,161.471,228.561,154.305,125.718,108.171,1.766
1,-141,146.031,2.434,-2.878,184.296,168.158,238.673,127.769,107.205,108.904,2.082
1,-129,132.22,2.204,-2.92,161.012,164.794,245.367,126.921,107.87,104.12,2.172
1,-117,119.436,1.991,-2.939,152.555,168.077,246.089,128.316,106.705,108.167,2.151
2,-100,102.181,1.703,-2.935,136.015,165.711,241.133,129.283,108.342,108.167,2.092
2,-84,85.907,1.432,-2.93,118.903,167.431,243.249,132.91,113.0,109.165,2.055
2,-84,85.907,1.432,-2.93,118.903,167.431,243.249,132.91,113.0,109.165,2.055
2,-84,85.907,1.432,-2.93,118.903,167.431,243.249,132.91,113.0,109.165,2.055
2,-84,85.907,1.432,-2.93,118.903,167.431,243.249,132.91,113.0,109.165,2.055
2,-84,85.907,1.432,-2.93,118.903,167.431,243.249,132.91,113.0,109.165,2.055
2,-84,85.907,1.432,-2.93,118.903,167.431,243.249,132.91,113.0,109.165,2.055
2,22,43.909,0.732,-1.046,244.283,165.529,243.961,130.0,107.355,107.299,2.124
2,24,32.558,0.543,-0.742,231.821,164.149,242.588,129.031,106.212,107.229,2.125
2,1,19.026,0.317,-1.518,215.39,165.529,243.282,127.35,104.393,108.227,2.147
2,-10,12.806,0.213,-2.467,182.321,163.248,239.069,129.031,107.201,105.304,2.1
2,-25,25.962,0.433,-2.869,138.293,161.45,240.483,128.787,107.056,103.175,2.128
2,-30,30.414,0.507,-2.976,89.196,158.777,237.186,122.723,99.141,98.326,2.222
2,-30,31.048,0.517,2.881,33.242,153.847,234.438,120.075,95.525,89.275,2.307
2,-29,29.614,0.494,2.938,55.317,147.139,229.63,113.508,90.355,80.1,2.426
2,-39,39.051,0.651,3.09,75.107,145.413,233.206,110.44,88.459,71.344,2.589
2,-58,61.033,1.017,-2.825,124.004,140.89,232.207,102.611,84.095,65.192,2.765
2,-76,86.354,1.439,-2.647,176.028,133.015,229.26,94.149,75.027,55.326,3.064
2,-91,99.81,1.663,-2.718,220.635,133.015,231.97,90.255,73.027,50.359,3.257
2,-100,103.846,1.731,-2.869,265.59,128.81,233.384,84.929,64.382,44.385,3.615
2,-104,106.301,1.772,-2.933,302.233,129.252,234.798,87.321,61.814,42.544,3.675
2,-106,108.259,1.804,-2.937,361.885,130.25,236.191,82.71,56.294,39.825,3.962
2,-112,114.543,1.909,-2.93,384.533,130.085,236.89,81.32,55.082,40.224,4.024
2,-117,119.436,1.991,-2.939,401.659,132.608,240.433,83.169,58.189,45.607,3.858
2,-118,121.277,2.021,-2.909,410.835,136.213,240.52,86.163,59.135,47.202,3.748
2,-118,122.801,2.047,-2.861,409.705,138.975,239.207,87.092,59.237,51.225,3.633
2,-117,125.718,2.095,-2.767,405.513,141.315,238.193,88.865,63.325,54.406,3.459
2,-107,122.674,2.045,-2.631,397.917,139.607,237.394,88.865,64.622,59.203,3.348
2,-110,130.384,2.173,-2.575,365.396,143.265,237.607,89.811,66.708,62.201,3.259
2,-117,137.906,2.298,-2.584,292.617,145.362,236.603,91.417,65.391,63.6,3.22
2,-115,133.6,2.227,-2.608,247.002,145.362,235.85,94.244,68.352,61.855,3.152
2,-109,123.944,2.066,-2.645,180.136,141.365,235.816,91.093,65.46,57.428,3.306
2,-85,98.615,1.644,-2.61,119.038,135.518,238.556,89.185,63.695,56.613,3.416
2,-64,80.0,1.333,-2.498,75.027,132.85,238.908,89.196,62.65,52.01,3.516
2,-64,80.0,1.333,-2.498,75.027,132.85,238.908,89.196,62.65,52.01,3.516
2,-64,80.0,1.333,-2.498,75.027,132.85,238.908,89.196,62.65,52.01,3.516
2,-64,80.0,1.333,-2.498,75.027,132.85,238.908,89.196,62.65,52.01,3.516
2,-64,80.0,1.333,-2.498,75.027,132.85,238.908,89.196,62.65,52.01,3.516
2,-64,80.0,1.333,-2.498,75.027,132.85,238.908,89.196,62.65,52.01,3.516
2,-64,80.0,1.333,-2.498,75.027,132.85,238.908,89.196,62.65,52.01,3.516
2,-64,80.0,1.333,-2.498,75.027,132.85,238.908,89.196,62.65,52.01,3.516
2,-64,80.0,1.333,-2.498,75.027,132.85,238.908,89.196,62.65,52.01,3.516
2,-64,80.0,1.333,-2.498,75.027,132.85,238.908,89.196,62.65,52.01,3.516
2,-64,80.0,1.333,-2.498,75.027,132.85,238.908,89.196,62.65,52.01,3.516
2,-64,80.0,1.333,-2.498,75.027,132.85,238.908,89.196,62.65,52.01,3.516
2,-64,80.0,1.333,-2.498,75.027,132.85,238.908,89.196,62.65,52.01,3.516
2,-64,80.0,1.333,-2.498,75.027,132.85,238.908,89.196,62.65,52.01,3.516
2,-64,80.0,1.333,-2.498,75.027,132.85,238.908,89.196,62.65,52.01,3.516
2,-64,80.0,1.333,-2.498,75.027,132.85,238.908,89.196,62.65,52.01,3.516
2,-64,80.0,1.333,-2.498,75.027,132.85,238.908,89.196,62.65,52.01,3.516
2,-64,80.0,1.333,-2.498,75.027,132.85,238.908,89.196,62.65,52.01,3.516
2,-109,122.544,2.042,-2.667,111.072,126.21,238.908,89.961,62.769,49.578,3.543
2,-103,116.765,1.946,-2.651,117.038,122.654,237.453,84.172,61.057,48.836,3.671
2,-104,117.184,1.953,-2.663,124.036,45.967,179.424,22.472,35.903,53.151,4.826
2,-101,114.529,1.909,-2.651,127.098,77.827,197.254,57.271,38.079,49.041,4.098
2,-104,115.395,1.923,-2.693,130.096,123.713,205.548,92.136,85.0,80.43,2.394
2,-108,118.596,1.977,-2.716,128.0,143.377,209.554,125.674,107.336,89.805,1.947
2,-107,116.867,1.948,-2.728,122.409,141.028,202.596,123.491,102.083,86.313,1.949
2,-104,113.318,1.889,-2.733,108.683,146.294,196.352,116.914,100.658,90.427,1.913
2,-97,106.93,1.782,-2.707,104.403,145.674,193.127,115.434,98.478,84.504,1.942
2,-90,100.623,1.677,-2.678,98.98,141.028,186.188,130.246,123.454,117.201,1.506
2,-78,89.554,1.493,-2.628,94.921,117.712,186.507,91.088,80.062,79.158,2.235
2,-69,83.487,1.391,-2.544,85.088,78.492,182.28,53.712,40.262,44.272,3.956
2,-56,71.84,1.197,-2.465,72.56,76.217,168.618,46.84,25.942,10.44,6.078
2,-37,53.759,0.896,-2.33,56.613,84.723,165.469,45.31,21.471,12.166,6.288
2,-28,44.822,0.747,-2.246,43.278,91.924,180.006,53.935,33.377,12.728,5.398
2,-14,34.015,0.567,-1.995,27.586,99.93,179.961,64.498,43.012,21.587,4.182
2,-3,26.173,0.436,-1.686,17.493,117.085,213.827,84.054,67.365,48.094,3.215
2,10,23.259,0.388,-1.126,5.099,119.05,222.2,83.006,70.214,50.249,3.276
2,21,27.659,0.461,-0.709,6.708,119.239,228.213,84.0,68.593,50.0,3.379
2,25,27.731,0.462,-0.448,21.587,123.223,231.45,87.052,68.359,51.0,3.364
2,35,36.139,0.602,-0.252,41.012,124.908,232.845,88.091,68.118,51.039,3.371
2,51,51.088,0.851,-0.059,73.164,125.96,234.828,88.204,67.03,51.088,3.414
2,59,59.211,0.987,0.085,128.456,129.988,237.741,91.269,68.0,54.332,3.339
2,66,66.189,1.103,0.076,195.819,129.692,236.603,90.355,70.007,54.452,3.304
2,69,69.007,1.15,-0.014,209.976,125.96,236.315,89.275,66.008,52.773,3.407
2,69,69.007,1.15,-0.014,209.976,125.96,236.315,89.275,66.008,52.773,3.407
2,69,69.007,1.15,-0.014,209.976,125.96,236.315,89.275,66.008,52.773,3.407
2,69,69.007,1.15,-0.014,209.976,125.96,236.315,89.275,66.008,52.773,3.407
2,69,69.007,1.15,-0.014,209.976,125.96,236.315,89.275,66.008,52.773,3.407
2,69,69.007,1.15,-0.014,209.976,125.96,236.315,89.275,66.008,52.773,3.407
2,69,69.007,1.15,-0.014,209.976,125.96,236.315,89.275,66.008,52.773,3.407
2,69,69.007,1.15,-0.014,209.976,125.96,236.315,89.275,66.008,52.773,3.407
2,69,69.007,1.15,-0.014,209.976,125.96,236.315,89.275,66.008,52.773,3.407
2,69,69.007,1.15,-0.014,209.976,125.96,236.315,89.275,66.008,52.773,3.407
2,69,69.007,1.15,-0.014,209.976,125.96,236.315,89.275,66.008,52.773,3.407
2,84,85.51,1.425,0.188,233.452,125.0,235.85,84.214,64.008,50.804,3.555
2,74,79.12,1.319,0.362,213.467,119.641,232.166,76.105,56.009,43.174,3.973
2,65,74.793,1.247,0.517,195.328,114.337,229.943,77.006,56.009,35.511,4.093
2,55,69.203,1.153,0.652,164.0,108.931,221.883,78.09,55.902,35.735,3.922
2,44,62.225,1.037,0.785,141.156,110.354,214.672,70.007,50.04,37.483,4.088
2,24,51.0,0.85,1.081,111.126,119.05,219.738,79.158,59.682,44.0,3.605
2,0,42.0,0.7,1.571,78.746,120.416,223.466,80.056,62.394,47.043,3.538
2,-115,131.126,2.185,2.64,303.266,122.577,228.11,85.053,65.765,49.0,3.425
2,-129,136.956,2.283,2.799,307.878,122.004,228.114,80.006,57.035,41.773,3.827
2,-114,122.931,2.049,2.758,312.527,120.487,227.15,75.24,50.249,36.249,4.213
2,-114,119.549,1.992,2.836,314.784,116.078,225.601,65.924,38.079,29.0,5.089
2,-109,115.767,1.929,2.798,314.129,106.888,227.229,65.0,35.847,33.106,5.089
2,-109,115.767,1.929,2.798,312.877,107.703,228.397,65.46,35.355,34.176,5.076
2,-111,115.521,1.925,2.861,296.638,109.078,226.982,61.685,34.482,32.894,5.276
2,-99,104.676,1.745,2.811,271.649,110.136,229.103,67.067,38.471,36.249,4.847
2,-94,101.02,1.684,2.767,252.335,113.159,229.811,67.067,38.471,35.777,4.879
2,-86,98.005,1.633,2.641,226.815,115.663,230.517,71.47,41.785,36.056,4.632
2,-72,94.366,1.573,2.439,198.295,118.431,231.234,74.947,42.154,36.62,4.513
2,-56,83.546,1.392,2.305,168.55,119.708,230.556,71.84,42.154,37.802,4.557
2,-49,81.4,1.357,2.217,136.894,118.338,229.26,75.0,43.658,36.401,4.436
2,-37,77.414,1.29,2.069,105.546,118.849,231.795,74.216,43.966,35.384,4.528
2,-21,72.125,1.202,1.866,55.758,120.569,233.669,76.4,44.922,37.483,4.414
2,3,69.065,1.151,1.527,50.596,116.469,233.805,76.4,44.147,35.355,4.499
2,19,75.432,1.257,1.316,77.201,115.104,231.899,71.309,41.437,36.235,4.67
2,37,94.541,1.576,1.169,139.646,105.546,230.673,62.362,39.395,33.287,5.124
2,43,100.648,1.677,1.129,229.456,105.679,231.536,70.214,45.695,33.941,4.635
2,46,92.282,1.538,1.049,294.593,112.361,217.635,78.39,50.448,37.736,3.92
2,49,87.092,1.452,0.973,330.365,118.106,231.603,70.093,42.438,28.071,4.942
2,51,89.051,1.484,0.961,347.576,152.971,218.131,70.803,42.059,31.016,4.548
2,46,89.694,1.495,1.032,342.374,84.599,196.217,42.521,23.022,20.616,6.832
2,42,91.241,1.521,1.092,329.219,96.042,211.559,49.497,28.653,26.926,6.04
2,36,88.64,1.477,1.153,301.106,95.425,224.722,55.227,32.202,32.062,5.642
2,21,85.615,1.427,1.323,272.046,101.98,223.607,66.843,39.598,35.511,4.726
2,3,87.052,1.451,1.536,236.136,108.977,228.845,66.888,44.654,35.847,4.658
2,44,106.513,1.775,1.145,260.325,110.635,231.398,72.45,48.301,38.275,4.365
2,39,112.009,1.867,1.215,248.34,112.446,230.783,75.153,50.09,38.601,4.226
2,43,119.038,1.984,1.201,231.487,117.614,229.706,76.968,50.922,38.21,4.149
2,41,123.976,2.066,1.234,206.874,122.037,229.706,78.39,54.12,39.205,4.013
2,46,122.931,2.049,1.187,184.141,125.718,228.002,86.377,63.561,43.829,3.53
2,39,119.541,1.992,1.238,162.388,127.424,224.589,86.977,67.082,51.264,3.281
2,32,113.6,1.893,1.285,134.134,135.96,230.586,94.831,76.236,64.938,2.931
2,30,107.28,1.788,1.287,112.414,144.18,234.913,101.203,81.222,74.169,2.747
2,25,100.17,1.669,1.319,98.494,150.416,236.62,106.301,86.284,84.024,2.566
2,24,96.047,1.601,1.318,91.706,152.279,238.801,111.005,89.275,87.006,2.494
2,19,84.172,1.403,1.343,90.028,153.212,239.435,110.82,90.272,88.006,2.485
2,18,75.186,1.253,1.329,82.492,151.924,239.708,110.422,89.359,87.092,2.507
2,15,67.683,1.128,1.347,74.108,150.881,239.604,109.882,90.449,87.207,2.5
2,15,60.877,1.015,1.322,67.119,148.142,237.346,109.142,85.709,84.38,2.55
2,19,58.189,0.97,1.238,59.304,148.246,235.185,108.467,87.464,82.219,2.537
2,24,55.462,0.924,1.123,50.0,150.233,234.523,109.142,86.833,85.212,2.502
2,29,56.08,0.935,1.027,50.774,151.222,234.719,106.254,87.476,87.052,2.508
2,33,59.076,0.985,0.978,57.315,147.384,225.701,105.948,87.132,88.023,2.409
2,43,65.947,1.099,0.861,74.243,130.269,214.767,95.635,75.133,68.0,2.698
2,59,77.987,1.3,0.713,97.719,120.208,195.617,115.109,84.971,68.659,2.184
2,57,79.209,1.32,0.768,119.218,100.688,182.135,77.897,49.679,34.132,3.379
2,53,83.869,1.398,0.887,148.327,84.172,187.555,55.073,29.732,25.807,5.087
2,53,83.869,1.398,0.887,148.327,84.172,187.555,55.073,29.732,25.807,5.087
2,53,83.869,1.398,0.887,148.327,84.172,187.555,55.073,29.732,25.807,5.087
2,53,83.869,1.398,0.887,148.327,84.172,187.555,55.073,29.732,25.807,5.087
2,74,79.85,1.331,0.385,286.225,79.076,197.254,40.025,21.095,29.53,6.528
2,58,78.568,1.309,0.74,243.261,82.565,212.532,44.911,24.0,27.459,6.616
2,52,89.627,1.494,0.952,222.056,90.427,213.785,48.662,28.0,29.0,6.07
2,25,63.159,1.053,1.164,170.792,94.34,212.615,52.202,29.428,30.0,5.714
2,28,53.852,0.898,1.024,172.662,97.005,210.953,53.226,31.623,29.53,5.533
2,25,46.325,0.772,1.001,166.973,95.755,211.123,54.589,34.015,29.732,5.352
2,22,39.661,0.661,0.983,149.466,94.541,208.83,56.303,36.359,28.46,5.172
2,18,34.132,0.569,1.015,127.613,93.392,207.509,57.689,35.511,25.71,5.235
2,16,34.0,0.567,1.081,112.272,98.98,210.262,64.405,44.045,27.019,4.656
2,13,29.967,0.499,1.122,88.238,115.004,212.021,85.041,62.241,43.566,3.333
2,9,24.698,0.412,1.198,64.07,126.752,215.39,91.22,73.817,56.569,2.916
2,9,19.235,0.321,1.084,48.27,134.469,214.009,96.4,80.951,65.0,2.649
2,3,11.402,0.19,1.305,32.802,134.35,217.249,97.652,81.437,66.37,2.655
2,3,5.0,0.083,0.927,22.091,138.658,216.788,100.125,87.092,74.25,2.487
2,0,1.0,0.017,-1.571,16.279,145.086,218.057,101.213,90.521,81.908,2.391
2,0,6.0,0.1,-1.571,10.63,146.823,220.771,107.331,94.641,84.481,2.312
2,-7,10.63,0.177,-2.29,15.0,148.95,223.182,118.474,103.586,93.172,2.124
2,-8,12.806,0.213,-2.246,18.028,148.718,224.9,115.434,106.794,95.635,2.123
2,-8,12.806,0.213,-2.246,19.235,151.159,230.124,118.14,110.368,101.242,2.094
2,-8,14.422,0.24,-2.159,19.647,152.506,233.026,117.154,109.293,103.175,2.121
2,-7,17.464,0.291,-1.983,23.409,152.053,233.863,117.881,111.288,103.238,2.111
2,-8,18.788,0.313,-2.011,24.413,153.844,237.438,118.406,107.671,104.307,2.156
2,-1,17.029,0.284,-1.63,21.932,155.193,238.008,121.037,110.653,105.304,2.119
2,1,17.029,0.284,-1.512,16.401,156.541,236.597,120.603,107.912,106.301,2.12
2,-2,12.166,0.203,-1.736,9.849,154.353,233.499,118.68,103.576,104.69,2.143
2,-3,6.708,0.112,-2.034,10.05,154.353,227.728,122.931,101.98,102.956,2.084
2,2,4.472,0.075,-1.107,4.472,150.456,223.043,129.619,105.759,95.189,2.024
2,-6,14.318,0.239,-2.003,19.647,145.207,207.473,122.299,90.758,76.118,2.152
2,-1,1.414,0.024,2.356,7.0,117.38,199.92,117.801,75.822,58.138,2.382
2,-2,6.325,0.105,1.893,16.125,59.775,192.13,12.369,10.05,33.287,10.347
2,11,13.601,0.227,0.629,7.28,80.654,211.256,32.249,14.318,26.019,8.731
2,4,5.0,0.083,0.644,12.53,101.533,213.806,56.294,31.0,33.971,5.289
2,6,6.708,0.112,0.464,17.029,83.726,209.881,57.28,30.067,33.302,5.219
2,4,4.0,0.067,0.0,20.518,89.051,205.302,55.362,30.806,28.636,5.365
2,2,3.606,0.06,-0.983,25.807,95.189,202.074,52.355,32.311,29.411,5.314
2,2,2.0,0.033,0.0,24.042,105.309,202.428,70.803,47.508,34.482,3.975
2,2,2.236,0.037,0.464,20.248,114.039,194.165,79.209,59.405,42.802,3.211
2,6,10.0,0.167,0.927,21.541,126.905,191.859,95.671,72.201,53.263,2.603
2,9,10.817,0.18,0.588,31.828,129.495,194.538,93.6,75.644,56.859,2.581
2,3,3.162,0.053,-0.322,36.892,130.599,197.489,92.65,76.322,64.475,2.538
2,-1,6.083,0.101,-1.736,30.232,132.004,203.531,97.529,83.934,71.47,2.414
2,-12,16.279,0.271,-2.4,26.926,138.698,208.031,100.185,84.202,74.216,2.413
2,-7,14.765,0.246,-2.065,29.682,142.359,214.721,102.552,89.822,77.666,2.385
2,-4,12.649,0.211,-1.893,23.022,142.359,221.382,106.104,88.074,82.201,2.403
2,-6,13.416,0.224,-2.034,13.892,145.89,229.819,111.072,91.591,95.425,2.313
2,-6,12.53,0.209,-2.07,10.296,149.883,235.85,113.886,96.747,97.129,2.299
2,-9,15.0,0.25,-2.214,5.657,152.463,241.771,114.237,97.514,99.02,2.334
2,-9,12.042,0.201,-2.415,16.279,154.434,241.497,118.6,100.404,99.02,2.278
2,-12,13.416,0.224,-2.678,14.036,155.641,242.095,117.175,98.732,97.129,2.32
2,-11,12.53,0.209,-2.642,15.811,159.248,244.322,118.14,100.603,100.125,2.299
2,-9,11.402,0.19,-2.481,17.029,156.109,243.836,117.444,98.732,100.08,2.313
2,-12,13.416,0.224,-2.678,15.62,160.328,245.351,116.379,95.352,101.079,2.353
2,-13,14.318,0.239,-2.709,18.358,159.411,240.84,120.553,97.862,105.171,2.233
2,-14,15.232,0.254,-2.737,21.024,160.552,234.307,125.539,98.234,106.381,2.129
2,-13,17.029,0.284,-2.439,26.571,154.185,227.009,117.546,99.202,101.833,2.138
2,-12,15.62,0.26,-2.447,38.118,153.395,211.946,140.064,105.948,91.984,1.881
2,-18,18.974,0.316,-2.82,51.245,131.046,200.412,98.717,81.884,73.164,2.369
2,-7,8.602,0.143,-2.521,41.11,130.973,190.095,119.419,91.049,75.166,1.997
2,-7,13.038,0.217,-2.138,55.036,140.464,201.109,107.056,90.443,83.762,2.145
2,-34,41.617,0.694,2.527,188.043,107.28,201.04,53.6,37.121,34.986,4.798
2,-21,24.698,0.412,2.587,99.0,85.615,206.519,42.059,23.087,30.806,6.457
2,-12,13.416,0.224,-2.678,32.985,89.269,207.386,44.721,26.019,30.806,6.127
2,-4,15.524,0.259,-1.831,16.279,89.627,204.949,43.174,27.0,33.302,5.942
2,-3,8.544,0.142,-1.93,25.06,89.56,201.698,46.819,25.179,29.0,5.991
2,2,5.385,0.09,-1.19,34.54,89.275,199.812,50.16,31.016,29.155,5.433
2,2,6.325,0.105,-1.249,48.26,91.924,195.788,50.774,32.249,26.571,5.359
2,1,6.083,0.101,-1.406,65.924,102.552,193.494,66.603,46.69,30.676,4.032
2,-3,10.44,0.174,-1.862,72.45,117.201,192.167,82.759,61.855,42.521,3.081
2,8,10.0,0.167,-0.644,77.795,127.405,194.551,88.006,72.498,53.009,2.734
2,17,17.464,0.291,0.231,74.33,132.322,198.081,92.282,81.933,59.942,2.538
2,19,21.024,0.35,0.442,63.246,128.316,193.706,90.824,78.16,59.093,2.548
2,20,21.541,0.359,0.381,49.031,130.096,197.226,94.81,83.678,64.257,2.437
2,19,21.024,0.35,0.442,40.012,136.484,201.189,98.087,89.051,69.57,2.351
2,17,18.788,0.313,0.44,44.045,138.975,204.963,102.318,92.071,71.589,2.312
2,12,15.62,0.26,0.695,51.788,141.315,209.402,103.407,95.885,77.466,2.27
2,13,15.811,0.264,0.606,52.173,145.262,213.825,107.838,100.717,87.298,2.168
2,13,14.765,0.246,0.494,45.541,145.619,222.252,112.894,106.569,92.655,2.136
2,15,17.0,0.283,0.49,28.071,149.412,226.292,115.694,109.225,97.329,2.107
2,15,16.553,0.276,0.437,16.279,151.159,234.776,120.416,113.111,103.121,2.092
2,13,15.264,0.254,0.552,18.439,154.777,239.341,122.984,115.039,110.018,2.063
2,11,13.038,0.217,0.567,16.125,157.42,239.944,123.454,113.283,110.073,2.076
2,2,4.472,0.075,1.107,12.166,158.824,242.244,123.0,112.285,111.072,2.098
2,-3,3.162,0.053,2.82,13.0,160.112,242.33,124.197,114.28,110.114,2.086
2,-7,8.062,0.134,-2.622,23.022,159.678,241.118,124.908,114.28,113.04,2.054
2,-15,18.028,0.3,-2.554,43.012,159.678,241.878,125.575,110.027,116.211,2.063
2,-21,23.707,0.395,-2.659,60.671,160.59,237.794,132.257,109.659,111.647,2.018
2,-17,18.028,0.3,-2.802,72.111,159.154,226.259,132.231,109.659,104.235,1.961
2,-21,29.0,0.483,-2.381,133.454,152.296,209.955,132.823,104.547,88.645,1.932
2,-20,20.224,0.337,-2.993,156.157,126.621,203.73,140.769,79.906,63.702,2.149
2,-41,41.049,0.684,3.093,88.142,130.648,199.449,87.316,60.926,47.381,3.059
2,-32,32.016,0.534,-3.11,67.897,107.042,207.868,57.697,38.897,32.894,4.816
2,-29,31.385,0.523,-2.749,45.177,91.788,213.776,47.127,27.459,28.284,6.234
2,-25,29.155,0.486,-2.601,33.971,95.037,218.71,46.325,29.017,33.971,6.002
2,-23,24.698,0.412,-2.769,23.854,96.13,219.313,52.555,31.257,33.601,5.604
2,-23,25.942,0.432,-2.661,19.723,96.255,211.896,56.365,36.056,32.202,5.101
2,-21,24.698,0.412,-2.587,22.472,98.061,206.729,56.604,38.949,30.414,4.923
2,-20,24.413,0.407,-2.531,25.08,103.407,207.509,62.008,42.012,30.067,4.643
2,-14,17.205,0.287,-2.521,28.862,117.068,204.198,79.931,61.294,43.186,3.322
2,-10,12.207,0.203,-2.531,26.401,134.715,211.603,103.392,81.884,59.203,2.597
2,-6,8.485,0.141,-2.356,22.023,141.534,215.863,98.229,88.6,70.264,2.519
2,1,6.083,0.101,-1.406,25.0,141.209,211.88,104.446,93.408,74.095,2.337
2,4,10.77,0.18,-1.19,27.295,144.267,210.381,110.463,100.225,82.462,2.153
2,2,12.166,0.203,-1.406,31.765,147.027,213.3,112.161,104.393,87.476,2.105
2,3,9.487,0.158,-1.249,29.833,148.189,219.146,117.987,111.018,93.904,2.036
2,6,10.0,0.167,-0.927,25.962,152.689,224.439,122.801,115.213,98.25,2.002
2,5,8.602,0.143,-0.951,23.77,154.289,228.878,127.122,117.068,104.043,1.972
2,4,6.403,0.107,-0.896,16.763,160.639,236.174,133.004,121.017,112.004,1.936
2,4,4.123,0.069,-0.245,11.18,165.641,241.671,133.004,123.0,115.109,1.954
2,4,4.123,0.069,-0.245,8.062,168.309,244.724,131.214,122.004,119.206,1.971
2,2,2.0,0.033,0.0,9.055,170.3,245.051,130.231,120.017,119.067,1.991
2,4,4.472,0.075,-0.464,17.263,170.097,243.6,129.634,119.038,120.037,1.982
2,4,4.472,0.075,-0.464,20.224,170.097,245.636,132.22,120.104,120.017,1.979
2,1,3.162,0.053,-1.249,19.416,172.54,245.0,133.405,119.507,121.066,1.965
2,3,3.606,0.06,-0.588,17.263,173.22,242.244,129.035,115.974,124.101,1.969
2,-1,4.123,0.069,-1.816,11.0,168.155,238.008,135.03,120.071,118.343,1.912
2,-4,5.657,0.094,-2.356,3.162,162.985,229.839,136.165,112.969,110.027,1.92
2,-9,10.296,0.172,-2.634,7.071,147.054,216.067,125.706,102.883,89.627,2.037
2,-12,15.62,0.26,-2.447,8.544,130.231,200.811,105.475,82.365,74.465,2.297
2,-15,15.133,0.252,-3.009,16.643,104.235,194.003,66.068,47.381,34.015,3.947
2,-20,21.932,0.366,-2.719,2.236,94.048,200.861,54.589,32.28,30.017,5.155
2,-24,24.739,0.412,-2.897,22.361,91.924,210.202,47.127,26.306,29.0,6.156
2,-21,21.024,0.35,3.094,28.443,93.215,214.709,44.911,28.0,31.828,6.15
2,-22,23.087,0.385,-2.834,26.306,100.623,216.021,49.244,32.016,36.878,5.486
2,-23,24.698,0.412,-2.769,18.111,95.131,209.468,53.151,35.014,39.408,4.926
2,-21,22.472,0.375,-2.778,16.125,97.046,207.523,58.189,38.833,34.176,4.745
2,-20,20.881,0.348,-2.85,15.0,106.32,208.147,71.694,48.021,33.015,4.089
2,-13,13.601,0.227,-2.843,7.28,125.718,210.002,95.131,72.18,52.431,2.867
2,-15,15.033,0.251,3.075,3.606,136.235,211.443,100.419,87.464,66.219,2.496
2,-10,10.05,0.167,-3.042,7.211,142.13,210.943,117.593,100.722,83.241,2.099
2,-6,6.083,0.101,2.976,5.0,142.899,210.238,123.223,103.73,84.504,2.025
2,-1,2.236,0.037,2.034,5.099,147.801,213.6,114.529,105.262,92.179,2.054
2,3,3.0,0.05,0.0,12.042,147.054,220.204,115.039,108.06,95.901,2.071
2,4,4.123,0.069,-0.245,17.205,150.333,222.679,121.852,115.412,101.119,1.974
2,4,4.0,0.067,0.0,10.0,156.924,228.528,124.04,116.619,107.787,1.968
2,4,5.0,0.083,0.644,2.236,158.028,231.931,123.016,117.958,113.442,1.963
2,5,6.403,0.107,0.675,2.828,158.824,236.212,124.455,118.714,112.285,1.994
2,-4,4.0,0.067,3.142,14.318,160.178,237.693,124.455,116.842,113.442,2.01
2,-1,1.0,0.017,3.142,2.236,158.777,235.185,123.227,115.525,114.11,2.0
2,2,2.236,0.037,-0.464,6.083,159.678,235.716,121.037,114.438,114.018,2.023
2,6,6.708,0.112,0.464,14.142,159.314,233.034,121.037,113.442,115.017,2.0
2,11,13.038,0.217,0.567,29.017,157.582,233.805,121.037,111.544,118.017,2.001
2,15,19.209,0.32,0.675,54.332,157.991,232.407,117.175,108.559,115.039,2.046
2,22,26.077,0.435,0.567,75.425,161.771,234.019,119.854,107.912,118.017,2.03
2,23,28.601,0.477,0.637,100.404,159.678,231.631,123.968,111.759,118.068,1.964
2,23,28.601,0.477,0.637,100.404,159.678,231.631,123.968,111.759,118.068,1.964
2,23,28.601,0.477,0.637,100.404,159.678,231.631,123.968,111.759,118.068,1.964
2,19,30.61,0.51,-0.901,278.959,155.653,230.625,121.491,105.546,111.45,2.044
2,13,32.696,0.545,-1.162,264.327,152.201,220.411,127.945,104.738,99.609,1.99
2,8,31.048,0.517,-1.31,232.648,143.21,196.947,126.764,99.328,83.726,1.907
2,1,34.015,0.567,-1.541,169.056,115.521,192.925,156.78,79.209,60.208,1.954
2,0,26.0,0.433,-1.571,63.063,91.591,194.587,55.009,33.838,31.953,4.832
2,-10,18.028,0.3,-2.159,29.069,90.022,206.7,49.729,30.067,36.797,5.319
2,-15,15.524,0.259,-2.881,52.924,93.381,216.271,44.407,28.443,35.468,5.99
2,-19,19.026,0.317,-3.089,79.246,94.726,214.283,46.043,30.083,37.014,5.682
2,-13,13.342,0.222,2.915,101.119,98.995,214.849,47.676,32.249,38.21,5.456
2,-7,9.22,0.154,2.433,115.525,100.245,214.311,54.342,36.014,38.013,5.008
2,-9,12.042,0.201,2.415,117.038,101.005,211.896,58.523,40.311,39.0,4.612
2,-14,14.036,0.234,3.07,116.108,103.097,212.72,64.405,41.629,33.734,4.566
2,-24,25.298,0.422,-2.82,97.129,111.79,208.062,74.33,54.203,40.025,3.703
2,-28,30.463,0.508,-2.737,83.0,131.469,213.235,100.125,75.166,52.802,2.805
2,-28,30.871,0.515,-2.707,77.104,137.441,210.858,108.931,90.05,69.203,2.359
2,-27,28.792,0.48,-2.787,66.483,140.73,212.565,103.711,94.541,81.413,2.28
2,-24,24.515,0.409,-2.936,51.788,143.753,214.663,111.306,100.578,85.703,2.164
2,-18,18.682,0.311,-2.871,43.417,148.529,215.824,107.824,101.139,90.25,2.164
2,-16,16.492,0.275,-2.897,36.139,146.649,221.894,115.382,104.785,93.392,2.123
2,-13,14.765,0.246,-2.648,31.048,151.727,227.247,126.115,106.231,102.961,2.033
2,-9,9.849,0.164,-2.723,19.698,155.206,235.032,120.905,107.87,107.787,2.095
2,-2,6.325,0.105,-1.893,11.18,158.761,238.531,116.108,104.561,109.225,2.169
2,8,10.0,0.167,-0.644,2.0,159.816,240.36,116.245,103.942,110.223,2.182
2,17,17.117,0.285,0.117,18.028,161.966,240.354,117.745,106.888,110.164,2.154
2,26,27.203,0.453,0.298,44.147,165.922,239.435,121.149,107.355,115.278,2.089
2,36,39.395,0.657,0.418,77.878,162.89,234.617,127.138,110.476,108.559,2.033
2,30,33.106,0.552,0.437,114.11,159.778,227.693,122.577,99.925,103.947,2.092
2,30,33.106,0.552,0.437,114.11,159.778,227.693,122.577,99.925,103.947,2.092
2,30,33.106,0.552,0.437,114.11,159.778,227.693,122.577,99.925,103.947,2.092
2,30,33.106,0.552,0.437,114.11,159.778,227.693,122.577,99.925,103.947,2.092
2,87,91.093,1.518,-0.301,359.089,155.039,221.382,121.078,100.0,96.509,2.091
2,60,60.531,1.009,-0.133,352.563,158.256,194.023,126.052,100.648,84.504,1.87
2,45,45.011,0.75,-0.022,334.906,76.164,185.173,28.636,11.402,22.361,8.903
2,29,29.833,0.497,-0.237,293.874,88.459,205.913,41.11,21.541,31.016,6.595
2,11,14.866,0.248,-0.738,238.724,93.215,213.101,46.39,23.409,27.313,6.583
2,0,10.0,0.167,-1.571,184.48,96.338,215.244,54.231,31.623,32.802,5.442
2,-5,20.616,0.344,-1.816,106.042,96.421,213.86,64.125,39.051,40.311,4.471
2,-9,19.235,0.321,-2.058,33.941,102.02,216.76,65.115,38.118,34.482,4.722
2,-15,17.493,0.292,-2.601,81.584,106.888,213.047,69.893,41.761,34.205,4.382
2,-10,10.198,0.17,-2.944,122.495,107.336,207.099,77.026,49.93,34.366,3.851
2,-9,9.055,0.151,-3.031,141.174,123.309,210.343,92.801,69.296,50.774,2.964
2,-3,3.162,0.053,-2.82,149.054,136.499,209.16,107.564,83.006,63.032,2.474
2,-8,8.062,0.134,-3.017,156.013,138.593,209.296,110.535,87.983,73.498,2.308
2,-3,5.0,0.083,-2.214,158.114,145.041,206.729,112.201,90.338,77.369,2.216
2,-2,3.606,0.06,-2.159,162.308,146.219,210.44,112.898,91.924,79.12,2.223
2,-3,9.487,0.158,-1.893,156.205,147.201,216.945,114.529,97.406,88.6,2.166
2,-6,17.088,0.285,-1.93,149.967,150.083,222.785,121.742,100.688,89.269,2.144
2,-10,20.591,0.343,-2.078,130.553,149.251,228.002,121.462,101.39,90.802,2.181
2,-10,21.471,0.358,-2.055,110.454,154.185,232.422,126.194,107.935,94.726,2.12
2,-10,18.868,0.314,-2.129,88.278,156.589,236.685,127.781,109.659,100.841,2.099
2,-3,13.342,0.222,-1.798,75.425,156.589,239.107,124.595,108.674,104.48,2.124
2,4,14.56,0.243,-1.292,56.886,158.319,241.149,125.0,111.018,108.167,2.102
2,11,17.029,0.284,-0.869,31.257,158.354,241.149,124.92,111.463,108.227,2.099
2,19,21.471,0.358,-0.484,12.207,157.42,241.357,125.284,112.009,108.167,2.096
2,39,39.319,0.655,-0.128,25.298,160.639,240.919,120.553,108.06,105.233,2.165
2,47,47.676,0.795,0.169,54.129,162.348,240.566,128.515,112.379,114.529,2.031
2,51,54.781,0.913,0.374,86.701,157.429,235.493,138.842,115.521,109.772,1.94
2,50,56.824,0.947,0.495,125.399,158.028,227.403,143.265,109.481,102.181,1.922
2,45,60.208,1.003,0.727,228.37,152.296,180.887,128.693,91.831,59.666,1.937
2,32,38.833,0.647,0.602,258.07,47.802,178.011,15.811,8.944,29.206,9.897
2,21,27.659,0.461,0.709,253.097,75.153,205.913,39.925,24.839,38.328,5.992
2,11,17.804,0.297,0.905,229.055,86.729,217.883,42.379,32.802,41.629,5.596
2,3,51.088,0.851,1.512,51.313,87.641,213.776,42.72,31.906,39.446,5.622
2,-7,50.488,0.841,1.71,55.227,90.028,213.178,47.676,35.777,48.01,4.865
2,-6,50.359,0.839,1.69,59.808,89.051,214.105,56.08,40.162,46.69,4.494
2,-2,42.048,0.701,1.618,63.253,86.833,207.171,50.961,35.0,35.0,5.138
2,3,35.128,0.585,1.485,65.192,93.776,198.842,64.846,42.953,32.894,4.24
2,13,34.54,0.576,1.185,73.878,104.809,200.202,73.79,47.011,32.062,3.929
2,18,29.206,0.487,0.907,86.839,127.664,208.504,81.216,55.606,35.847,3.623
2,21,29.0,0.483,0.761,101.71,130.908,204.159,87.864,57.628,38.013,3.338
2,16,18.358,0.306,0.512,91.302,141.485,207.28,94.795,70.093,50.329,2.889
2,14,14.318,0.239,0.211,86.77,144.312,209.404,95.483,70.711,50.21,2.903
2,23,23.087,0.385,-0.087,87.235,145.578,212.474,101.863,77.156,57.801,2.692
2,27,27.295,0.455,-0.147,77.414,153.405,223.511,104.69,82.134,61.855,2.696
2,33,33.136,0.552,-0.091,74.887,156.984,231.353,114.809,86.608,67.119,2.585
2,38,38.833,0.647,-0.207,77.156,153.561,236.239,119.403,94.303,76.557,2.442
2,37,38.601,0.643,-0.289,66.528,151.238,241.249,115.676,95.016,79.12,2.497
2,40,41.231,0.687,-0.245,53.535,154.738,242.539,113.159,93.941,78.109,2.551
2,42,43.417,0.724,-0.256,44.944,155.641,242.563,113.991,94.414,78.109,2.54
2,44,44.911,0.749,-0.202,41.0,156.978,244.076,118.191,97.494,83.815,2.445
2,52,53.151,0.886,-0.208,41.437,155.708,242.909,116.812,98.387,83.815,2.437
2,57,57.315,0.955,-0.105,44.204,156.668,243.655,118.191,98.838,83.815,2.43
2,61,61.033,1.017,0.033,54.203,158.405,244.168,115.763,96.607,79.812,2.507
2,64,64.63,1.077,0.14,73.348,158.231,241.63,114.495,90.477,72.993,2.608
2,67,68.447,1.141,0.206,107.019,161.245,233.863,111.826,84.528,62.936,2.706
2,63,65.253,1.088,0.264,136.297,148.499,220.69,117.478,85.235,63.159,2.49
2,47,50.695,0.845,0.384,186.526,131.765,201.646,137.295,98.737,77.414,1.93
2,23,23.77,0.396,-0.255,241.599,104.89,181.099,118.512,70.859,54.148,2.231
2,30,32.696,0.545,-0.409,235.262,68.184,189.842,49.649,34.015,29.206,5.046
2,-27,36.797,0.613,2.395,13.928,64.281,200.801,41.11,24.021,26.627,6.565
2,-14,14.866,0.248,2.799,13.454,66.068,204.431,37.643,22.0,21.26,7.581
2,-14,14.318,0.239,-2.93,17.263,65.376,204.083,36.139,23.022,25.807,7.206
2,-14,14.866,0.248,-2.799,25.06,68.184,202.556,38.897,25.08,27.586,6.637
2,-8,8.062,0.134,-3.017,29.155,71.176,200.801,46.957,29.428,23.259,6.046
2,-7,7.0,0.117,3.142,29.12,78.102,193.259,58.6,33.615,22.361,5.06
2,0,3.0,0.05,1.571,25.298,95.88,189.842,67.209,46.615,25.0,4.103
2,9,9.0,0.15,0.0,27.459,111.036,188.096,82.62,62.129,38.949,3.072
2,13,13.342,0.222,-0.227,31.765,121.264,180.679,96.519,73.355,49.739,2.468
2,4,10.77,0.18,-1.19,25.807,132.201,184.954,99.985,81.86,57.94,2.314
2,5,10.296,0.172,-1.064,23.431,139.23,194.116,105.546,86.729,66.761,2.248
2,-1,15.033,0.251,-1.637,31.765,146.632,204.963,107.703,87.932,71.805,2.299
2,4,18.439,0.307,-1.352,34.0,152.948,212.927,112.894,91.444,79.906,2.247
2,1,18.028,0.3,-1.515,28.844,149.466,218.552,115.802,99.298,89.275,2.154
2,-2,22.091,0.368,-1.661,23.854,158.597,227.299,124.455,104.235,92.195,2.125
2,-1,22.023,0.367,-1.616,17.804,161.4,232.034,128.86,108.665,94.048,2.099
2,-2,20.1,0.335,-1.67,17.464,161.555,235.476,123.94,106.794,101.0,2.13
2,1,21.024,0.35,-1.523,18.111,162.361,238.523,124.724,106.367,98.046,2.174
2,3,18.248,0.304,-1.406,19.698,164.842,239.084,125.575,106.532,100.045,2.159
2,7,17.464,0.291,-1.158,17.493,164.125,237.453,124.31,104.139,99.081,2.175
2,11,17.804,0.297,-0.905,12.042,165.52,237.023,126.178,105.906,100.005,2.141
2,15,19.209,0.32,-0.675,12.042,167.287,239.454,123.713,103.586,97.046,2.215
2,18,20.125,0.335,-0.464,13.0,163.625,235.41,121.264,99.69,94.191,2.241
2,22,22.204,0.37,-0.136,17.088,154.945,232.086,121.078,96.566,87.824,2.279
2,25,26.249,0.437,0.31,29.069,152.856,221.635,128.95,101.242,93.744,2.053
2,23,25.495,0.425,0.446,29.069,142.948,200.482,129.619,102.0,87.092,1.887
2,23,25.942,0.432,0.481,40.311,123.822,175.787,99.644,77.987,64.351,2.179
2,20,21.19,0.353,0.337,94.372,86.371,201.109,62.0,39.294,39.623,4.281
2,2,19.105,0.318,-1.466,65.123,90.956,214.674,50.488,30.887,40.706,5.275
2,11,14.866,0.248,-0.738,38.013,90.521,221.883,52.887,34.67,40.706,5.19
2,16,16.031,0.267,-0.062,32.985,94.112,220.118,58.249,35.341,36.62,5.071
2,13,13.342,0.222,0.227,24.698,91.22,216.481,59.414,37.696,39.051,4.77
2,11,11.18,0.186,0.18,22.627,89.56,216.788,60.0,36.139,38.184,4.842
2,12,12.042,0.201,0.083,21.095,95.189,216.481,63.561,38.21,34.015,4.783
2,6,7.211,0.12,-0.588,20.248,97.015,216.518,72.236,43.081,34.366,4.34
2,6,7.81,0.13,-0.695,23.707,111.414,214.133,81.271,54.818,39.56,3.657
2,5,5.385,0.09,-0.381,23.345,120.42,212.059,93.381,74.202,53.759,2.874
2,4,4.472,0.075,-0.464,20.0,129.074,214.401,99.247,82.492,63.246,2.625
2,5,5.831,0.097,0.54,16.971,137.931,217.816,106.827,88.102,71.197,2.455
2,4,4.472,0.075,0.464,24.042,140.929,215.713,109.289,92.195,76.059,2.332
2,4,4.123,0.069,0.245,5.0,144.045,216.393,115.434,96.208,80.654,2.221
2,-3,3.162,0.053,-2.82,7.071,143.68,221.472,120.569,102.46,86.977,2.143
2,-10,10.0,0.167,3.142,9.22,146.605,222.612,117.337,100.881,96.302,2.123
2,-12,12.042,0.201,-3.058,9.849,145.661,225.535,119.407,104.403,95.802,2.117
2,-16,16.279,0.271,-2.956,11.314,150.881,230.842,127.632,112.058,105.906,2.004
2,-20,20.025,0.334,-3.092,19.235,153.496,235.274,125.0,110.422,108.342,2.053
2,-23,23.537,0.392,2.928,18.385,153.183,238.38,124.652,112.178,110.887,2.057
2,-23,23.195,0.387,3.012,19.849,154.829,239.019,122.004,107.708,110.653,2.107
2,-25,25.495,0.425,2.944,23.259,156.119,240.433,124.652,110.218,114.529,2.064
2,-24,24.331,0.406,2.976,24.352,157.582,241.497,124.652,112.969,116.349,2.047
2,-23,24.042,0.401,2.846,25.02,159.731,238.027,122.004,111.198,112.219,2.067
2,-20,20.881,0.348,2.85,22.847,162.484,239.266,122.197,108.683,112.219,2.092
2,-11,11.402,0.19,-2.875,36.62,162.585,243.214,123.649,108.853,104.043,2.168
2,4,4.472,0.075,-0.464,48.104,163.982,242.25,122.776,104.785,94.133,2.259
2,11,16.279,0.271,0.829,58.0,147.139,235.519,135.768,107.079,104.043,2.037
2,18,18.974,0.316,0.322,50.21,140.346,214.742,141.326,109.882,99.081,1.839
2,18,18.974,0.316,0.322,50.21,140.346,214.742,141.326,109.882,99.081,1.839
2,18,18.974,0.316,0.322,50.21,140.346,214.742,141.326,109.882,99.081,1.839
2,43,46.615,0.777,0.396,179.025,117.201,155.955,89.404,69.893,59.841,2.135
2,74,79.85,1.331,0.385,126.905,77.13,179.769,46.141,20.518,6.403,7.381
2,73,77.162,1.286,0.33,126.531,71.169,191.149,36.014,14.422,29.017,7.217
2,66,72.918,1.215,0.439,104.216,74.726,214.462,36.056,15.264,34.059,7.536
2,62,70.235,1.171,0.489,92.136,86.128,222.279,40.012,23.259,42.45,6.307
2,60,75.0,1.25,0.644,67.897,83.199,222.146,45.044,24.515,28.178,6.819
2,63,74.095,1.235,0.554,83.863,89.051,218.717,41.304,26.019,33.242,6.525
2,57,63.506,1.058,0.457,79.404,85.376,214.767,53.367,26.173,28.32,5.974
2,53,59.942,0.999,0.486,73.756,87.298,210.01,59.034,31.765,23.087,5.532
2,48,51.624,0.86,0.377,66.708,96.462,206.155,66.068,46.755,27.731,4.4
2,38,42.048,0.701,0.442,55.227,115.421,202.485,79.931,61.587,40.311,3.341
2,33,38.588,0.643,0.545,45.607,130.115,194.487,96.83,80.529,64.498,2.412
2,29,36.401,0.607,0.649,45.88,139.176,198.761,106.508,93.301,73.736,2.18
2,23,29.833,0.497,0.69,37.336,145.341,201.259,118.512,103.325,81.492,1.99
2,21,29.698,0.495,0.785,35.014,143.21,207.87,116.362,103.755,87.298,2.029
2,21,27.019,0.45,0.681,39.013,147.248,212.624,124.391,108.046,91.548,1.969
2,15,20.518,0.342,0.751,41.629,148.933,219.1,132.608,113.442,98.184,1.909
2,14,18.439,0.307,0.709,42.942,154.548,224.878,134.48,117.346,111.005,1.859
2,7,9.22,0.154,0.709,45.486,158.24,233.309,134.172,124.036,114.11,1.88
2,8,8.944,0.149,0.464,43.267,162.585,236.129,133.555,124.004,112.071,1.916
2,7,7.616,0.127,0.405,47.508,163.884,241.456,131.214,123.004,119.34,1.939
2,12,12.166,0.203,0.165,55.009,167.045,244.401,132.197,121.0,119.419,1.968
2,20,20.616,0.344,-0.245,63.906,166.379,243.313,132.019,120.0,119.34,1.966
2,31,32.016,0.534,-0.253,54.745,169.641,242.981,131.848,121.0,122.262,1.943
2,45,45.277,0.755,0.111,47.202,170.329,238.73,132.382,122.004,124.487,1.89
2,45,45.277,0.755,0.111,47.202,170.329,238.73,132.382,122.004,124.487,1.89
2,45,45.277,0.755,0.111,47.202,170.329,238.73,132.382,122.004,124.487,1.89
2,45,45.277,0.755,0.111,47.202,170.329,238.73,132.382,122.004,124.487,1.89
2,119,122.972,2.05,-0.255,387.675,167.171,237.901,136.312,123.016,123.491,1.864
2,86,91.082,1.518,-0.336,351.364,165.424,242.508,138.293,123.065,128.561,1.866
2,64,71.554,1.193,-0.464,358.56,161.929,238.212,138.521,116.4,112.04,1.947
2,48,62.482,1.041,-0.695,339.931,135.37,210.95,127.389,104.235,96.005,1.932
2,33,55.0,0.917,-0.927,291.894,159.154,219.185,97.617,72.346,67.424,2.77
2,32,50.448,0.841,-0.884,208.062,101.518,226.883,62.968,37.443,48.301,4.577
2,45,53.535,0.892,-0.572,117.004,91.706,230.054,39.217,26.173,40.792,6.5
2,40,46.648,0.777,-0.54,94.112,100.648,224.829,53.451,33.601,46.957,5.033
2,35,47.424,0.79,-0.741,72.346,103.769,224.931,60.638,43.046,51.313,4.354
2,43,58.052,0.968,-0.737,77.337,166.355,207.155,112.272,90.554,81.32,2.187
2,51,63.6,1.06,-0.64,83.487,154.029,216.91,103.16,75.895,61.033,2.71
2,56,69.405,1.157,-0.632,101.02,132.74,200.524,92.087,58.034,42.72,3.12
2,54,58.31,0.972,-0.387,98.884,102.591,197.669,71.169,44.147,38.601,3.853
2,26,29.069,0.484,-0.464,71.176,106.944,190.646,69.405,50.606,32.757,3.744
2,4,7.211,0.12,-0.983,95.52,117.444,189.095,82.879,64.008,46.011,2.941
2,4,7.211,0.12,-0.983,95.52,117.444,189.095,82.879,64.008,46.011,2.941
2,-20,21.541,0.359,2.761,229.297,129.418,199.462,92.655,76.922,55.218,2.662
2,-46,47.297,0.788,-2.907,207.562,135.281,201.122,100.603,86.539,69.318,2.353
2,-66,69.893,1.165,-2.806,215.741,141.032,205.105,98.615,88.888,72.801,2.364
2,-69,76.059,1.268,-2.707,187.216,144.779,212.72,106.438,97.015,80.957,2.244
2,-56,62.169,1.036,-2.692,152.161,142.359,214.611,121.334,106.099,90.609,2.024
2,-46,51.43,0.857,-2.678,121.655,145.014,222.396,121.078,106.569,96.519,2.058
2,-36,39.395,0.657,-2.723,99.464,150.735,227.706,127.613,114.158,100.125,1.998
2,-30,31.321,0.522,-2.85,80.281,151.397,229.73,124.427,112.112,105.0,2.018
2,-26,26.019,0.434,-3.103,59.666,155.081,236.631,126.905,114.07,108.019,2.034
2,-18,18.248,0.304,-2.976,52.173,158.751,237.171,123.976,108.296,111.041,2.072
2,-16,16.0,0.267,3.142,40.804,162.015,238.73,126.752,112.018,114.28,2.029
2,-14,14.0,0.233,3.142,35.44,164.402,237.497,122.577,108.116,104.69,2.124
2,-12,12.166,0.203,-2.976,36.056,160.131,241.249,123.794,105.043,90.609,2.266
2,-5,8.602,0.143,-2.191,38.601,167.836,233.077,150.473,111.162,91.444,1.98
2,12,20.0,0.333,-0.927,33.615,112.201,172.192,117.004,36.401,45.31,2.6
2,32,32.757,0.546,-0.215,21.932,120.839,152.118,100.0,54.452,51.546,2.215
2,32,32.757,0.546,-0.215,21.932,120.839,152.118,100.0,54.452,51.546,2.215
2,32,32.757,0.546,-0.215,21.932,120.839,152.118,100.0,54.452,51.546,2.215
2,103,104.393,1.74,-0.164,385.064,87.664,206.519,58.464,22.361,24.042,5.908
2,90,97.693,1.628,-0.4,442.295,87.321,226.742,46.098,20.396,28.16,7.186
2,69,74.465,1.241,-0.385,391.343,96.177,231.458,48.094,22.361,25.08,7.268
2,43,57.385,0.956,-0.724,104.709,101.242,238.883,49.041,29.614,30.232,6.582
2,19,32.202,0.537,-0.94,70.711,97.862,238.648,58.549,29.428,29.682,6.085
2,11,12.53,0.209,-0.499,42.45,103.619,242.143,61.66,32.016,32.45,5.76
2,13,14.765,0.246,-0.494,59.076,107.336,240.393,49.497,30.463,34.67,6.291
2,17,18.028,0.3,-0.339,68.542,108.853,243.115,52.612,34.54,34.409,6.0
2,22,27.203,0.453,-0.629,110.368,117.388,243.606,56.886,38.626,39.051,5.431
2,26,27.514,0.459,-0.333,100.449,118.186,247.13,68.154,43.463,44.822,4.739
2,30,30.15,0.502,-0.1,133.843,147.33,252.05,89.499,67.417,66.219,3.389
2,31,31.401,0.523,-0.16,155.206,163.615,120.487,83.774,67.424,73.007,1.612
2,13,13.342,0.222,0.227,164.0,157.471,211.518,96.897,74.967,144.25,2.007
2,13,13.342,0.222,0.227,164.0,157.471,211.518,96.897,74.967,144.25,2.007
2,13,13.342,0.222,0.227,164.0,157.471,211.518,96.897,74.967,144.25,2.007
2,-50,50.09,0.835,3.082,252.923,143.178,185.809,174.385,161.4,146.697,1.155
2,-74,74.0,1.233,3.142,268.779,144.014,215.541,183.134,152.069,138.058,1.366
2,-84,85.0,1.417,-2.988,275.77,156.541,238.296,142.864,125.575,113.635,1.871
2,-70,70.711,1.179,-3.0,250.841,149.94,251.285,145.134,117.614,106.301,2.043
2,-54,54.332,0.906,-3.031,221.387,170.188,258.213,139.176,111.611,101.02,2.202
2,-40,40.0,0.667,3.142,194.551,173.692,261.079,134.261,112.539,101.124,2.251
2,-20,20.025,0.334,-3.092,168.68,177.116,264.413,132.774,112.294,100.08,2.298
2,3,4.243,0.071,-0.785,136.693,176.264,267.526,132.401,112.539,101.124,2.319
2,41,41.304,0.688,0.121,97.417,178.059,266.282,134.629,114.477,102.078,2.275
2,41,41.304,0.688,0.121,97.417,178.059,266.282,134.629,114.477,102.078,2.275
2,41,41.304,0.688,0.121,97.417,178.059,266.282,134.629,114.477,102.078,2.275
2,82,82.608,1.377,0.121,331.002,178.676,266.811,134.833,114.004,102.044,2.281
2,91,91.049,1.517,-0.033,392.563,178.676,267.002,132.966,114.004,103.019,2.289
2,79,79.404,1.323,0.101,397.135,176.139,266.443,133.195,113.565,102.0,2.292
2,58,63.159,1.053,0.407,404.891,175.855,261.199,134.766,114.272,102.122,2.231
2,30,47.634,0.794,0.889,403.435,178.373,262.092,139.445,120.204,106.794,2.146
2,-2,35.057,0.584,1.628,352.673,153.47,261.354,141.428,126.143,109.202,2.081
2,-96,124.326,2.072,2.453,33.242,152.555,246.789,149.215,132.034,116.181,1.863
2,-79,113.146,1.886,2.344,28.302,118.802,123.004,116.276,44.045,53.852,1.723
2,-73,105.38,1.756,2.336,49.041,125.16,238.533,133.124,36.125,44.911,3.341
2,-69,101.178,1.686,2.321,68.542,135.831,253.476,114.63,39.623,43.174,3.852
2,-67,92.655,1.544,2.379,71.868,128.818,256.907,116.778,35.609,39.812,4.01
2,-72,89.404,1.49,2.507,87.316,125.256,259.023,117.796,36.401,37.363,4.057
2,-82,98.184,1.636,2.559,116.09,127.142,260.5,115.802,37.443,36.688,4.115
2,-90,104.446,1.741,2.609,154.538,121.037,267.372,113.004,36.359,34.482,4.363
2,-75,99.905,1.665,2.42,210.775,124.471,269.268,97.35,35.805,38.328,4.711
2,-70,93.509,1.558,2.417,285.498,120.254,267.088,101.514,39.825,42.059,4.369
2,-71,89.202,1.487,2.491,333.398,122.801,263.501,85.44,36.235,42.059,4.828
2,-75,89.045,1.484,2.572,373.996,120.0,263.251,85.983,37.643,39.217,4.85
2,-73,75.69,1.262,2.874,379.606,123.406,259.357,87.464,40.0,41.785,4.597
2,-49,49.163,0.819,3.06,277.541,155.878,260.461,84.077,44.688,54.781,4.257
2,-28,29.12,0.485,-2.863,353.171,148.556,207.099,189.763,172.743,154.276,1.202
2,-7,25.0,0.417,-1.855,101.951,152.473,218.048,146.055,129.402,119.871,1.655
2,21,22.847,0.381,-0.405,40.012,160.2,248.556,144.003,118.533,106.042,2.023
2,48,48.374,0.806,0.124,47.802,182.0,264.864,141.287,116.619,106.607,2.18
2,68,71.784,1.196,0.326,71.589,185.003,271.43,142.688,116.276,103.16,2.249
2,81,87.464,1.458,0.387,91.389,189.066,273.233,143.349,118.423,105.948,2.229
2,95,105.551,1.759,0.451,119.854,189.855,274.554,141.014,117.546,105.849,2.26
2,102,118.849,1.981,0.539,167.299,193.041,275.77,145.496,118.663,104.216,2.246
2,102,118.849,1.981,0.539,167.299,193.041,275.77,145.496,118.663,104.216,2.246
2,102,118.849,1.981,0.539,167.299,193.041,275.77,145.496,118.663,104.216,2.246
2,102,118.849,1.981,0.539,167.299,193.041,275.77,145.496,118.663,104.216,2.246
2,144,148.93,2.482,0.258,492.082,185.529,275.572,144.679,120.221,97.576,2.281
2,148,148.862,2.481,0.108,514.14,145.715,167.869,121.4,96.54,89.006,1.641
2,151,151.845,2.531,0.106,515.388,145.911,197.266,164.012,94.048,83.863,1.731
2,145,145.774,2.43,0.103,507.193,128.818,197.517,138.409,43.139,40.262,2.671
2,138,138.813,2.314,0.108,503.322,124.652,224.715,137.0,35.228,37.643,3.212
2,122,124.149,2.069,0.186,489.254,120.104,250.416,118.224,34.0,32.573,4.065
2,98,102.786,1.713,0.306,473.753,118.406,261.84,94.372,35.468,39.217,4.646
2,55,68.6,1.143,0.641,428.953,124.535,268.604,110.018,41.485,36.359,4.289
2,3,36.125,0.602,1.488,357.151,123.665,274.985,102.318,42.426,32.558,4.653
2,-98,110.941,1.849,2.654,91.417,122.102,271.19,94.641,42.012,31.623,4.835
2,-107,122.674,2.045,2.631,193.961,122.004,271.015,80.505,43.012,36.056,5.095
2,-105,119.474,1.991,2.644,227.985,112.272,265.272,76.0,37.336,31.064,5.511
2,-95,111.83,1.864,2.586,270.647,105.361,255.265,62.169,34.366,28.636,6.118
2,-92,107.187,1.786,2.603,309.571,97.494,244.393,60.017,34.0,32.202,5.809
2,-95,107.824,1.797,2.649,348.92,98.509,231.387,73.164,44.777,31.016,4.66
2,-102,110.693,1.845,2.743,387.198,135.074,227.372,112.294,83.487,67.357,2.592
2,-104,109.11,1.819,2.834,413.146,157.08,227.161,130.729,100.703,91.706,2.109
2,-107,108.342,1.806,2.984,449.004,166.235,242.687,130.633,104.652,99.298,2.176
2,-111,111.364,1.856,3.061,464.613,169.685,250.138,134.648,103.619,93.622,2.261
2,-112,112.04,1.867,-3.115,489.624,167.027,249.618,122.102,101.193,90.094,2.39
2,-107,107.075,1.785,-3.104,494.128,163.625,249.898,120.54,100.17,91.351,2.402
2,-85,85.376,1.423,-3.048,480.692,165.276,250.89,124.234,102.616,92.655,2.356
2,-14,17.205,0.287,-2.521,52.631,165.849,251.213,123.309,102.616,92.655,2.366
2,16,19.416,0.324,-0.602,43.566,168.238,251.629,122.776,101.868,95.258,2.36
2,39,39.0,0.65,0.0,71.197,168.404,250.635,120.167,98.478,94.021,2.405
2,41,41.049,0.684,0.049,82.28,174.04,254.126,123.665,100.449,92.087,2.411
2,43,43.046,0.717,0.046,94.112,170.461,254.008,123.976,100.663,93.022,2.399
2,44,44.407,0.74,0.136,115.741,159.013,246.759,135.385,98.98,84.717,2.32
2,42,48.374,0.806,0.519,154.146,148.189,228.32,141.662,100.09,84.723,2.098
2,34,48.795,0.813,0.8,176.782,117.72,240.285,88.51,64.444,55.073,3.465
2,20,46.519,0.775,1.126,178.227,113.406,248.793,71.281,39.623,46.098,4.754
2,-27,45.0,0.75,2.214,82.765,123.223,249.616,68.264,45.967,44.944,4.705
2,-33,58.249,0.971,2.173,93.606,120.37,241.456,72.069,43.278,41.231,4.626
2,-16,40.311,0.672,1.979,55.317,116.619,240.67,66.708,39.962,34.438,5.117
2,-4,20.396,0.34,1.768,32.558,126.779,241.008,70.838,39.446,38.471,4.861
2,18,18.111,0.302,-0.111,30.871,123.309,239.134,68.359,42.72,40.46,4.734
2,16,29.682,0.495,-1.001,21.095,119.474,232.777,72.443,41.11,38.833,4.583
2,20,45.618,0.76,-1.117,11.662,109.59,227.59,69.376,42.19,44.294,4.381
2,18,52.202,0.87,-1.219,12.207,105.906,217.424,62.032,35.171,32.527,5.028
2,14,53.852,0.898,-1.308,21.095,96.047,215.676,65.947,43.186,22.804,4.904
2,9,52.773,0.88,-1.399,27.893,111.893,204.159,86.683,63.82,42.521,3.173
2,6,41.437,0.691,-1.425,39.319,128.425,205.244,104.661,84.119,66.189,2.415
2,9,34.205,0.57,-1.305,42.012,139.316,205.222,116.039,97.082,80.056,2.1
2,18,30.0,0.5,-0.927,45.706,149.459,209.468,118.191,102.318,88.6,2.033
2,25,27.313,0.455,-0.415,68.007,150.881,213.178,122.119,102.489,89.627,2.035
2,5,24.515,0.409,-1.365,66.708,158.316,215.23,117.686,90.25,76.903,2.267
2,-12,21.633,0.361,-2.159,44.102,162.542,219.0,118.309,83.57,66.753,2.446
2,-22,25.554,0.426,-2.608,29.411,165.421,228.035,120.167,88.769,73.11,2.426
2,-25,26.926,0.449,-2.761,25.495,167.359,237.023,120.619,95.525,78.23,2.416
2,-25,25.02,0.417,-3.102,20.881,169.331,242.736,122.025,100.603,84.149,2.374
2,-20,20.881,0.348,2.85,20.248,170.836,244.773,123.976,101.71,86.145,2.355
2,-20,20.881,0.348,2.85,24.698,173.566,241.537,124.427,100.717,86.145,2.328
2,-20,20.616,0.344,2.897,32.65,173.22,239.27,122.004,99.725,86.093,2.332
2,-23,23.537,0.392,2.928,33.971,173.22,241.118,120.603,100.13,85.053,2.366
2,-28,28.018,0.467,3.106,35.511,173.669,240.882,116.387,96.338,83.024,2.443
2,-37,37.216,0.62,-3.034,41.146,176.324,238.768,117.72,96.177,80.006,2.437
2,-50,51.923,0.865,-2.869,53.6,173.081,231.327,131.042,93.392,76.236,2.308
2,-57,63.071,1.051,-2.699,72.25,167.869,220.239,124.652,90.758,74.525,2.279
2,-53,67.007,1.117,-2.483,101.079,156.668,215.87,132.424,89.157,73.082,2.198
2,-83,83.726,1.395,-3.01,398.72,154.806,150.629,122.967,98.005,78.294,1.51
2,-71,72.78,1.213,2.92,386.745,117.886,175.183,96.897,74.404,55.0,2.322
2,-61,66.708,1.112,2.725,336.442,158.152,192.346,90.934,65.49,47.127,2.835
2,-47,64.382,1.073,2.389,301.761,167.171,201.48,123.568,95.189,79.246,2.028
2,-28,44.045,0.734,2.26,269.7,164.56,233.026,103.078,82.098,69.296,2.747
2,-24,27.295,0.455,2.645,162.542,113.283,236.163,78.026,50.488,42.059,4.154
2,-3,5.831,0.097,2.111,108.005,110.218,231.948,66.03,38.053,28.425,5.251
2,33,34.205,0.57,-0.266,132.231,104.561,228.615,62.129,34.525,29.069,5.455
2,40,48.826,0.814,-0.611,75.007,104.346,224.662,66.121,38.471,33.242,4.89
2,43,57.385,0.956,-0.724,66.287,98.615,220.03,60.299,33.0,29.069,5.394
2,43,62.968,1.049,-0.819,55.082,99.247,215.081,62.586,33.061,30.414,5.119
2,44,72.801,1.213,-0.922,47.17,98.184,215.035,64.257,37.643,30.871,4.859
2,38,81.413,1.357,-1.085,142.271,104.547,206.4,71.61,46.228,30.083,4.186
2,32,78.791,1.313,-1.153,175.046,115.763,197.588,86.313,63.891,43.012,3.068
2,32,72.45,1.207,-1.113,208.722,134.183,192.512,101.178,78.816,61.4,2.393
2,36,64.07,1.068,-0.974,228.65,142.636,192.917,113.225,90.338,72.615,2.096
2,40,55.866,0.931,-0.773,231.487,151.013,202.2,116.97,96.933,87.092,2.015
2,42,45.695,0.762,-0.405,250.769,152.977,209.898,120.83,99.328,90.028,2.03
2,47,47.17,0.786,-0.085,243.822,157.003,216.393,127.534,101.139,93.904,2.012
2,50,51.42,0.857,0.236,240.969,152.948,221.353,127.945,104.346,90.554,2.057
2,49,50.961,0.849,0.278,219.829,156.17,231.536,129.692,105.721,95.189,2.101
2,48,50.596,0.843,0.322,203.185,155.322,235.847,124.908,107.466,98.005,2.142
2,44,45.88,0.765,0.287,181.747,161.307,239.61,123.693,107.378,102.02,2.158
2,44,45.122,0.752,0.223,158.902,163.233,242.687,125.132,111.005,107.564,2.118
2,37,37.855,0.631,0.213,133.843,162.505,242.211,128.565,113.071,107.912,2.079
2,28,28.284,0.471,0.142,102.927,165.738,242.157,126.495,113.04,106.471,2.1
2,16,16.031,0.267,-0.062,77.897,166.138,240.302,128.265,113.018,107.378,2.068
2,1,6.083,0.101,-1.406,52.479,164.712,239.14,132.442,111.162,108.167,2.039
2,-5,22.561,0.376,-1.794,38.013,161.608,239.385,128.577,106.569,99.126,2.148
2,-15,31.765,0.529,-2.063,57.28,160.465,229.192,132.439,104.809,104.005,2.015
2,-26,45.222,0.754,-2.183,133.225,153.395,225.621,136.858,106.301,102.122,1.96
2,-18,39.357,0.656,-2.046,211.116,150.083,213.843,132.823,102.786,96.104,1.934
2,-12,30.463,0.508,-1.976,244.248,148.395,137.637,115.603,94.752,82.134,1.412
2,-13,28.178,0.47,-2.05,262.374,135.956,124.868,104.403,82.879,62.129,1.502
2,-7,13.038,0.217,-2.138,258.6,136.125,119.641,98.681,70.682,85.428,1.409
2,-6,10.817,0.18,2.159,263.319,133.81,137.011,118.343,100.767,87.71,1.34
2,5,29.428,0.49,1.4,150.283,115.918,95.047,73.335,55.036,49.041,1.607
2,4,14.56,0.243,1.292,78.339,112.361,117.478,63.953,45.607,45.343,2.275
2,11,11.18,0.186,-0.18,24.331,120.154,104.69,58.138,43.417,45.343,2.138
2,19,21.024,0.35,-0.442,10.0,117.644,105.683,71.253,43.738,41.11,2.031
2,30,31.953,0.533,-0.351,38.275,109.142,152.486,72.25,41.773,38.288,3.003
2,32,37.736,0.629,-0.559,61.4,101.435,209.308,60.133,34.059,28.601,5.114
2,32,43.186,0.72,-0.736,79.31,98.858,215.232,63.285,37.014,31.064,4.915
2,34,51.74,0.862,-0.854,108.747,106.301,216.76,67.602,43.186,34.54,4.475
2,33,59.908,0.998,-0.987,160.851,105.019,215.353,73.007,45.354,36.139,4.182
2,32,59.363,0.989,-1.001,203.158,110.476,211.294,81.597,53.226,38.21,3.663
2,35,61.033,1.017,-0.96,240.302,119.252,207.331,90.554,65.0,46.519,3.078
2,42,63.781,1.063,-0.852,258.544,132.834,211.059,98.473,76.368,60.959,2.685
2,47,61.074,1.018,-0.693,270.416,140.064,212.25,107.168,87.459,70.292,2.404
2,51,60.208,1.003,-0.56,270.379,145.245,214.646,106.775,90.0,79.63,2.33
2,51,55.543,0.926,-0.407,267.328,146.659,217.61,114.865,97.755,86.833,2.18
2,54,55.109,0.918,-0.201,265.345,146.386,219.237,110.114,100.319,90.25,2.187
2,53,53.009,0.883,0.019,262.711,151.344,228.779,118.512,102.318,93.606,2.183
2,55,58.189,0.97,0.333,239.46,154.842,228.659,121.655,105.304,98.717,2.106
2,53,60.415,1.007,0.501,212.85,153.395,232.659,117.273,103.581,102.259,2.16
2,50,60.465,1.008,0.597,182.455,154.829,236.907,116.108,103.16,101.597,2.215
2,41,55.227,0.92,0.734,144.17,152.506,235.476,111.615,97.529,100.603,2.281
2,25,42.202,0.703,0.937,89.275,155.467,237.186,114.634,100.424,100.404,2.256
2,11,27.313,0.455,1.156,46.098,154.315,235.372,113.719,100.424,95.525,2.28
2,-6,7.211,0.12,2.554,25.0,155.467,239.727,118.309,104.048,100.319,2.229
2,-29,30.676,0.511,-2.81,74.847,156.924,236.292,114.232,102.961,104.173,2.206
2,-53,58.181,0.97,-2.716,132.774,153.447,234.73,117.175,102.391,101.242,2.195
2,-65,79.057,1.318,-2.536,193.879,154.305,228.429,123.13,105.906,103.392,2.061
2,-82,90.377,1.506,-2.708,221.984,148.661,214.348,121.264,102.108,95.352,2.018
2,-76,79.699,1.328,-2.836,308.663,150.0,183.371,135.96,113.217,98.762,1.581
2,-85,87.321,1.455,-2.911,361.935,125.925,181.838,102.343,82.037,69.527,2.148
2,-99,99.247,1.654,-3.071,299.506,105.929,195.346,67.72,43.738,34.482,4.016
2,-78,78.638,1.311,3.014,305.164,99.639,204.475,53.46,33.061,31.828,5.183
2,-61,61.984,1.033,2.963,279.016,100.688,212.615,52.01,33.242,32.558,5.414
2,-42,46.519,0.775,2.697,258.157,107.448,219.317,60.008,38.471,34.828,4.936
2,-18,36.715,0.612,2.083,264.439,111.126,222.32,65.008,39.812,39.623,4.617
2,-3,55.082,0.918,1.625,274.046,103.586,221.964,66.0,37.336,35.468,4.797
2,15,68.659,1.144,1.351,221.063,104.738,221.142,60.208,36.056,33.015,5.132
2,29,59.54,0.992,1.062,139.445,104.809,219.693,62.65,37.121,32.65,4.977
2,43,53.009,0.883,0.625,88.051,103.392,217.113,60.208,37.336,31.78,5.036
2,43,53.009,0.883,0.625,88.051,103.392,217.113,60.208,37.336,31.78,5.036
2,66,67.082,1.118,0.18,139.201,105.385,217.35,60.638,36.346,34.015,4.978
2,90,92.892,1.548,-0.25,171.4,102.005,218.197,61.131,36.878,30.676,5.087
2,72,73.164,1.219,0.179,164.104,97.329,213.74,65.803,39.56,33.242,4.626
2,73,73.246,1.221,0.082,189.974,101.4,211.294,68.352,42.72,31.257,4.454
2,75,75.007,1.25,-0.013,230.489,105.019,205.995,72.719,49.092,32.388,4.008
2,66,66.189,1.103,0.076,255.143,109.11,202.2,79.057,56.569,33.121,3.595
2,56,57.723,0.962,0.245,257.965,112.294,202.247,86.833,62.37,38.833,3.227
2,44,48.754,0.813,0.445,255.932,129.808,202.094,99.086,74.626,50.912,2.699
2,47,48.765,0.813,0.27,243.83,133.124,191.846,101.237,84.095,63.53,2.313
2,41,41.976,0.7,0.216,233.829,139.946,196.698,107.703,94.921,69.893,2.165
2,25,32.016,0.534,0.675,220.0,145.908,198.6,111.893,99.247,80.808,2.041
2,25,43.012,0.717,0.951,189.082,143.757,207.531,117.546,104.087,88.566,2.007
2,12,36.056,0.601,1.232,167.215,153.235,218.449,124.04,110.223,105.0,1.932
2,-3,8.544,0.142,1.93,158.417,162.086,226.451,123.628,117.038,111.759,1.928
2,-3,8.544,0.142,1.93,158.417,162.086,226.451,123.628,117.038,111.759,1.928
2,-29,29.155,0.486,3.039,102.46,165.197,231.931,128.876,118.343,116.726,1.912
2,-23,40.224,0.67,2.179,95.084,164.222,233.848,125.782,116.276,114.586,1.967
2,-36,41.183,0.686,2.634,84.433,167.371,235.85,125.897,114.11,115.572,1.99
2,-48,49.729,0.829,2.877,93.862,170.262,235.23,128.876,117.154,116.25,1.948
2,-59,59.211,0.987,3.057,126.052,170.262,233.094,129.124,117.107,115.117,1.935
2,-73,73.335,1.222,-3.046,141.796,168.808,233.238,129.259,118.271,116.108,1.924
2,-73,74.33,1.239,-2.952,247.524,169.779,233.94,127.012,116.276,117.546,1.945
2,-65,65.192,1.087,3.065,311.91,172.696,233.311,127.142,116.211,119.365,1.93
2,-67,69.642,1.161,2.865,349.332,171.959,234.478,127.279,114.07,117.388,1.961
2,-67,71.868,1.198,2.771,368.126,165.17,234.674,122.784,109.041,112.294,2.046
2,-67,70.838,1.181,2.811,379.301,161.047,229.817,123.762,103.078,108.046,2.059
2,-54,59.933,0.999,2.693,377.895,147.462,216.64,133.195,103.697,95.084,1.958
2,-40,50.606,0.843,2.482,358.621,131.548,196.311,122.102,95.901,83.487,1.953
2,-26,50.249,0.837,2.115,336.155,109.403,159.101,92.655,64.257,43.417,2.383
2,-19,60.083,1.001,1.893,294.272,78.492,149.833,58.249,38.833,8.062,4.275
2,-19,60.083,1.001,1.893,294.272,78.492,149.833,58.249,38.833,8.062,4.275
2,-19,60.083,1.001,1.893,294.272,78.492,149.833,58.249,38.833,8.062,4.275
2,-19,60.083,1.001,1.893,294.272,78.492,149.833,58.249,38.833,8.062,4.275
2,5,24.515,0.409,1.365,195.359,132.424,162.542,72.622,58.189,62.008,2.529
2,12,27.731,0.462,1.123,90.802,42.012,19.925,2.236,25.179,39.357,0.895
2,15,27.459,0.458,0.993,83.006,89.067,122.577,118.444,27.803,47.297,1.9
2,13,22.204,0.37,0.945,78.772,89.471,168.716,101.316,31.113,46.098,2.835
2,11,23.707,0.395,1.088,76.007,82.298,184.548,44.944,21.932,37.216,5.319
2,5,21.587,0.36,1.337,76.368,92.439,210.535,43.29,17.493,31.401,6.852
2,2,24.083,0.401,1.488,76.217,92.574,204.267,52.953,23.259,37.0,5.413
2,-1,18.028,0.3,1.626,74.947,70.838,189.235,40.05,11.18,49.244,5.65
2,-9,9.849,0.164,2.723,81.32,45.607,157.099,33.838,26.077,19.105,5.964
2,-13,13.0,0.217,3.142,83.15,48.918,130.507,45.011,37.537,26.173,3.601
2,-20,20.025,0.334,-3.092,87.0,120.702,59.666,41.195,31.828,92.962,1.078
2,-18,18.111,0.302,-3.031,85.288,101.533,127.424,74.632,55.579,34.409,2.322
2,-12,12.0,0.2,3.142,103.947,85.563,116.619,89.499,67.683,50.22,1.687
2,-16,16.125,0.269,3.017,102.611,63.953,80.802,93.622,86.977,72.615,0.957
2,-19,21.471,0.358,2.657,93.392,125.575,136.971,107.49,101.02,99.358,1.335
2,-15,19.209,0.32,2.467,80.281,134.648,179.413,114.039,110.856,90.824,1.705
2,-9,15.811,0.264,2.176,65.924,140.801,194.538,122.0,117.388,102.318,1.708
2,-8,16.125,0.269,2.09,55.579,149.967,204.863,121.202,115.447,104.062,1.804
2,-9,15.0,0.25,2.214,42.297,153.73,218.248,124.0,117.686,104.403,1.892
2,-12,16.279,0.271,2.4,33.526,157.835,227.633,128.004,123.556,113.323,1.872
2,-13,15.264,0.254,2.59,28.844,161.075,230.586,131.095,124.459,112.379,1.88
2,-18,18.974,0.316,2.82,24.839,163.713,233.585,129.653,121.807,112.614,1.925
2,-26,26.173,0.436,3.027,21.213,162.015,229.637,126.669,120.934,111.629,1.918
2,-34,34.0,0.567,3.142,21.84,163.487,232.725,129.248,122.053,112.45,1.919
2,-45,45.277,0.755,-3.031,29.0,160.854,234.957,126.099,119.683,114.337,1.957
2,-57,58.694,0.978,-2.901,46.53,162.188,234.344,123.329,115.117,114.756,1.99
2,-62,68.447,1.141,-2.704,79.12,163.368,228.548,124.904,110.454,115.209,1.956
2,-61,72.945,1.216,-2.561,116.108,155.502,225.524,122.184,105.119,103.576,2.045
2,-57,63.071,1.051,-2.699,177.406,130.545,206.932,100.245,82.152,75.664,2.406
2,-72,72.111,1.202,-3.086,234.019,32.016,68.425,15.297,23.77,27.459,3.086
2,-90,90.934,1.516,2.998,265.228,37.054,146.741,14.142,25.495,31.765,6.165
2,-109,120.768,2.013,2.696,163.38,37.121,156.952,7.616,24.083,33.422,7.231
2,-95,95.189,1.586,-3.079,132.004,37.216,165.955,5.0,22.361,33.971,8.118
2,-84,84.006,1.4,3.13,121.462,51.245,180.272,14.318,10.44,30.0,9.876
2,-75,76.295,1.272,2.957,121.037,58.052,189.621,9.055,9.849,44.911,8.914
2,-69,69.354,1.156,3.04,118.95,68.731,195.151,17.464,7.81,25.318,11.572
2,-60,60.208,1.003,3.058,103.942,71.113,195.923,19.925,9.849,28.46,10.093
2,-54,54.083,0.901,-3.086,86.163,72.028,193.598,25.495,10.05,25.06,9.583
2,-59,59.841,0.997,2.974,69.405,73.824,187.515,32.202,12.53,22.204,8.404
2,-55,57.009,0.95,2.875,62.129,80.994,182.483,39.598,20.809,17.889,6.992
2,-42,42.579,0.71,2.976,127.142,94.874,176.011,65.115,40.853,22.023,4.126
2,-43,43.932,0.732,-2.935,70.576,103.966,170.558,73.43,53.6,31.906,3.219
2,-35,35.128,0.585,-3.056,82.565,114.477,174.324,78.16,63.64,43.829,2.817
2,-24,31.241,0.521,2.447,116.456,119.038,179.011,79.12,71.021,50.695,2.674
2,-3,23.195,0.387,1.7,132.246,129.004,186.102,90.802,83.863,62.817,2.351
2,-13,14.765,0.246,-2.648,129.418,137.379,193.982,95.273,90.554,72.367,2.254
2,-8,8.544,0.142,-2.783,121.083,143.757,200.943,106.042,99.504,84.717,2.077
2,-7,7.0,0.117,3.142,111.759,141.156,205.779,110.725,105.575,90.449,2.013
2,-4,7.211,0.12,-2.159,99.825,145.014,210.836,115.109,109.293,92.266,1.997
2,-5,6.403,0.107,-2.467,95.016,150.765,217.497,119.369,113.217,100.18,1.961
2,-4,8.944,0.149,-2.034,76.485,153.883,220.62,119.252,112.539,103.31,1.975
2,-4,13.601,0.227,-1.869,59.397,154.289,222.704,121.458,112.539,104.173,1.976
2,-7,17.464,0.291,-1.983,45.486,157.918,222.2,123.762,115.434,109.115,1.914
2,-15,24.207,0.403,-2.239,43.829,159.211,222.407,125.228,114.63,108.116,1.917
2,-18,26.907,0.448,-2.304,45.88,159.248,220.871,123.329,112.641,109.073,1.92
2,-29,37.643,0.627,-2.45,54.129,160.103,223.432,121.758,109.554,108.074,1.975
2,-41,49.649,0.827,-2.542,60.671,156.589,219.021,118.929,104.58,108.005,1.982
2,-51,64.815,1.08,-2.476,66.641,156.78,216.005,110.494,98.311,103.005,2.078
2,-52,75.69,1.262,-2.328,87.046,137.306,193.104,104.848,76.322,70.257,2.304
2,-67,69.642,1.161,-2.865,230.586,112.508,178.474,90.973,62.362,51.245,2.617
2,-55,57.871,0.965,-2.825,273.359,90.427,184.61,80.604,48.836,36.77,3.332
2,-36,36.878,0.615,-2.923,266.188,71.253,189.708,41.34,20.224,24.759,6.593
2,-13,13.601,0.227,2.843,247.002,81.302,203.039,36.688,20.025,32.802,6.805
2,1,10.05,0.167,1.471,206.874,88.051,209.354,35.735,24.021,37.483,6.459
2,10,20.591,0.343,1.064,134.082,86.284,209.347,37.336,24.0,36.069,6.448
2,14,17.205,0.287,0.62,37.336,88.278,209.347,36.401,24.0,38.21,6.369
2,19,19.416,0.324,0.207,13.454,82.055,205.876,33.526,21.0,33.242,7.037
2,34,34.928,0.582,0.231,40.853,86.145,206.228,34.54,21.024,31.828,7.079
2,34,35.171,0.586,0.259,63.325,83.054,200.684,35.777,22.804,30.61,6.75
2,29,29.833,0.497,0.237,73.082,84.481,196.229,38.013,23.324,23.707,6.922
2,24,24.021,0.4,0.042,82.225,87.641,189.889,48.415,28.284,24.698,5.618
2,17,17.029,0.284,-0.059,82.037,92.477,184.61,53.814,35.805,23.022,4.917
2,14,16.643,0.277,0.571,91.082,95.718,177.0,59.363,42.544,24.698,4.194
2,8,11.314,0.189,0.785,97.867,106.217,176.567,71.694,58.189,37.014,3.174
2,3,5.831,0.097,1.03,103.31,116.846,175.864,80.062,68.308,47.885,2.688
2,4,10.77,0.18,1.19,102.176,123.81,181.662,86.764,79.831,58.189,2.424
2,4,17.464,0.291,1.34,93.904,128.16,191.4,95.341,87.476,66.483,2.303
2,-3,27.166,0.453,1.681,91.22,134.629,196.4,102.528,93.536,74.673,2.176
2,-8,36.878,0.615,1.789,87.92,140.161,203.494,109.444,100.245,82.492,2.089
2,-12,43.681,0.728,1.849,82.298,144.014,209.609,117.72,105.233,89.275,2.014
2,-19,49.769,0.829,1.962,74.793,146.741,214.311,119.854,112.071,96.083,1.96
2,-24,51.0,0.85,2.061,65.863,149.967,216.391,119.239,112.004,101.005,1.954
2,-32,50.448,0.841,2.258,50.12,149.466,215.745,119.05,111.0,101.02,1.955
2,-37,49.578,0.826,2.413,35.847,153.522,219.272,121.017,114.004,105.005,1.935
2,-46,54.378,0.906,2.579,17.889,152.611,216.301,120.416,112.004,105.0,1.923
2,-56,60.166,1.003,2.767,10.77,152.315,219.112,118.87,110.018,104.005,1.975
2,-70,71.589,1.193,2.93,22.0,152.086,218.653,119.239,110.005,105.076,1.962
2,-86,86.145,1.436,3.084,54.037,154.156,218.826,121.202,111.018,105.043,1.946
2,-79,79.101,1.318,-3.091,85.212,154.029,221.02,120.83,111.041,106.042,1.962
2,-82,83.024,1.384,-2.984,144.125,153.942,227.607,121.511,108.074,112.112,1.998
2,-82,86.023,1.434,-2.835,218.826,161.4,229.839,125.634,108.296,117.107,1.964
2,-77,77.782,1.296,-3.0,274.372,154.845,224.931,137.768,116.211,110.0,1.854
2,-82,83.546,1.392,-2.949,300.097,141.51,201.534,134.826,96.317,80.306,1.941
2,-85,87.801,1.463,-2.888,308.449,114.769,180.892,94.847,67.357,50.99,2.545
2,-74,76.922,1.282,-2.865,314.994,102.611,185.284,70.342,47.381,30.017,3.762
2,-59,61.984,1.033,-2.83,305.63,81.216,187.968,45.398,25.298,32.45,5.467
2,-43,43.566,0.726,-2.98,277.908,82.201,188.481,34.015,21.471,37.577,6.076
2,-29,29.0,0.483,3.142,250.252,80.523,188.958,31.016,15.0,38.601,6.699
2,-17,19.235,0.321,2.655,206.32,75.432,180.546,27.0,14.866,41.485,6.498
2,-7,13.892,0.232,2.099,160.44,67.186,168.309,19.647,13.416,70.406,4.88
2,4,26.306,0.438,1.418,64.661,68.593,160.331,42.048,13.454,17.088,6.626
2,4,13.601,0.227,1.272,40.361,80.05,164.073,48.021,25.495,17.088,5.433
2,27,33.601,0.56,0.638,88.284,81.271,158.71,45.277,24.187,15.133,5.628
2,34,40.497,0.675,0.574,146.578,82.152,152.03,47.885,32.757,14.866,4.775
2,47,51.894,0.865,0.438,192.065,97.082,156.016,65.299,49.244,27.295,3.3
2,56,60.539,1.009,0.39,228.055,109.041,158.446,74.095,59.034,37.336,2.788
2,60,65.391,1.09,0.409,262.048,108.245,160.705,74.733,60.415,39.357,2.763
2,58,66.242,1.104,0.504,279.002,114.022,163.615,77.82,64.537,45.695,2.61
2,52,60.539,1.009,0.538,277.065,120.739,167.296,82.347,71.805,52.924,2.424
2,48,61.221,1.02,0.67,275.089,125.1,173.666,83.63,76.158,59.464,2.376
2,44,62.936,1.049,0.797,274.007,127.004,177.341,90.824,83.433,66.408,2.211
2,41,64.661,1.078,0.884,265.017,131.746,179.744,95.273,87.864,69.642,2.133
2,41,69.405,1.157,0.939,242.008,138.679,184.201,96.385,91.591,74.465,2.106
2,32,66.242,1.104,1.067,227.079,140.982,190.066,103.247,96.509,78.339,2.05
2,34,68.964,1.149,1.055,215.114,139.284,192.588,108.079,101.966,83.744,1.967
2,35,71.197,1.187,1.057,207.292,142.172,193.331,110.725,104.58,87.132,1.918
2,31,69.318,1.155,1.107,200.302,139.789,194.487,109.444,104.389,88.459,1.93
2,30,67.082,1.118,1.107,190.168,140.293,198.708,112.272,107.378,92.779,1.908
2,24,59.093,0.985,1.153,182.069,141.421,200.863,112.792,108.227,94.43,1.91
2,13,49.729,0.829,1.306,170.074,142.299,205.236,113.508,109.115,97.329,1.924
2,-3,34.132,0.569,1.659,138.0,145.362,206.041,115.447,110.073,100.319,1.897
2,-20,26.907,0.448,2.409,101.124,149.402,212.163,118.457,113.004,104.077,1.897
2,-25,25.08,0.418,-3.062,61.098,150.791,212.558,118.878,111.041,107.042,1.892
2,-21,29.698,0.495,-2.356,28.32,152.463,214.401,119.436,112.004,109.005,1.889
2,-20,35.228,0.587,-2.175,108.78,155.242,217.849,119.105,109.225,113.004,1.915
2,-14,34.015,0.567,-1.995,149.091,155.756,212.085,125.228,107.912,111.072,1.848
2,-21,46.065,0.768,-2.044,168.861,153.418,212.934,121.462,101.0,103.484,1.96
2,-16,53.451,0.891,-1.875,176.74,153.395,206.155,122.25,95.567,87.966,2.023
2,-5,56.223,0.937,-1.66,170.511,127.028,188.064,80.529,67.186,61.66,2.695
2,1,58.009,0.967,-1.554,160.031,107.056,180.878,85.633,52.697,41.629,3.015
2,7,61.4,1.023,-1.457,143.781,84.119,174.874,61.847,29.732,15.297,4.909
2,12,73.98,1.233,-1.408,129.711,66.0,191.635,43.012,22.023,18.028,6.921
2,27,75.961,1.266,-1.207,110.136,82.565,200.532,40.05,21.954,29.069,6.606
2,38,76.158,1.269,-1.048,91.548,87.316,207.06,38.897,29.069,63.891,4.711
2,46,82.928,1.382,-0.983,73.756,82.219,206.652,32.696,25.554,49.031,5.779
2,57,91.049,1.517,-0.894,62.769,83.217,213.591,34.886,30.232,53.16,5.418
2,78,108.208,1.803,-0.766,58.009,88.6,214.367,38.079,28.32,45.541,5.745
2,97,124.471,2.075,-0.677,68.425,89.889,208.471,43.738,25.612,42.059,5.614
2,112,141.82,2.364,-0.66,95.131,82.006,206.247,45.011,27.313,37.216,5.649
2,112,141.82,2.364,-0.66,95.131,82.006,206.247,45.011,27.313,37.216,5.649
2,112,141.82,2.364,-0.66,95.131,82.006,206.247,45.011,27.313,37.216,5.649
2,112,141.82,2.364,-0.66,95.131,82.006,206.247,45.011,27.313,37.216,5.649
2,112,141.82,2.364,-0.66,95.131,82.006,206.247,45.011,27.313,37.216,5.649
2,112,141.82,2.364,-0.66,95.131,82.006,206.247,45.011,27.313,37.216,5.649
2,112,141.82,2.364,-0.66,95.131,82.006,206.247,45.011,27.313,37.216,5.649
2,112,141.82,2.364,-0.66,95.131,82.006,206.247,45.011,27.313,37.216,5.649
2,112,141.82,2.364,-0.66,95.131,82.006,206.247,45.011,27.313,37.216,5.649
2,112,141.82,2.364,-0.66,95.131,82.006,206.247,45.011,27.313,37.216,5.649
2,112,141.82,2.364,-0.66,95.131,82.006,206.247,45.011,27.313,37.216,5.649
2,112,141.82,2.364,-0.66,95.131,82.006,206.247,45.011,27.313,37.216,5.649
2,112,141.82,2.364,-0.66,95.131,82.006,206.247,45.011,27.313,37.216,5.649
2,112,141.82,2.364,-0.66,95.131,82.006,206.247,45.011,27.313,37.216,5.649
2,112,141.82,2.364,-0.66,95.131,82.006,206.247,45.011,27.313,37.216,5.649
2,112,141.82,2.364,-0.66,95.131,82.006,206.247,45.011,27.313,37.216,5.649
2,112,141.82,2.364,-0.66,95.131,82.006,206.247,45.011,27.313,37.216,5.649
2,112,141.82,2.364,-0.66,95.131,82.006,206.247,45.011,27.313,37.216,5.649
2,112,141.82,2.364,-0.66,95.131,82.006,206.247,45.011,27.313,37.216,5.649
2,112,141.82,2.364,-0.66,95.131,82.006,206.247,45.011,27.313,37.216,5.649
2,112,141.82,2.364,-0.66,95.131,82.006,206.247,45.011,27.313,37.216,5.649
2,112,141.82,2.364,-0.66,95.131,82.006,206.247,45.011,27.313,37.216,5.649
2,112,141.82,2.364,-0.66,95.131,82.006,206.247,45.011,27.313,37.216,5.649
2,112,141.82,2.364,-0.66,95.131,82.006,206.247,45.011,27.313,37.216,5.649
2,112,141.82,2.364,-0.66,95.131,82.006,206.247,45.011,27.313,37.216,5.649
2,112,141.82,2.364,-0.66,95.131,82.006,206.247,45.011,27.313,37.216,5.649
2,112,141.82,2.364,-0.66,95.131,82.006,206.247,45.011,27.313,37.216,5.649
2,112,141.82,2.364,-0.66,95.131,82.006,206.247,45.011,27.313,37.216,5.649
2,112,141.82,2.364,-0.66,95.131,82.006,206.247,45.011,27.313,37.216,5.649
2,112,141.82,2.364,-0.66,95.131,82.006,206.247,45.011,27.313,37.216,5.649
2,112,141.82,2.364,-0.66,95.131,82.006,206.247,45.011,27.313,37.216,5.649
2,112,141.82,2.364,-0.66,95.131,82.006,206.247,45.011,27.313,37.216,5.649
2,112,141.82,2.364,-0.66,95.131,82.006,206.247,45.011,27.313,37.216,5.649
2,112,141.82,2.364,-0.66,95.131,82.006,206.247,45.011,27.313,37.216,5.649
2,112,141.82,2.364,-0.66,95.131,82.006,206.247,45.011,27.313,37.216,5.649
2,112,141.82,2.364,-0.66,95.131,82.006,206.247,45.011,27.313,37.216,5.649
2,112,141.82,2.364,-0.66,95.131,82.006,206.247,45.011,27.313,37.216,5.649
2,112,141.82,2.364,-0.66,95.131,82.006,206.247,45.011,27.313,37.216,5.649
2,112,141.82,2.364,-0.66,95.131,82.006,206.247,45.011,27.313,37.216,5.649
2,112,141.82,2.364,-0.66,95.131,82.006,206.247,45.011,27.313,37.216,5.649
2,112,141.82,2.364,-0.66,95.131,82.006,206.247,45.011,27.313,37.216,5.649
2,112,141.82,2.364,-0.66,95.131,82.006,206.247,45.011,27.313,37.216,5.649
2,112,141.82,2.364,-0.66,95.131,82.006,206.247,45.011,27.313,37.216,5.649
2,112,141.82,2.364,-0.66,95.131,82.006,206.247,45.011,27.313,37.216,5.649
2,112,141.82,2.364,-0.66,95.131,82.006,206.247,45.011,27.313,37.216,5.649
2,112,141.82,2.364,-0.66,95.131,82.006,206.247,45.011,27.313,37.216,5.649
2,112,141.82,2.364,-0.66,95.131,82.006,206.247,45.011,27.313,37.216,5.649
2,112,141.82,2.364,-0.66,95.131,82.006,206.247,45.011,27.313,37.216,5.649
2,112,141.82,2.364,-0.66,95.131,82.006,206.247,45.011,27.313,37.216,5.649
2,112,141.82,2.364,-0.66,95.131,82.006,206.247,45.011,27.313,37.216,5.649
2,112,141.82,2.364,-0.66,95.131,82.006,206.247,45.011,27.313,37.216,5.649
2,112,141.82,2.364,-0.66,95.131,82.006,206.247,45.011,27.313,37.216,5.649
2,112,141.82,2.364,-0.66,95.131,82.006,206.247,45.011,27.313,37.216,5.649
2,112,141.82,2.364,-0.66,95.131,82.006,206.247,45.011,27.313,37.216,5.649
2,112,141.82,2.364,-0.66,95.131,82.006,206.247,45.011,27.313,37.216,5.649
2,112,141.82,2.364,-0.66,95.131,82.006,206.247,45.011,27.313,37.216,5.649
2,112,141.82,2.364,-0.66,95.131,82.006,206.247,45.011,27.313,37.216,5.649
2,112,141.82,2.364,-0.66,95.131,82.006,206.247,45.011,27.313,37.216,5.649
2,112,141.82,2.364,-0.66,95.131,82.006,206.247,45.011,27.313,37.216,5.649
2,112,141.82,2.364,-0.66,95.131,82.006,206.247,45.011,27.313,37.216,5.649
2,112,141.82,2.364,-0.66,95.131,82.006,206.247,45.011,27.313,37.216,5.649
2,112,141.82,2.364,-0.66,95.131,82.006,206.247,45.011,27.313,37.216,5.649
2,112,141.82,2.364,-0.66,95.131,82.006,206.247,45.011,27.313,37.216,5.649
2,112,141.82,2.364,-0.66,95.131,82.006,206.247,45.011,27.313,37.216,5.649
2,83,146.731,2.446,-0.97,77.666,78.058,205.197,39.623,28.636,111.665,3.421
2,90,147.611,2.46,-0.915,88.645,85.094,201.817,42.72,24.187,28.32,6.358
2,98,148.822,2.48,-0.852,112.969,89.107,196.329,51.108,31.385,29.967,5.237
2,110,154.858,2.581,-0.781,128.413,89.989,189.402,50.22,30.232,27.313,5.273
2,118,159.289,2.655,-0.737,149.091,92.027,188.383,54.489,36.125,22.091,5.014
2,118,159.289,2.655,-0.737,149.091,92.027,188.383,54.489,36.125,22.091,5.014
2,118,159.289,2.655,-0.737,149.091,92.027,188.383,54.489,36.125,22.091,5.014
2,118,159.289,2.655,-0.737,149.091,92.027,188.383,54.489,36.125,22.091,5.014
2,118,159.289,2.655,-0.737,149.091,92.027,188.383,54.489,36.125,22.091,5.014
2,118,159.289,2.655,-0.737,149.091,92.027,188.383,54.489,36.125,22.091,5.014
2,118,159.289,2.655,-0.737,149.091,92.027,188.383,54.489,36.125,22.091,5.014
2,118,159.289,2.655,-0.737,149.091,92.027,188.383,54.489,36.125,22.091,5.014
2,118,159.289,2.655,-0.737,149.091,92.027,188.383,54.489,36.125,22.091,5.014
2,118,159.289,2.655,-0.737,149.091,92.027,188.383,54.489,36.125,22.091,5.014
2,118,159.289,2.655,-0.737,149.091,92.027,188.383,54.489,36.125,22.091,5.014
2,118,159.289,2.655,-0.737,149.091,92.027,188.383,54.489,36.125,22.091,5.014
2,118,159.289,2.655,-0.737,149.091,92.027,188.383,54.489,36.125,22.091,5.014
2,118,159.289,2.655,-0.737,149.091,92.027,188.383,54.489,36.125,22.091,5.014
2,118,159.289,2.655,-0.737,149.091,92.027,188.383,54.489,36.125,22.091,5.014
2,118,159.289,2.655,-0.737,149.091,92.027,188.383,54.489,36.125,22.091,5.014
2,118,159.289,2.655,-0.737,149.091,92.027,188.383,54.489,36.125,22.091,5.014
2,118,159.289,2.655,-0.737,149.091,92.027,188.383,54.489,36.125,22.091,5.014
2,118,159.289,2.655,-0.737,149.091,92.027,188.383,54.489,36.125,22.091,5.014
2,118,159.289,2.655,-0.737,149.091,92.027,188.383,54.489,36.125,22.091,5.014
2,118,159.289,2.655,-0.737,149.091,92.027,188.383,54.489,36.125,22.091,5.014
2,118,159.289,2.655,-0.737,149.091,92.027,188.383,54.489,36.125,22.091,5.014
2,118,159.289,2.655,-0.737,149.091,92.027,188.383,54.489,36.125,22.091,5.014
2,118,159.289,2.655,-0.737,149.091,92.027,188.383,54.489,36.125,22.091,5.014
2,118,159.289,2.655,-0.737,149.091,92.027,188.383,54.489,36.125,22.091,5.014
2,118,159.289,2.655,-0.737,149.091,92.027,188.383,54.489,36.125,22.091,5.014
2,118,159.289,2.655,-0.737,149.091,92.027,188.383,54.489,36.125,22.091,5.014
2,118,159.289,2.655,-0.737,149.091,92.027,188.383,54.489,36.125,22.091,5.014
2,101,144.257,2.404,-0.795,172.363,93.52,188.003,57.983,41.617,24.515,4.544
2,108,145.165,2.419,-0.732,171.172,94.847,186.024,58.728,41.881,23.77,4.487
2,115,146.649,2.444,-0.669,175.137,97.949,186.454,64.537,47.508,26.401,4.04
2,118,146.605,2.443,-0.635,177.654,99.85,184.784,70.725,50.249,26.926,3.748
2,122,148.691,2.478,-0.609,183.003,102.215,182.584,70.725,53.852,32.016,3.498
2,122,147.557,2.459,-0.597,192.13,106.231,186.132,73.756,58.669,35.384,3.328
2,124,147.567,2.459,-0.573,197.74,109.041,182.888,76.694,61.294,37.483,3.127
2,121,143.422,2.39,-0.567,207.885,110.259,180.499,74.632,58.6,36.878,3.183
2,121,142.888,2.381,-0.561,218.179,112.045,180.25,77.104,65.391,47.202,2.851
2,117,138.438,2.307,-0.564,230.098,113.864,177.116,77.389,65.552,44.944,2.828
2,117,137.906,2.298,-0.558,244.199,115.313,176.615,79.756,70.007,48.877,2.667
2,111,136.242,2.271,-0.619,242.942,119.097,176.23,82.735,75.895,55.902,2.464
2,115,142.411,2.374,-0.631,251.287,115.521,173.589,78.262,75.286,58.6,2.455
2,115,142.411,2.374,-0.631,251.287,115.521,173.589,78.262,75.286,58.6,2.455
2,115,142.411,2.374,-0.631,251.287,115.521,173.589,78.262,75.286,58.6,2.455
2,115,142.411,2.374,-0.631,251.287,115.521,173.589,78.262,75.286,58.6,2.455
2,115,142.411,2.374,-0.631,251.287,115.521,173.589,78.262,75.286,58.6,2.455
2,115,142.411,2.374,-0.631,251.287,115.521,173.589,78.262,75.286,58.6,2.455
2,115,142.411,2.374,-0.631,251.287,115.521,173.589,78.262,75.286,58.6,2.455
2,115,142.411,2.374,-0.631,251.287,115.521,173.589,78.262,75.286,58.6,2.455
2,115,142.411,2.374,-0.631,251.287,115.521,173.589,78.262,75.286,58.6,2.455
2,115,142.411,2.374,-0.631,251.287,115.521,173.589,78.262,75.286,58.6,2.455
2,115,142.411,2.374,-0.631,251.287,115.521,173.589,78.262,75.286,58.6,2.455
2,115,142.411,2.374,-0.631,251.287,115.521,173.589,78.262,75.286,58.6,2.455
2,115,142.411,2.374,-0.631,251.287,115.521,173.589,78.262,75.286,58.6,2.455
2,115,142.411,2.374,-0.631,251.287,115.521,173.589,78.262,75.286,58.6,2.455
2,115,142.411,2.374,-0.631,251.287,115.521,173.589,78.262,75.286,58.6,2.455
2,115,142.411,2.374,-0.631,251.287,115.521,173.589,78.262,75.286,58.6,2.455
2,115,142.411,2.374,-0.631,251.287,115.521,173.589,78.262,75.286,58.6,2.455
2,115,142.411,2.374,-0.631,251.287,115.521,173.589,78.262,75.286,58.6,2.455
2,115,142.411,2.374,-0.631,251.287,115.521,173.589,78.262,75.286,58.6,2.455
2,115,142.411,2.374,-0.631,251.287,115.521,173.589,78.262,75.286,58.6,2.455
2,115,142.411,2.374,-0.631,251.287,115.521,173.589,78.262,75.286,58.6,2.455
2,115,142.411,2.374,-0.631,251.287,115.521,173.589,78.262,75.286,58.6,2.455
2,115,142.411,2.374,-0.631,251.287,115.521,173.589,78.262,75.286,58.6,2.455
2,74,122.801,2.047,-0.924,143.136,117.29,177.003,83.672,75.961,61.465,2.402
2,61,118.849,1.981,-1.032,100.975,115.0,179.569,84.309,78.339,62.968,2.388
2,46,127.581,2.126,-1.202,73.027,115.209,180.014,85.094,76.158,64.514,2.392
2,52,118.966,1.983,-1.118,114.63,112.414,180.006,84.309,75.313,64.846,2.406
2,34,111.319,1.855,-1.26,149.817,114.547,179.836,88.255,79.624,66.219,2.305
2,29,109.895,1.832,-1.304,181.618,118.727,182.609,90.139,82.037,68.659,2.275
2,19,105.721,1.762,-1.39,205.866,120.739,184.505,90.443,81.216,72.035,2.271
2,13,99.85,1.664,-1.44,220.493,123.309,188.905,95.21,86.145,77.466,2.19
2,14,101.966,1.699,-1.433,231.64,124.423,189.505,96.462,87.664,81.216,2.143
2,17,101.435,1.691,-1.402,229.452,125.539,186.003,100.568,86.122,79.076,2.1
2,26,101.39,1.69,-1.311,216.899,116.765,169.035,95.462,82.0,75.802,2.002
2,31,106.607,1.777,-1.276,202.485,109.202,92.228,90.022,79.158,70.0,1.157
2,36,109.11,1.819,-1.235,183.742,111.946,97.494,88.142,82.152,71.063,1.212
2,47,114.127,1.902,-1.146,159.765,111.946,90.255,83.024,77.233,68.007,1.186
2,49,118.596,1.977,-1.145,132.378,117.047,95.901,85.212,80.056,69.0,1.228
2,63,125.897,2.098,-1.047,112.071,108.157,106.508,85.0,74.0,59.0,1.466
2,67,128.798,2.147,-1.024,97.622,98.478,154.237,72.945,53.226,34.886,2.873
2,75,129.85,2.164,-0.955,78.772,104.101,160.031,79.404,62.169,40.719,2.634
2,78,134.848,2.247,-0.954,75.505,107.541,167.631,84.06,66.37,46.141,2.558
2,78,134.848,2.247,-0.954,75.505,107.541,167.631,84.06,66.37,46.141,2.558
2,78,134.848,2.247,-0.954,75.505,107.541,167.631,84.06,66.37,46.141,2.558
2,78,134.848,2.247,-0.954,75.505,107.541,167.631,84.06,66.37,46.141,2.558
2,78,134.848,2.247,-0.954,75.505,107.541,167.631,84.06,66.37,46.141,2.558
2,78,134.848,2.247,-0.954,75.505,107.541,167.631,84.06,66.37,46.141,2.558
2,78,134.848,2.247,-0.954,75.505,107.541,167.631,84.06,66.37,46.141,2.558
2,95,148.395,2.473,-0.876,178.62,111.772,172.63,92.087,71.344,50.606,2.42
2,97,147.411,2.457,-0.853,188.82,113.741,176.4,96.042,75.664,55.009,2.334
2,88,137.768,2.296,-0.878,189.447,111.508,184.491,98.737,76.322,53.339,2.423
2,81,123.329,2.055,-0.854,179.569,110.454,191.651,94.048,72.422,52.202,2.629
2,69,111.826,1.864,-0.906,166.138,111.508,193.662,94.493,72.622,51.088,2.663
2,64,101.671,1.695,-0.89,154.208,105.816,193.127,88.865,68.768,48.104,2.816
2,51,93.193,1.553,-0.992,145.086,102.083,187.883,82.073,59.414,43.267,3.051
2,45,84.06,1.401,-1.006,129.63,106.231,182.989,77.795,55.606,43.081,3.111
2,34,73.355,1.223,-1.089,119.971,93.338,179.424,77.82,58.822,51.0,2.869
2,29,64.846,1.081,-1.107,109.713,127.475,128.86,86.313,70.007,64.405,1.751
2,26,54.589,0.91,-1.074,101.178,94.895,76.026,64.498,46.098,26.401,1.665
2,22,47.413,0.79,-1.088,92.698,94.154,75.717,63.135,40.706,23.345,1.786
2,19,40.706,0.678,-1.085,79.931,87.664,150.296,63.071,41.785,20.125,3.608
2,18,34.986,0.583,-1.03,70.036,96.462,170.018,74.947,55.785,33.526,3.105
2,15,28.302,0.472,-1.012,56.639,105.342,179.201,81.597,60.877,39.051,2.962
2,11,25.495,0.425,-1.125,49.649,111.665,185.852,91.706,69.635,46.325,2.685
2,7,23.087,0.385,-1.263,43.046,115.169,190.394,92.347,73.246,50.448,2.644
2,2,24.083,0.401,-1.488,40.497,115.169,195.673,96.799,78.16,55.362,2.549
2,-9,29.411,0.49,-1.882,42.19,118.33,196.023,100.578,80.281,57.974,2.462
2,-15,37.162,0.619,-1.986,44.721,119.269,199.529,98.98,80.777,59.481,2.502
2,-24,44.102,0.735,-2.146,52.839,120.553,198.759,100.0,81.025,60.166,2.472
2,-36,48.836,0.814,-2.4,75.664,121.149,198.728,100.881,81.253,58.941,2.473
2,-1,3.162,0.053,-1.893,140.089,121.84,198.071,100.245,79.812,59.775,2.478
2,1,3.162,0.053,-1.249,139.843,121.491,199.449,99.328,81.253,60.166,2.485
2,1,2.236,0.037,-1.107,141.354,120.208,195.412,97.406,77.201,53.759,2.567
2,-6,6.0,0.1,3.142,136.624,120.208,194.61,95.859,73.082,50.596,2.659
2,-5,7.81,0.13,2.266,91.181,112.721,192.575,91.924,68.308,47.434,2.782
2,19,21.024,0.35,0.442,17.72,114.935,185.841,91.526,64.351,44.045,2.789
2,21,22.136,0.369,0.322,52.612,102.078,163.878,68.593,44.407,32.757,3.373
2,21,22.136,0.369,0.322,52.612,102.078,163.878,68.593,44.407,32.757,3.373
2,21,22.136,0.369,0.322,52.612,102.078,163.878,68.593,44.407,32.757,3.373
2,21,22.136,0.369,0.322,52.612,102.078,163.878,68.593,44.407,32.757,3.373
2,21,22.136,0.369,0.322,52.612,102.078,163.878,68.593,44.407,32.757,3.373
2,21,22.136,0.369,0.322,52.612,102.078,163.878,68.593,44.407,32.757,3.373
2,64,65.115,1.085,-0.185,231.64,70.831,166.087,84.155,59.682,55.606,2.498
2,53,53.339,0.889,-0.113,233.105,74.431,176.647,60.671,40.706,40.224,3.742
2,49,49.01,0.817,-0.02,227.783,71.063,184.101,59.841,40.706,40.0,3.93
2,47,47.011,0.784,0.021,218.689,93.648,187.883,60.0,38.601,43.139,3.977
2,41,41.049,0.684,-0.049,204.841,87.006,183.153,50.16,28.443,31.89,4.973
2,33,33.061,0.551,0.061,184.456,73.682,181.706,52.202,29.069,31.241,4.845
2,22,22.023,0.367,0.045,163.417,70.576,176.343,50.09,27.893,25.239,5.125
2,11,13.601,0.227,0.629,135.713,75.18,176.011,50.774,27.857,23.707,5.16
2,-5,7.81,0.13,2.266,103.092,77.421,175.285,52.697,29.547,26.401,4.84
2,-13,13.0,0.217,3.142,70.576,80.604,176.638,55.227,32.249,26.476,4.65
2,-33,33.541,0.559,-2.962,61.205,86.452,177.291,61.555,37.443,27.0,4.221
2,-5,5.831,0.097,2.601,144.451,87.046,179.234,64.382,41.617,31.145,3.921
2,-3,9.487,0.158,1.893,142.299,89.939,180.58,68.768,43.841,28.792,3.831
2,7,18.385,0.306,1.18,85.071,97.35,184.954,75.166,48.26,29.53,3.628
2,1,20.025,0.334,1.521,97.867,97.944,184.318,73.246,50.774,34.67,3.484
2,1,20.025,0.334,1.521,102.396,101.119,186.118,79.649,56.08,36.235,3.247
2,0,28.0,0.467,1.571,90.355,104.652,186.59,84.095,62.65,41.231,2.978
2,6,30.594,0.51,1.373,81.584,108.747,188.345,88.955,69.893,47.011,2.745
2,10,28.792,0.48,1.216,64.008,111.79,191.207,92.698,72.422,47.854,2.693
2,4,22.361,0.373,1.391,45.255,118.596,192.003,98.98,78.848,55.973,2.464
2,5,21.587,0.36,1.337,41.183,118.903,193.933,100.17,81.584,59.481,2.412
2,3,23.195,0.387,1.441,38.079,119.871,195.972,98.717,82.201,61.847,2.422
2,5,23.537,0.392,1.357,31.623,118.929,197.436,98.762,81.786,61.4,2.448
2,1,20.025,0.334,1.521,29.155,120.208,201.675,101.651,84.929,63.6,2.418
2,-3,18.248,0.304,1.736,24.083,122.381,199.585,101.39,86.683,66.219,2.355
2,-2,17.117,0.285,1.688,27.785,121.758,198.98,99.725,80.604,55.785,2.528
2,-9,20.125,0.335,2.034,33.302,120.702,190.413,94.705,73.682,55.714,2.549
2,-18,24.759,0.413,2.385,51.865,113.159,183.698,84.723,59.54,41.231,2.971
2,-29,31.016,0.517,2.779,84.865,102.396,144.18,87.596,69.462,64.327,1.954
2,-32,36.235,0.604,2.653,122.723,69.231,193.217,53.6,44.777,45.607,4.026
2,-50,54.626,0.91,2.727,256.798,84.202,200.744,71.84,57.689,55.0,3.264
2,-50,55.036,0.917,2.71,256.955,89.051,202.41,77.201,61.911,55.973,3.113
2,-38,43.909,0.732,2.617,245.752,78.638,201.762,75.71,62.177,57.983,3.09
2,-23,27.459,0.458,2.564,217.72,81.744,198.487,67.268,52.924,50.329,3.492
2,-7,14.765,0.246,2.065,179.003,101.005,201.326,76.42,59.615,59.548,3.088
2,8,13.601,0.227,0.942,131.7,89.006,200.449,74.33,55.714,55.227,3.246
2,8,13.601,0.227,0.942,131.7,89.006,200.449,74.33,55.714,55.227,3.246
2,8,13.601,0.227,0.942,131.7,89.006,200.449,74.33,55.714,55.227,3.246
2,8,13.601,0.227,0.942,131.7,89.006,200.449,74.33,55.714,55.227,3.246
2,8,13.601,0.227,0.942,131.7,89.006,200.449,74.33,55.714,55.227,3.246
2,8,13.601,0.227,0.942,131.7,89.006,200.449,74.33,55.714,55.227,3.246
2,8,13.601,0.227,0.942,131.7,89.006,200.449,74.33,55.714,55.227,3.246
2,37,83.63,1.394,1.112,73.498,112.641,203.855,83.726,65.552,61.074,2.907
2,42,79.076,1.318,1.011,80.808,86.093,205.65,72.56,49.041,49.578,3.604
2,41,81.988,1.366,1.047,89.107,79.404,193.662,52.393,30.265,31.401,5.094
2,38,90.377,1.506,1.137,103.73,76.694,181.334,50.12,26.571,25.807,5.307
2,46,101.074,1.685,1.098,159.878,71.176,176.182,53.226,27.893,24.698,4.995
2,37,95.462,1.591,1.173,238.254,68.71,176.182,49.193,24.739,24.413,5.374
2,35,88.238,1.471,1.163,289.111,70.235,176.045,49.93,25.495,22.825,5.375
2,29,108.931,1.816,1.301,333.096,68.797,174.003,51.624,26.401,19.235,5.367
2,30,125.634,2.094,1.33,325.558,67.417,172.142,53.254,27.203,17.72,5.26
2,30,125.634,2.094,1.33,325.558,67.417,172.142,53.254,27.203,17.72,5.26
2,30,125.634,2.094,1.33,325.558,67.417,172.142,53.254,27.203,17.72,5.26
2,30,125.634,2.094,1.33,325.558,67.417,172.142,53.254,27.203,17.72,5.26
2,30,125.634,2.094,1.33,325.558,67.417,172.142,53.254,27.203,17.72,5.26
2,30,125.634,2.094,1.33,325.558,67.417,172.142,53.254,27.203,17.72,5.26
2,30,125.634,2.094,1.33,325.558,67.417,172.142,53.254,27.203,17.72,5.26
2,30,125.634,2.094,1.33,325.558,67.417,172.142,53.254,27.203,17.72,5.26
2,30,125.634,2.094,1.33,325.558,67.417,172.142,53.254,27.203,17.72,5.26
2,30,125.634,2.094,1.33,325.558,67.417,172.142,53.254,27.203,17.72,5.26
2,30,125.634,2.094,1.33,325.558,67.417,172.142,53.254,27.203,17.72,5.26
2,30,125.634,2.094,1.33,325.558,67.417,172.142,53.254,27.203,17.72,5.26
2,30,125.634,2.094,1.33,325.558,67.417,172.142,53.254,27.203,17.72,5.26
2,30,125.634,2.094,1.33,325.558,67.417,172.142,53.254,27.203,17.72,5.26
2,30,125.634,2.094,1.33,325.558,67.417,172.142,53.254,27.203,17.72,5.26
2,30,125.634,2.094,1.33,325.558,67.417,172.142,53.254,27.203,17.72,5.26
2,30,125.634,2.094,1.33,325.558,67.417,172.142,53.254,27.203,17.72,5.26
2,30,125.634,2.094,1.33,325.558,67.417,172.142,53.254,27.203,17.72,5.26
2,30,125.634,2.094,1.33,325.558,67.417,172.142,53.254,27.203,17.72,5.26
2,30,125.634,2.094,1.33,325.558,67.417,172.142,53.254,27.203,17.72,5.26
2,30,125.634,2.094,1.33,325.558,67.417,172.142,53.254,27.203,17.72,5.26
2,30,125.634,2.094,1.33,325.558,67.417,172.142,53.254,27.203,17.72,5.26
2,30,125.634,2.094,1.33,325.558,67.417,172.142,53.254,27.203,17.72,5.26
2,30,125.634,2.094,1.33,325.558,67.417,172.142,53.254,27.203,17.72,5.26
2,30,125.634,2.094,1.33,325.558,67.417,172.142,53.254,27.203,17.72,5.26
2,30,125.634,2.094,1.33,325.558,67.417,172.142,53.254,27.203,17.72,5.26
2,30,125.634,2.094,1.33,325.558,67.417,172.142,53.254,27.203,17.72,5.26
2,30,125.634,2.094,1.33,325.558,67.417,172.142,53.254,27.203,17.72,5.26
2,30,125.634,2.094,1.33,325.558,67.417,172.142,53.254,27.203,17.72,5.26
2,30,125.634,2.094,1.33,325.558,67.417,172.142,53.254,27.203,17.72,5.26
2,30,125.634,2.094,1.33,325.558,67.417,172.142,53.254,27.203,17.72,5.26
2,30,125.634,2.094,1.33,325.558,67.417,172.142,53.254,27.203,17.72,5.26
2,30,125.634,2.094,1.33,325.558,67.417,172.142,53.254,27.203,17.72,5.26
2,30,125.634,2.094,1.33,325.558,67.417,172.142,53.254,27.203,17.72,5.26
2,30,125.634,2.094,1.33,325.558,67.417,172.142,53.254,27.203,17.72,5.26
2,30,125.634,2.094,1.33,325.558,67.417,172.142,53.254,27.203,17.72,5.26
2,30,125.634,2.094,1.33,325.558,67.417,172.142,53.254,27.203,17.72,5.26
2,30,125.634,2.094,1.33,325.558,67.417,172.142,53.254,27.203,17.72,5.26
2,30,125.634,2.094,1.33,325.558,67.417,172.142,53.254,27.203,17.72,5.26
2,30,125.634,2.094,1.33,325.558,67.417,172.142,53.254,27.203,17.72,5.26
2,30,125.634,2.094,1.33,325.558,67.417,172.142,53.254,27.203,17.72,5.26
2,30,125.634,2.094,1.33,325.558,67.417,172.142,53.254,27.203,17.72,5.26
2,30,125.634,2.094,1.33,325.558,67.417,172.142,53.254,27.203,17.72,5.26
2,30,125.634,2.094,1.33,325.558,67.417,172.142,53.254,27.203,17.72,5.26
2,30,125.634,2.094,1.33,325.558,67.417,172.142,53.254,27.203,17.72,5.26
2,30,125.634,2.094,1.33,325.558,67.417,172.142,53.254,27.203,17.72,5.26
2,30,125.634,2.094,1.33,325.558,67.417,172.142,53.254,27.203,17.72,5.26
2,30,125.634,2.094,1.33,325.558,67.417,172.142,53.254,27.203,17.72,5.26
2,30,125.634,2.094,1.33,325.558,67.417,172.142,53.254,27.203,17.72,5.26
2,30,125.634,2.094,1.33,325.558,67.417,172.142,53.254,27.203,17.72,5.26
2,30,125.634,2.094,1.33,325.558,67.417,172.142,53.254,27.203,17.72,5.26
2,30,125.634,2.094,1.33,325.558,67.417,172.142,53.254,27.203,17.72,5.26
2,30,125.634,2.094,1.33,325.558,67.417,172.142,53.254,27.203,17.72,5.26
2,30,125.634,2.094,1.33,325.558,67.417,172.142,53.254,27.203,17.72,5.26
2,30,125.634,2.094,1.33,325.558,67.417,172.142,53.254,27.203,17.72,5.26
2,30,125.634,2.094,1.33,325.558,67.417,172.142,53.254,27.203,17.72,5.26
2,30,125.634,2.094,1.33,325.558,67.417,172.142,53.254,27.203,17.72,5.26
2,30,125.634,2.094,1.33,325.558,67.417,172.142,53.254,27.203,17.72,5.26
2,23,55.946,0.932,-1.147,197.231,84.865,167.872,61.522,35.384,22.204,4.228
2,23,55.946,0.932,-1.147,197.231,84.865,167.872,61.522,35.384,22.204,4.228
2,-24,72.111,1.202,1.91,141.283,98.473,167.72,73.355,51.624,28.284,3.283
2,-38,68.505,1.142,2.159,96.628,110.463,165.711,86.377,63.561,38.013,2.645
2,-45,68.768,1.146,2.284,67.186,110.68,170.238,86.122,67.268,41.593,2.619
2,-41,61.62,1.027,2.299,55.009,110.164,178.331,94.366,79.025,51.352,2.38
2,-40,57.28,0.955,2.344,50.99,115.135,181.794,97.514,83.024,56.036,2.305
2,-31,53.824,0.897,2.185,48.6,122.123,190.224,101.203,88.051,61.294,2.278
2,-30,55.758,0.929,2.139,47.634,123.665,190.213,101.98,88.051,63.198,2.253
2,-32,59.363,0.989,2.14,39.357,123.369,194.456,107.079,92.087,71.176,2.158
2,-33,62.434,1.041,2.128,49.336,128.16,198.728,113.265,97.129,74.243,2.095
2,-35,57.009,0.95,2.232,50.478,129.449,203.039,115.209,97.252,76.322,2.109
2,-40,55.866,0.931,2.369,65.215,129.097,200.943,115.732,97.329,72.56,2.111
2,-39,55.154,0.919,2.356,82.68,130.602,203.217,116.181,99.408,76.236,2.089
2,-36,54.562,0.909,2.291,106.301,133.15,205.373,115.953,99.247,78.313,2.099
2,-72,93.723,1.562,2.447,259.131,135.059,206.867,118.068,101.124,77.233,2.094
2,-40,64.815,1.08,2.236,222.171,131.552,206.041,114.14,98.412,79.404,2.117
2,-40,64.815,1.08,2.236,222.171,131.552,206.041,114.14,98.412,79.404,2.117
2,-40,64.815,1.08,2.236,222.171,131.552,206.041,114.14,98.412,79.404,2.117
2,6,34.525,0.575,1.396,50.636,131.244,203.295,107.079,93.343,75.326,2.212
2,14,34.928,0.582,1.158,42.579,128.082,202.356,110.856,91.351,70.114,2.229
2,12,32.311,0.539,1.19,43.463,121.758,190.213,96.54,80.225,62.129,2.389
2,13,27.295,0.455,1.074,43.909,116.812,179.914,89.32,72.567,61.4,2.417
2,14,26.077,0.435,1.004,44.418,195.164,212.897,109.041,91.082,79.649,2.283
2,18,22.204,0.37,0.625,41.773,170.047,190.759,103.817,75.186,68.476,2.312
2,20,22.361,0.373,0.464,46.69,152.398,182.332,157.686,126.384,97.129,1.435
2,20,25.0,0.417,0.644,47.202,115.918,171.047,150.96,121.277,104.202,1.363
2,18,25.456,0.424,0.785,46.519,103.233,117.0,77.389,45.177,47.011,2.07
2,20,26.249,0.437,0.704,42.72,83.678,73.055,44.407,26.0,7.071,2.829
2,20,23.854,0.398,0.576,34.785,78.447,89.554,76.837,64.846,48.042,1.416
2,14,17.804,0.297,0.666,26.077,71.512,89.022,85.088,74.967,63.151,1.197
2,13,14.765,0.246,0.494,17.804,72.125,68.476,55.218,43.046,49.092,1.394
2,9,9.22,0.154,0.219,7.071,123.879,156.774,158.449,147.275,132.098,1.074
2,6,9.22,0.154,-0.862,12.083,118.533,126.59,89.185,68.154,44.598,1.881
2,0,12.0,0.2,-1.571,22.361,119.038,140.911,85.586,61.911,42.012,2.231
2,-4,10.77,0.18,-1.951,43.046,112.294,152.069,83.6,63.253,45.277,2.374
2,3,5.831,0.097,-1.03,53.038,111.072,153.629,81.566,64.203,47.707,2.382
2,3,6.708,0.112,-1.107,61.522,108.074,159.088,73.783,55.009,39.56,2.835
2,6,10.817,0.18,-0.983,60.811,109.124,170.47,70.711,48.795,32.558,3.363
2,6,11.662,0.194,-1.03,58.796,103.276,175.308,71.449,48.083,33.242,3.443
2,13,15.811,0.264,-0.606,59.548,106.151,184.765,77.156,53.814,40.0,3.242
2,12,15.0,0.25,-0.644,54.203,117.597,192.608,85.428,65.605,50.774,2.863
2,15,18.028,0.3,-0.588,59.169,118.849,196.665,87.618,69.065,56.859,2.763
2,18,21.095,0.352,-0.549,67.543,120.569,199.361,86.839,68.797,58.181,2.797
2,26,27.857,0.464,-0.367,78.0,119.57,197.952,88.238,70.214,58.6,2.736
2,34,35.44,0.591,-0.286,101.651,120.416,196.665,84.959,67.357,52.697,2.878
2,38,40.497,0.675,-0.353,130.0,118.224,187.856,84.22,63.702,48.918,2.863
2,37,40.719,0.679,-0.431,172.026,121.824,175.445,96.938,77.466,58.249,2.262
2,40,46.648,0.777,-0.54,215.87,74.726,182.85,37.014,30.887,36.359,5.261
2,47,51.894,0.865,-0.438,240.902,78.102,190.129,40.311,34.482,43.6,4.818
2,49,53.712,0.895,-0.422,250.569,74.216,190.373,43.566,35.511,43.012,4.678
2,50,52.498,0.875,-0.31,248.387,75.505,190.129,46.174,34.015,41.869,4.673
2,35,38.079,0.635,-0.405,217.862,70.257,187.086,44.0,31.385,40.46,4.845
2,11,74.813,1.247,-1.423,61.074,75.06,188.215,42.012,30.676,38.21,5.092
2,8,65.49,1.092,-1.448,75.073,74.108,183.967,39.205,30.364,38.897,5.088
2,12,69.051,1.151,-1.396,87.966,76.42,183.183,40.025,27.074,32.65,5.509
2,14,80.231,1.337,-1.395,115.745,74.545,182.39,38.639,27.166,34.713,5.443
2,6,89.202,1.487,-1.503,194.147,77.279,180.189,39.85,26.019,34.828,5.368
2,15,90.255,1.504,-1.404,278.857,76.903,179.234,40.311,27.074,34.409,5.282
2,12,81.884,1.365,-1.424,325.596,77.369,173.416,42.485,27.295,32.249,5.099
2,16,101.272,1.688,-1.412,354.99,79.48,170.012,43.012,27.203,29.547,5.113
2,13,116.726,1.945,-1.459,340.412,83.187,169.358,47.508,28.178,24.331,5.08
2,17,61.4,1.023,1.29,251.127,86.267,171.977,54.562,35.805,23.77,4.52
2,59,84.149,1.402,-0.794,199.449,91.049,176.324,58.694,38.21,24.698,4.35
2,66,82.201,1.37,-0.639,160.602,99.005,179.936,66.708,45.343,30.414,3.789
2,82,89.554,1.493,-0.414,116.284,110.535,181.466,75.452,51.039,39.115,3.287
2,71,76.322,1.272,-0.376,79.63,114.978,186.075,79.057,54.644,42.19,3.174
2,68,71.169,1.186,-0.3,49.406,117.444,187.883,81.633,57.454,44.418,3.072
2,56,59.464,0.991,-0.343,34.409,119.808,190.394,84.06,61.057,48.765,2.946
2,57,61.098,1.018,-0.368,26.173,123.004,193.982,87.321,64.008,52.326,2.858
2,52,57.697,0.962,-0.448,32.65,121.017,193.598,84.534,60.374,51.078,2.963
2,49,55.946,0.932,-0.504,53.413,120.673,190.822,82.735,59.933,49.769,2.975
2,49,54.129,0.902,-0.439,53.0,119.281,188.876,83.193,58.6,47.927,2.987
2,47,51.078,0.851,-0.402,49.244,118.224,186.682,80.951,56.356,45.177,3.069
2,42,47.885,0.798,-0.501,45.804,117.414,176.006,78.549,59.169,44.777,2.893
2,35,43.012,0.717,-0.62,39.623,104.637,168.077,68.6,51.865,36.235,3.218
2,30,39.699,0.662,-0.714,25.179,82.976,158.824,58.189,41.012,38.471,3.461
2,10,29.732,0.496,-1.228,44.045,84.694,164.879,51.614,28.231,17.72,5.07
2,-29,32.202,0.537,-2.692,212.462,64.281,169.859,38.471,22.804,25.0,5.906
2,-28,31.765,0.529,-2.65,203.887,65.97,179.271,38.053,28.302,35.511,5.28
2,-16,22.627,0.377,-2.356,174.828,77.621,191.377,40.262,33.601,41.881,4.96
2,-7,17.464,0.291,-1.983,121.413,77.492,193.217,42.72,35.0,40.497,4.903
2,5,15.811,0.264,-1.249,71.169,80.081,193.541,43.417,35.228,42.438,4.795
2,17,18.788,0.313,-0.44,102.883,75.961,190.373,46.53,30.414,37.802,4.977
2,28,32.757,0.546,-0.546,38.471,69.123,189.465,42.426,31.385,39.408,5.02
2,44,47.17,0.786,-0.369,78.058,71.589,189.465,41.437,28.653,37.443,5.286
2,57,58.941,0.982,-0.257,101.242,67.469,189.465,42.107,29.069,35.0,5.353
2,61,62.37,1.039,-0.21,118.423,70.859,186.124,37.0,26.0,33.601,5.78
2,63,63.789,1.063,-0.157,127.252,61.294,182.428,42.107,25.298,32.202,5.494
2,65,65.62,1.094,-0.138,133.634,70.114,181.805,47.854,27.019,29.411,5.23
2,64,64.382,1.073,-0.109,135.831,71.386,178.757,40.311,22.561,28.302,5.882
2,62,62.29,1.038,-0.096,138.051,74.847,172.142,44.654,27.313,27.313,5.202
2,55,55.444,0.924,-0.127,137.819,79.756,166.108,48.795,29.069,23.087,4.936
2,48,48.374,0.806,-0.124,139.607,80.449,164.985,50.329,33.302,23.345,4.627
2,39,39.812,0.664,-0.202,132.544,94.112,169.248,70.725,52.839,37.014,3.162
2,28,30.083,0.501,-0.374,122.691,92.617,172.54,70.491,55.462,38.471,3.148
2,20,21.932,0.366,-0.423,107.787,101.257,177.553,73.824,52.924,40.497,3.185
2,12,14.422,0.24,-0.588,88.284,107.615,182.833,75.153,52.393,39.925,3.275
2,5,11.18,0.186,-1.107,69.635,115.104,189.708,83.217,60.407,46.174,2.999
2,-1,12.042,0.201,-1.654,55.714,120.569,195.645,85.094,62.626,49.336,2.979
2,-1,15.033,0.251,-1.637,46.615,125.399,201.636,90.758,70.52,56.921,2.772
2,-4,18.439,0.307,-1.789,40.0,127.016,203.066,91.761,73.246,59.666,2.712
2,-11,25.495,0.425,-2.017,38.471,128.363,205.0,91.395,69.921,58.241,2.801
2,-15,30.887,0.515,-2.078,42.379,127.941,204.24,92.655,69.921,58.241,2.775
2,-22,37.202,0.62,-2.204,64.382,128.363,204.893,93.005,68.411,57.009,2.814
2,-27,39.623,0.66,-2.32,88.323,128.351,203.961,92.049,67.052,56.613,2.837
2,-28,41.037,0.684,-2.322,132.189,127.012,201.804,89.56,64.288,53.16,2.925
2,-30,40.361,0.673,-2.409,174.428,123.907,196.237,83.217,62.936,49.041,3.016
2,-41,50.804,0.847,-2.51,204.216,116.73,190.536,83.187,67.067,50.961,2.841
2,-50,58.83,0.981,-2.587,224.183,103.354,178.059,77.936,60.374,43.658,2.936
2,-52,61.587,1.026,-2.576,229.63,91.269,166.784,70.725,47.634,31.145,3.347
2,-45,57.628,0.96,-2.467,224.722,68.768,145.671,62.394,47.854,45.804,2.8
2,-38,53.038,0.884,-2.37,202.094,106.118,86.585,64.56,44.911,32.14,1.834
2,-30,47.634,0.794,-2.252,167.586,61.0,164.174,39.051,19.235,23.022,6.057
2,-21,42.544,0.709,-2.087,125.399,68.71,179.388,42.426,26.401,35.341,5.166
2,-14,39.56,0.659,-1.933,95.189,70.937,188.367,44.598,34.655,42.048,4.659
2,-1,36.014,0.6,-1.599,50.961,76.059,194.551,44.385,36.125,43.829,4.694
2,15,42.72,0.712,-1.212,31.78,75.644,195.451,46.819,36.878,42.059,4.663
2,39,57.315,0.955,-0.822,72.201,73.736,194.24,50.961,38.013,44.944,4.351
2,47,63.702,1.062,-0.741,97.745,73.682,192.388,50.99,36.359,42.202,4.455
2,52,66.219,1.104,-0.668,116.211,72.533,191.039,51.788,33.541,39.825,4.579
2,52,66.843,1.114,-0.679,137.058,66.753,186.601,45.277,30.414,38.601,4.898
2,52,65.605,1.093,-0.656,151.327,70.029,184.358,46.53,26.476,33.242,5.206
2,54,66.03,1.101,-0.613,157.889,80.1,178.869,41.761,27.0,28.844,5.498
2,41,57.28,0.955,-0.773,169.532,76.295,170.558,39.357,23.345,23.707,5.922
2,37,53.759,0.896,-0.812,182.016,85.165,172.142,43.6,25.495,25.962,5.433
2,32,51.225,0.854,-0.896,181.596,87.464,173.488,49.679,32.757,26.019,4.799
2,24,44.944,0.749,-1.007,174.003,89.359,172.986,55.866,37.014,28.443,4.278
2,20,36.892,0.615,-0.998,160.655,95.901,179.805,62.801,43.278,33.615,3.861
2,13,32.696,0.545,-1.162,145.121,104.005,186.454,68.797,49.649,35.805,3.626
2,0,8.0,0.133,-1.571,68.964,109.659,189.275,75.664,54.12,41.037,3.324
2,-6,7.211,0.12,-2.554,40.46,114.691,193.205,78.262,53.226,42.202,3.337
2,-8,8.0,0.133,3.142,21.932,119.754,197.231,83.672,61.741,49.649,3.033
2,-14,14.318,0.239,2.93,6.403,125.252,201.943,88.238,65.391,55.758,2.893
2,-18,18.974,0.316,2.82,18.111,126.507,205.516,90.377,67.543,57.14,2.867
2,-25,26.571,0.443,2.796,27.074,128.845,208.665,93.622,71.309,60.415,2.778
2,-30,32.311,0.539,2.761,38.471,130.0,207.8,95.079,72.45,61.717,2.719
2,-34,36.401,0.607,2.776,55.444,130.602,207.8,96.005,74.095,61.294,2.694
2,-40,42.72,0.712,2.783,74.967,130.602,207.608,96.933,73.164,60.902,2.696
2,-46,49.769,0.829,2.75,104.393,130.419,206.228,93.107,69.318,59.641,2.786
2,-49,52.924,0.882,2.754,148.297,127.004,202.272,87.664,64.413,50.804,2.991
2,-47,51.478,0.858,2.721,181.995,116.276,194.651,80.623,60.539,48.166,3.084
2,-46,49.041,0.817,2.788,182.888,107.49,183.897,72.346,52.345,41.049,3.329
2,-41,51.4,0.857,2.494,234.438,97.005,161.307,64.07,40.706,33.061,3.511
2,-53,65.215,1.087,2.52,231.041,82.71,131.214,71.568,44.407,33.734,2.629
2,-51,68.68,1.145,2.408,177.882,100.717,159.201,67.082,45.1,38.079,3.178
2,-55,71.063,1.184,2.456,123.907,100.319,172.456,70.114,52.0,45.343,3.09
2,-55,71.063,1.184,2.456,123.907,100.319,172.456,70.114,52.0,45.343,3.09
2,-55,71.063,1.184,2.456,123.907,100.319,172.456,70.114,52.0,45.343,3.09
2,5,56.223,0.937,1.482,46.53,107.564,198.917,50.961,42.72,49.204,4.176
2,5,60.208,1.003,1.488,55.902,112.579,209.688,56.462,50.804,62.626,3.703
2,6,63.285,1.055,1.476,64.637,117.393,211.896,57.385,50.804,61.221,3.752
2,7,62.394,1.04,1.458,72.471,116.812,211.376,57.009,47.802,58.6,3.881
2,9,66.611,1.11,1.435,75.166,111.629,213.251,58.189,48.01,57.201,3.915
2,10,65.765,1.096,1.418,77.078,113.6,210.297,55.082,44.944,52.802,4.128
2,11,67.897,1.132,1.408,82.134,113.759,209.764,55.317,44.294,53.075,4.121
2,15,75.505,1.258,1.371,87.006,109.444,209.48,51.788,39.812,47.381,4.522
2,15,71.589,1.193,1.36,100.688,97.739,207.625,50.09,37.336,46.011,4.668
2,15,71.589,1.193,1.36,115.122,93.193,204.561,57.14,39.051,46.4,4.304
2,11,75.802,1.263,1.425,122.642,93.059,204.626,56.045,38.013,39.812,4.586
2,6,79.228,1.32,1.495,125.208,91.706,201.002,54.129,33.242,34.928,4.931
2,3,88.051,1.468,1.537,121.631,112.539,195.758,73.6,54.644,42.45,3.44
2,0,93.0,1.55,1.571,113.701,115.521,200.831,78.294,58.6,45.0,3.312
2,9,99.408,1.657,1.48,110.571,123.458,202.786,84.581,65.924,53.235,2.986
2,0,98.0,1.633,1.571,108.812,125.1,204.201,84.865,66.129,54.626,2.979
2,-3,99.045,1.651,1.601,107.355,126.57,207.935,90.521,73.756,60.729,2.772
2,-2,98.02,1.634,1.591,112.004,127.264,210.535,93.68,76.903,64.56,2.686
2,-7,99.247,1.654,1.641,120.208,128.503,211.625,96.302,79.831,66.219,2.62
2,-13,98.858,1.648,1.703,119.921,132.834,214.965,101.651,84.929,71.805,2.496
2,-15,97.165,1.619,1.726,127.389,134.183,215.678,102.616,83.952,72.78,2.495
2,-21,99.247,1.654,1.784,131.947,135.07,216.416,100.578,81.744,71.805,2.555
2,-23,93.862,1.564,1.818,138.423,134.648,216.416,97.719,78.16,71.063,2.629
2,-27,97.801,1.63,1.851,143.122,134.614,213.663,98.372,80.281,69.857,2.579
2,-25,96.302,1.605,1.833,153.405,134.648,209.423,92.309,75.286,67.912,2.668
2,-28,97.124,1.619,1.863,166.244,131.061,205.105,88.193,68.942,54.406,2.909
2,-24,92.179,1.536,1.834,174.29,115.122,188.045,79.63,54.406,35.609,3.325
2,-15,86.313,1.439,1.745,162.012,101.237,172.931,71.449,46.669,32.016,3.456
2,-17,84.723,1.412,1.773,181.397,157.623,169.331,78.058,55.785,39.446,2.931
2,-31,93.301,1.555,1.909,182.003,92.136,205.341,44.777,37.483,46.098,4.799
2,-52,107.424,1.79,2.076,171.945,98.112,212.059,49.396,43.186,50.99,4.431
2,-52,97.944,1.632,2.13,131.034,98.489,214.849,49.396,45.343,52.773,4.369
2,-38,85.866,1.431,2.029,106.794,92.179,212.615,50.537,43.863,53.226,4.321
2,-15,81.394,1.357,1.756,102.396,97.046,210.202,54.129,45.277,51.0,4.193
2,-6,83.217,1.387,1.643,105.513,93.52,209.304,52.0,42.521,48.374,4.394
2,-5,85.147,1.419,1.63,110.055,86.925,206.247,55.027,40.0,46.648,4.367
2,-3,84.054,1.401,1.606,112.401,93.048,205.01,52.631,36.359,43.012,4.659
2,0,87.0,1.45,1.571,113.719,84.481,199.625,53.759,33.121,41.049,4.681
2,1,89.006,1.483,1.56,118.512,76.485,193.706,47.17,27.313,32.45,5.434
2,6,88.204,1.47,1.503,120.739,84.095,190.055,47.518,26.306,27.659,5.618
2,6,82.219,1.37,1.498,128.845,81.025,183.848,44.598,24.021,21.401,6.127
2,11,80.753,1.346,1.434,137.208,85.44,177.815,65.391,36.688,25.179,4.192
2,20,61.351,1.023,1.239,169.544,93.744,177.138,67.179,45.343,89.157,2.635
2,18,63.6,1.06,1.284,181.516,111.732,177.775,78.102,61.294,44.654,2.898
2,20,62.298,1.038,1.244,183.927,110.114,177.539,79.404,64.498,47.424,2.784
2,22,63.906,1.065,1.219,177.882,116.606,185.715,81.609,65.863,53.31,2.775
2,21,60.745,1.012,1.218,164.77,127.318,193.437,88.589,70.264,62.298,2.624
2,25,60.415,1.007,1.144,139.646,133.255,199.151,96.177,77.833,71.063,2.438
2,28,59.059,0.984,1.077,119.507,136.077,208.607,99.005,80.957,74.967,2.455
2,18,52.202,0.87,1.219,104.235,135.07,213.776,100.464,83.241,74.813,2.481
2,11,45.354,0.756,1.326,87.132,138.235,216.086,100.319,81.908,76.118,2.509
2,8,42.755,0.713,1.383,70.838,139.989,216.64,104.178,86.585,78.638,2.412
2,4,38.21,0.637,1.466,59.076,143.126,218.048,101.237,82.861,77.104,2.504
2,-10,37.363,0.623,1.842,46.53,143.126,217.412,102.956,83.815,80.895,2.437
2,-19,37.216,0.62,2.107,45.31,141.905,214.22,98.412,79.85,74.525,2.542
2,-36,44.407,0.74,2.516,68.884,141.354,208.701,96.897,77.878,76.295,2.494
2,-38,42.048,0.701,2.699,112.259,139.086,203.217,96.385,76.968,65.253,2.555
2,-45,45.398,0.757,3.009,187.641,125.3,191.254,88.752,68.096,51.624,2.752
2,-41,41.049,0.684,3.093,251.231,106.231,170.672,76.694,56.036,41.183,2.944
2,-96,96.628,1.61,-3.028,366.46,67.742,160.527,79.12,52.202,34.015,2.913
2,-89,90.427,1.507,-2.964,371.656,139.488,175.191,66.491,46.065,32.016,3.635
2,-82,83.744,1.396,-2.937,364.585,101.548,195.617,70.385,62.29,50.16,3.21
2,-73,73.98,1.233,-2.979,348.059,84.054,201.445,39.205,31.385,40.792,5.426
2,-60,61.0,1.017,-2.96,317.345,88.323,210.262,36.125,33.615,43.417,5.574
2,-49,50.01,0.833,-2.94,278.115,92.65,210.431,39.699,36.62,43.658,5.262
2,-47,48.27,0.805,-2.912,222.8,92.962,211.632,41.4,38.013,45.541,5.081
2,-37,37.855,0.631,-2.929,180.624,91.924,211.851,41.617,36.401,44.272,5.197
2,-35,37.696,0.628,-2.761,101.912,93.941,210.297,44.721,36.797,44.011,5.026
2,-15,21.213,0.354,-2.356,42.059,95.713,208.856,45.695,36.797,44.283,4.942
2,5,21.587,0.36,-1.337,2.236,92.704,205.73,41.11,30.61,37.121,5.671
2,12,21.633,0.361,-0.983,41.629,90.824,200.032,43.566,28.302,36.715,5.527
2,8,17.0,0.283,-1.081,69.893,115.741,193.313,43.046,25.632,28.844,5.947
2,6,11.662,0.194,-1.03,86.833,87.476,191.003,47.297,25.179,28.32,5.685
2,-3,9.487,0.158,-1.893,112.539,70.711,186.29,42.953,24.0,25.495,6.045
2,6,6.325,0.105,-0.322,128.098,74.947,175.932,48.01,27.295,20.396,5.515
2,7,7.071,0.118,0.142,145.0,79.925,166.012,56.727,34.828,17.889,4.551
2,8,10.0,0.167,0.644,160.125,96.208,166.307,69.065,51.0,31.623,3.289
2,7,9.899,0.165,0.785,174.264,103.73,170.66,79.158,61.351,45.541,2.752
2,7,15.652,0.261,1.107,178.55,106.532,171.283,74.686,61.033,47.539,2.804
2,4,18.439,0.307,1.352,181.044,109.128,174.591,81.597,64.761,49.244,2.678
2,2,20.1,0.335,1.471,166.46,115.871,182.609,86.023,70.831,58.052,2.549
2,-7,30.806,0.513,1.8,161.298,124.615,188.282,94.594,75.133,66.37,2.392
2,-14,42.379,0.706,1.907,161.012,125.16,194.466,94.112,77.104,69.065,2.428
2,-21,56.08,0.935,1.955,155.795,130.74,201.221,99.925,80.895,76.026,2.35
2,-23,52.326,0.872,2.026,161.484,133.195,205.38,99.459,84.012,77.026,2.365
2,-29,50.22,0.837,2.186,199.078,136.297,209.402,99.459,85.709,80.006,2.369
2,-36,73.43,1.224,2.083,220.955,139.474,213.581,102.108,88.685,80.006,2.366
2,-37,72.201,1.203,2.109,236.932,143.293,212.728,103.812,88.459,82.006,2.327
2,-45,78.237,1.304,2.184,242.528,144.544,214.394,103.581,86.833,82.024,2.361
2,-45,78.237,1.304,2.184,242.528,144.544,214.394,103.581,86.833,82.024,2.361
2,-45,78.237,1.304,2.184,242.528,144.544,214.394,103.581,86.833,82.024,2.361
2,-45,78.237,1.304,2.184,242.528,144.544,214.394,103.581,86.833,82.024,2.361
2,-45,78.237,1.304,2.184,242.528,144.544,214.394,103.581,86.833,82.024,2.361
2,-45,78.237,1.304,2.184,242.528,144.544,214.394,103.581,86.833,82.024,2.361
2,-45,78.237,1.304,2.184,242.528,144.544,214.394,103.581,86.833,82.024,2.361
2,-45,78.237,1.304,2.184,242.528,144.544,214.394,103.581,86.833,82.024,2.361
2,-45,78.237,1.304,2.184,242.528,144.544,214.394,103.581,86.833,82.024,2.361
2,-45,78.237,1.304,2.184,242.528,144.544,214.394,103.581,86.833,82.024,2.361
2,-45,78.237,1.304,2.184,242.528,144.544,214.394,103.581,86.833,82.024,2.361
2,-45,78.237,1.304,2.184,242.528,144.544,214.394,103.581,86.833,82.024,2.361
2,-71,82.492,1.375,2.607,279.034,144.845,214.947,104.12,88.119,88.023,2.301
2,-71,82.492,1.375,2.607,279.034,144.845,214.947,104.12,88.119,88.023,2.301
2,-59,78.645,1.311,2.419,322.479,144.312,212.191,99.624,80.604,77.026,2.474
2,-59,78.645,1.311,2.419,322.479,144.312,212.191,99.624,80.604,77.026,2.474
2,-95,110.277,1.838,2.609,363.456,137.884,207.039,96.664,79.12,75.166,2.475
2,-106,121.803,2.03,2.627,355.106,129.692,195.602,93.52,76.922,69.584,2.445
2,-101,121.202,2.02,2.556,347.635,116.73,177.654,80.709,59.481,45.88,2.864
2,-81,99.045,1.651,2.528,304.237,92.087,154.777,67.882,39.825,25.495,3.486
2,-55,73.661,1.228,2.414,244.591,144.031,94.43,73.246,52.202,34.059,1.776
2,-73,90.211,1.504,2.514,199.06,98.311,107.838,75.0,67.201,76.059,1.482
2,-57,77.156,1.286,2.402,133.207,77.878,153.379,54.12,38.833,61.522,2.979
2,-32,52.01,0.867,2.234,99.086,60.008,166.355,21.954,18.974,36.056,6.483
2,-15,31.765,0.529,2.063,65.947,70.838,191.084,20.591,20.616,36.014,7.424
2,-4,11.705,0.195,1.92,33.615,81.707,199.625,31.953,27.459,43.046,5.845
2,4,5.0,0.083,-0.644,6.083,89.196,201.896,36.878,27.659,40.162,5.785
2,16,22.627,0.377,-0.785,25.612,85.615,198.295,40.2,25.612,40.497,5.596
2,22,36.401,0.607,-0.922,50.606,88.119,196.726,40.012,25.942,40.817,5.527
2,30,49.204,0.82,-0.915,87.92,84.481,193.786,37.336,24.042,35.609,5.994
2,38,58.138,0.969,-0.858,121.795,87.0,192.588,40.262,25.08,34.059,5.812
2,40,63.253,1.054,-0.886,161.137,80.025,188.098,39.85,23.022,31.828,5.959
2,41,63.891,1.065,-0.874,192.782,80.399,178.757,42.379,23.195,28.425,5.705
2,48,69.311,1.155,-0.806,220.737,77.929,167.084,38.013,19.647,24.083,6.132
2,52,70.093,1.168,-0.735,244.19,74.632,141.004,33.601,13.416,18.358,6.471
2,47,67.179,1.12,-0.796,269.809,71.694,127.063,31.401,12.083,17.493,6.251
2,43,60.811,1.014,-0.785,287.767,70.661,105.575,33.422,12.083,16.125,5.139
1,41,56.586,0.943,-0.76,293.466,68.768,91.417,35.805,12.207,12.166,4.557
1,37,50.249,0.837,-0.743,282.078,64.846,71.561,34.366,20.616,20.248,2.854
1,48,52.0,0.867,-0.395,248.131,64.125,55.731,51.225,44.283,41.773,1.218
1,54,57.245,0.954,-0.338,203.494,67.476,61.612,54.452,49.649,48.27,1.213
1,47,52.773,0.88,-0.472,165.584,81.025,75.644,64.815,57.009,50.695,1.315
1,38,47.202,0.787,-0.635,146.373,64.031,63.53,54.672,39.56,41.437,1.405
1,30,43.139,0.719,-0.802,127.562,88.6,99.298,76.42,65.368,55.227,1.512
1,21,39.962,0.666,-1.018,117.004,89.454,100.17,85.147,70.007,55.902,1.424
1,12,39.85,0.664,-1.265,107.912,72.422,73.926,61.612,56.436,60.407,1.243
1,6,44.407,0.74,-1.435,100.648,60.828,54.589,43.267,33.838,38.471,1.417
1,-4,46.174,0.77,-1.658,98.234,67.357,61.465,34.234,12.728,22.204,2.666
1,-10,44.147,0.736,-1.799,91.005,80.006,64.351,53.759,38.419,27.074,1.619
1,-5,42.297,0.705,-1.689,89.0,89.0,74.33,59.135,47.424,29.206,1.642
1,-12,49.477,0.825,-1.816,150.632,53.151,108.931,22.023,4.472,15.264,7.826
1,-7,39.623,0.66,-1.748,171.604,63.008,159.531,30.232,10.296,16.125,8.448
1,-21,43.417,0.724,-2.076,158.959,69.584,168.867,38.013,18.028,11.402,7.512
1,-32,45.967,0.766,-2.341,157.851,71.386,178.676,44.598,23.77,22.627,5.891
1,-33,49.578,0.826,-2.299,152.611,77.782,185.311,47.074,22.361,22.023,6.079
1,-26,51.971,0.866,-2.095,129.692,81.222,185.995,50.249,24.021,23.431,5.711
1,-18,52.202,0.87,-1.923,104.695,82.608,192.317,47.381,24.0,24.839,5.996
1,-10,50.01,0.833,-1.772,80.802,82.219,193.598,45.1,25.08,27.203,5.964
1,-5,49.254,0.821,-1.672,66.603,82.492,196.512,51.01,25.318,27.203,5.694
1,1,45.011,0.75,-1.549,61.911,84.593,198.64,47.0,25.318,28.601,5.905
1,5,42.297,0.705,-1.452,57.871,84.717,203.686,48.094,26.476,30.48,5.817
1,14,39.56,0.659,-1.209,55.145,90.094,205.645,50.04,29.614,34.059,5.425
1,19,39.825,0.664,-1.073,63.561,92.763,206.865,49.163,29.12,33.422,5.556
1,28,45.607,0.76,-0.91,80.056,95.341,209.571,55.579,31.048,34.205,5.203
1,41,55.227,0.92,-0.734,118.6,100.424,211.092,56.886,31.321,34.205,5.173
1,56,70.605,1.177,-0.655,150.073,98.27,213.49,60.299,34.205,36.235,4.899
1,69,87.618,1.46,-0.664,191.69,99.639,212.474,59.008,35.355,33.422,4.988
1,79,101.045,1.684,-0.673,241.897,98.127,203.394,70.093,44.553,30.806,4.195
1,81,98.473,1.641,-0.605,270.978,123.568,176.119,94.578,66.038,48.26,2.53
1,75,87.983,1.466,-0.55,325.641,142.611,198.862,109.636,81.394,67.007,2.312
1,65,91.22,1.52,-0.778,339.299,145.0,208.557,101.178,76.42,70.711,2.52
1,55,79.209,1.32,-0.803,336.095,147.272,222.643,98.595,76.609,68.542,2.74
1,77,87.235,1.454,-0.489,296.056,153.219,221.617,104.307,78.772,74.33,2.583
1,116,117.239,1.954,-0.146,228.232,151.727,219.829,105.551,83.217,77.369,2.478
1,84,91.788,1.53,-0.415,225.338,151.162,215.801,108.462,86.023,73.756,2.414
1,95,104.695,1.745,-0.434,237.539,149.215,213.038,103.87,79.379,70.831,2.515
1,80,99.403,1.657,-0.635,230.002,149.265,209.805,103.619,80.654,68.884,2.486
1,67,99.086,1.651,-0.828,211.237,148.809,207.625,103.47,79.379,69.376,2.47
1,50,82.801,1.38,-0.922,185.154,147.201,205.3,102.694,77.492,68.68,2.475
1,28,66.212,1.104,-1.134,170.176,143.056,197.203,98.489,70.385,59.808,2.587
1,52,82.462,1.374,-0.888,161.929,136.36,190.895,90.802,67.624,54.231,2.693
1,40,78.032,1.301,-1.033,167.344,125.992,184.272,84.119,57.245,43.417,2.992
1,21,60.745,1.012,-1.218,172.8,116.675,181.648,77.698,53.235,39.408,3.199
1,7,45.541,0.759,-1.416,178.757,105.423,178.508,69.203,46.872,31.828,3.621
1,1,27.019,0.45,-1.534,180.011,93.15,179.48,58.728,36.069,23.77,4.541
1,-1,12.042,0.201,-1.654,179.402,89.493,184.098,49.204,29.682,25.71,5.28
1,-6,6.708,0.112,-2.678,172.456,92.418,188.066,47.17,28.636,26.926,5.492
1,-9,12.042,0.201,2.415,164.924,95.189,191.377,47.854,26.249,28.231,5.61
1,-12,19.209,0.32,2.246,148.007,94.53,196.499,47.76,29.155,32.65,5.38
1,-19,26.173,0.436,2.383,127.769,95.131,202.485,48.052,33.015,37.59,5.119
1,-24,29.411,0.49,2.525,117.239,93.134,203.63,45.891,33.061,39.115,5.174
1,-23,28.018,0.467,2.534,102.728,94.0,204.978,45.398,33.377,38.275,5.254
1,-18,24.759,0.413,2.385,87.419,83.054,203.666,45.1,32.985,39.699,5.187
1,-9,19.235,0.321,2.058,80.212,86.701,201.4,49.092,34.205,37.483,5.002
1,-1,17.029,0.284,1.63,70.491,89.443,199.264,47.011,29.547,36.056,5.308
1,9,17.493,0.292,1.03,57.706,82.765,196.987,55.326,34.886,38.013,4.609
1,19,23.601,0.393,0.635,37.014,88.769,200.811,46.325,32.45,40.817,5.037
1,25,27.313,0.455,0.415,14.0,104.0,204.463,44.385,33.287,42.19,5.117
1,19,19.026,0.317,0.053,46.174,94.578,206.197,44.721,32.249,40.311,5.274
1,13,13.928,0.232,0.367,116.43,84.77,204.384,49.092,28.46,32.202,5.587
1,16,21.932,0.366,0.753,173.566,81.394,195.018,58.694,36.0,25.495,4.868
1,21,29.698,0.495,0.785,208.504,117.034,194.003,96.177,70.937,52.01,2.656
1,22,33.302,0.555,0.849,226.974,144.499,203.404,137.058,105.19,87.727,1.849
1,21,34.205,0.57,0.91,236.222,144.402,209.881,104.202,88.255,83.199,2.284
1,17,32.757,0.546,1.025,233.343,140.293,212.285,107.224,87.801,82.037,2.299
1,14,31.305,0.522,1.107,217.681,135.484,211.646,106.254,88.074,81.884,2.299
1,26,42.012,0.7,0.903,178.373,137.906,209.468,102.786,84.929,76.118,2.382
1,35,52.402,0.873,0.839,98.793,138.232,209.344,103.74,84.929,75.954,2.373
1,30,44.598,0.743,0.833,54.037,137.713,207.935,104.995,84.929,77.929,2.329
1,27,38.184,0.636,0.785,39.013,139.431,207.617,107.856,88.843,81.884,2.236
1,24,33.242,0.554,0.764,45.277,139.291,203.295,106.48,86.145,77.647,2.257
1,22,33.302,0.555,0.849,62.29,136.191,201.221,104.12,84.345,77.524,2.27
1,22,32.558,0.543,0.829,77.006,133.959,197.841,104.809,85.159,75.538,2.235
1,26,35.384,0.59,0.745,90.427,131.027,194.756,100.0,81.584,69.871,2.324
1,28,37.537,0.626,0.729,106.677,127.094,189.805,97.417,77.878,67.742,2.343
1,29,37.014,0.617,0.671,119.57,119.57,178.891,89.811,73.348,54.918,2.461
1,27,34.828,0.58,0.684,124.423,109.289,172.409,81.345,62.586,46.84,2.711
1,26,33.422,0.557,0.679,126.178,103.856,165.276,75.584,55.973,34.132,2.993
1,25,30.232,0.504,0.597,121.433,89.196,159.248,61.294,41.231,21.932,3.839
1,24,26.401,0.44,0.43,111.517,74.243,153.395,43.932,24.839,15.524,5.459
1,19,20.616,0.344,0.399,96.021,70.576,156.115,36.069,18.439,13.601,6.876
1,16,16.125,0.269,0.124,79.025,70.711,159.812,35.0,15.652,18.028,6.981
1,2,2.828,0.047,0.785,67.179,66.068,164.402,31.064,11.402,18.385,8.105
1,-11,11.402,0.19,-2.875,55.902,71.449,172.026,21.19,9.849,25.962,9.054
1,-14,14.036,0.234,-3.07,48.01,78.262,180.205,31.401,13.416,27.514,7.474
1,-19,19.416,0.324,-2.934,43.658,82.765,186.124,32.062,19.209,33.242,6.607
1,-23,24.352,0.406,-2.807,50.09,84.172,192.044,36.346,24.413,36.249,5.939
1,-21,24.698,0.412,-2.587,58.694,84.172,196.743,32.28,26.87,39.395,5.989
1,-19,24.207,0.403,-2.473,62.642,87.932,200.489,35.114,29.732,41.146,5.675
1,-12,20.809,0.347,-2.185,58.592,95.273,203.769,36.401,30.48,39.812,5.73
1,-6,19.925,0.332,-1.877,46.69,90.824,203.337,34.015,29.732,38.013,5.995
1,-21,40.817,0.68,-2.111,56.4,85.071,203.002,39.459,26.833,36.62,5.918
1,-29,49.406,0.823,-2.198,179.627,83.433,199.965,46.011,23.77,30.232,5.998
1,-16,26.401,0.44,-2.222,204.714,79.076,195.888,55.579,29.155,31.89,5.039
1,-6,14.318,0.239,-2.003,216.19,78.409,183.308,60.539,35.341,20.025,4.745
1,-3,3.162,0.053,-2.82,221.097,104.809,172.54,80.722,61.522,44.204,2.776
1,-2,3.606,0.06,2.159,223.439,130.817,182.937,96.208,75.604,63.632,2.331
1,-9,9.22,0.154,2.923,218.057,137.906,195.645,97.908,81.006,77.253,2.291
1,-11,11.402,0.19,2.875,202.01,141.174,203.384,99.479,82.855,83.433,2.296
1,-7,10.63,0.177,2.29,178.025,142.524,206.519,103.769,86.035,85.51,2.25
1,9,23.77,0.396,1.182,79.31,142.888,210.012,105.551,89.185,82.565,2.272
1,9,17.493,0.292,1.03,48.26,144.062,207.889,105.991,90.758,82.976,2.23
1,1,8.062,0.134,1.446,31.623,145.647,207.894,105.991,91.706,83.952,2.214
1,-3,3.162,0.053,-2.82,24.021,145.89,206.519,104.235,88.6,86.122,2.221
1,-8,8.246,0.137,-2.897,22.023,143.391,203.039,104.695,86.977,82.976,2.218
1,-6,7.211,0.12,-2.554,27.731,142.302,199.151,103.315,86.331,81.253,2.205
1,-6,6.708,0.112,-2.678,37.696,139.402,196.797,102.956,86.331,76.4,2.222
1,-2,3.606,0.06,-2.159,59.464,138.405,191.207,100.722,83.815,75.432,2.206
1,4,4.0,0.067,0.0,79.712,133.686,185.0,94.372,75.895,69.376,2.316
1,8,8.944,0.149,0.464,85.381,123.434,174.889,87.658,71.868,56.648,2.427
1,4,8.944,0.149,1.107,90.758,113.952,167.371,83.241,65.391,43.909,2.608
1,0,10.0,0.167,1.571,94.244,90.697,158.824,64.031,48.26,30.0,3.349
1,-10,13.454,0.224,2.409,90.25,73.389,158.003,47.434,28.601,18.028,5.039
1,-17,18.788,0.313,2.702,80.498,78.447,166.769,41.34,21.024,21.095,5.995
1,-23,23.537,0.392,2.928,68.6,80.006,173.612,34.0,19.416,23.431,6.778
1,-19,19.0,0.317,3.142,52.839,83.385,182.989,33.615,18.0,26.87,6.994
1,-18,18.111,0.302,-3.031,46.648,85.475,189.489,31.953,19.235,29.0,7.089
1,-13,13.038,0.217,-3.065,42.048,87.966,195.0,31.048,20.881,32.802,6.904
1,-8,9.434,0.157,-2.583,33.838,88.814,199.181,31.257,24.698,37.014,6.427
1,-2,7.28,0.121,-1.849,25.962,96.509,199.612,35.057,26.926,38.288,5.972
1,1,8.062,0.134,-1.446,17.029,96.104,203.652,37.0,29.069,42.012,5.653
1,7,9.899,0.165,-0.785,13.928,95.126,205.645,40.05,30.871,43.6,5.387
1,12,13.416,0.224,-0.464,13.601,93.392,205.01,39.051,29.967,41.617,5.559
1,23,23.537,0.392,-0.214,17.088,93.622,204.592,36.014,26.0,36.62,6.223
1,26,26.019,0.434,-0.038,35.228,89.499,203.961,39.051,25.0,31.401,6.41
1,16,17.889,0.298,-0.464,75.0,85.703,199.912,42.45,24.083,25.495,6.517
1,4,13.601,0.227,-1.272,155.364,77.524,190.665,43.658,21.587,24.207,6.394
1,5,7.81,0.13,-0.876,204.678,77.647,182.036,52.154,29.967,17.72,5.47
1,2,2.236,0.037,0.464,223.886,101.242,173.761,72.835,50.804,29.069,3.414
1,-5,14.866,0.248,1.914,229.787,128.082,159.656,113.851,85.235,66.212,1.805
1,-6,7.81,0.13,2.447,221.183,135.915,172.409,97.098,78.715,70.228,2.102
1,4,14.56,0.243,1.292,182.003,137.201,173.113,90.785,73.539,70.612,2.211
1,16,30.529,0.509,1.019,76.922,129.865,174.691,89.961,72.732,65.307,2.299
1,10,15.62,0.26,0.876,46.53,129.004,179.067,89.443,72.111,68.25,2.338
1,4,6.403,0.107,0.896,22.204,131.469,177.8,95.079,76.243,67.268,2.236
1,-1,1.414,0.024,2.356,11.402,131.187,175.171,89.9,73.376,66.491,2.287
1,-6,6.0,0.1,3.142,27.857,130.357,173.658,91.706,74.632,69.635,2.208
1,-10,10.198,0.17,-2.944,38.639,130.357,170.182,90.355,74.0,66.708,2.21
1,-12,12.166,0.203,-2.976,49.497,129.85,164.012,88.64,71.784,57.009,2.263
1,-8,8.944,0.149,-2.678,68.359,123.004,159.0,84.528,71.47,54.406,2.267
1,-6,6.708,0.112,-2.678,86.579,115.745,151.638,80.623,66.129,48.703,2.327
1,5,5.385,0.09,-0.381,101.597,104.652,145.465,71.868,56.462,33.121,2.703
1,9,9.055,0.151,0.111,107.787,79.881,141.152,56.851,38.275,15.264,3.836
1,3,4.243,0.071,-0.785,110.766,67.357,145.169,35.468,19.849,14.422,6.245
1,-2,2.236,0.037,2.678,106.888,65.765,154.871,31.145,13.601,15.811,7.672
1,-15,15.033,0.251,3.075,101.39,68.007,161.409,28.601,10.198,20.125,8.218
1,-24,24.331,0.406,2.976,88.865,82.389,172.192,31.305,14.036,23.854,7.466
1,-25,25.08,0.418,3.062,79.712,88.955,178.539,30.806,17.72,28.844,6.923
1,-23,23.195,0.387,3.012,73.055,95.352,183.393,31.145,21.024,35.511,6.275
1,-21,21.095,0.352,3.047,68.411,93.392,188.809,33.541,26.401,40.311,5.65
1,-16,16.031,0.267,-3.079,63.348,98.717,194.18,37.108,32.202,44.654,5.112
1,-12,12.369,0.206,-2.897,61.4,104.403,197.03,41.437,35.609,46.325,4.791
1,-9,10.817,0.18,-2.554,58.009,108.157,199.324,42.72,35.0,44.944,4.875
1,-4,7.211,0.12,-2.159,52.469,107.517,202.04,44.011,37.014,47.707,4.708
1,4,10.77,0.18,-1.19,49.336,106.283,200.242,43.324,36.401,44.102,4.851
1,10,12.806,0.213,-0.675,46.141,110.136,203.177,44.598,37.014,45.793,4.784
1,21,21.213,0.354,-0.142,41.869,106.569,203.679,42.45,35.228,46.325,4.928
1,24,24.083,0.401,-0.083,35.128,100.881,202.2,41.304,30.017,41.34,5.384
1,20,20.616,0.344,-0.245,45.0,110.064,203.482,75.538,56.859,58.694,3.195
1,7,13.892,0.232,-1.043,148.607,79.101,181.135,57.585,33.734,23.259,4.743
1,9,9.849,0.164,-0.418,177.924,108.853,164.939,80.623,58.796,39.051,2.773
1,16,16.763,0.279,0.303,194.201,137.975,176.502,114.978,86.839,67.417,1.967
1,15,19.209,0.32,0.675,204.805,140.663,187.523,93.493,77.82,72.125,2.311
1,7,16.553,0.276,1.134,199.06,139.943,192.72,102.044,85.071,79.429,2.169
1,-2,18.111,0.302,1.681,174.797,140.656,197.314,101.237,85.726,82.037,2.201
1,17,31.906,0.532,1.009,88.204,140.801,202.951,104.389,89.286,83.187,2.199
1,25,36.069,0.601,0.805,24.331,140.46,202.941,102.46,86.977,80.604,2.255
1,17,24.042,0.401,0.785,11.045,143.21,201.537,103.078,87.361,78.645,2.247
1,11,15.556,0.259,0.785,24.839,141.834,201.537,103.315,88.233,79.31,2.232
1,6,7.81,0.13,0.695,41.593,141.198,199.449,104.278,88.233,79.076,2.203
1,6,6.708,0.112,0.464,58.189,140.663,194.0,102.46,85.703,75.432,2.208
1,9,9.487,0.158,0.322,71.84,138.405,185.852,99.282,80.994,75.432,2.18
1,15,16.155,0.269,0.381,89.269,128.226,178.631,91.285,71.784,60.729,2.395
1,17,19.723,0.329,0.532,111.041,120.416,168.621,86.764,68.007,50.16,2.468
1,12,17.692,0.295,0.825,133.454,100.767,160.44,67.956,53.226,33.015,3.121
1,9,18.358,0.306,1.058,143.694,91.586,161.124,56.4,38.013,26.0,4.014
1,0,17.0,0.283,1.571,148.192,81.271,164.012,40.311,23.431,23.77,5.623
1,-8,22.472,0.375,1.935,159.399,85.615,171.143,37.643,20.125,25.942,6.133
1,-14,26.077,0.435,2.138,170.135,85.0,175.482,38.949,21.587,29.155,5.87
1,-20,30.48,0.508,2.287,180.953,88.142,180.006,36.77,22.0,31.401,5.989
1,-28,33.838,0.564,2.545,187.928,87.052,184.318,36.401,23.195,34.205,5.895
1,-35,38.079,0.635,2.737,198.806,99.182,185.13,39.205,28.46,40.311,5.144
1,-42,43.417,0.724,2.885,220.592,100.404,191.23,36.346,32.249,48.918,4.882
1,-49,49.366,0.823,3.02,225.942,102.259,192.588,37.363,33.838,45.0,4.972
1,-54,54.148,0.902,3.068,226.744,109.836,197.307,43.681,37.736,47.634,4.587
1,-53,53.235,0.887,-3.048,227.192,110.023,200.878,46.174,38.833,48.415,4.517
1,-53,53.935,0.899,-2.955,223.182,112.058,203.747,48.384,42.438,52.631,4.261
1,-45,46.573,0.776,-2.881,217.424,114.004,205.497,48.104,42.012,53.6,4.29
1,-36,42.72,0.712,-2.573,204.083,119.331,209.554,52.555,47.202,57.628,3.994
1,-35,39.357,0.656,-2.667,184.459,117.903,210.772,50.695,46.4,58.898,4.053
1,-42,50.478,0.841,-2.554,139.646,115.732,209.354,50.329,44.822,56.223,4.149
1,-58,72.201,1.203,-2.504,37.537,101.139,203.364,44.147,35.805,48.01,4.768
1,-54,63.285,1.055,-2.593,38.118,106.32,198.64,67.067,47.127,52.345,3.578
1,-52,59.059,0.984,-2.648,44.102,86.023,185.0,62.394,36.674,28.636,4.346
1,-49,57.454,0.958,-2.592,54.203,118.343,171.479,97.591,73.878,55.803,2.264
1,-45,55.803,0.93,-2.509,66.731,142.524,191.4,103.407,87.664,74.243,2.164
1,-42,55.317,0.922,-2.433,70.093,142.874,201.936,101.074,86.163,83.934,2.234
1,-41,57.28,0.955,-2.369,68.884,142.302,203.836,106.513,90.758,81.492,2.194
1,-40,58.0,0.967,-2.332,68.359,138.004,203.494,106.231,88.233,76.655,2.252
1,-41,60.877,1.015,-2.31,63.506,140.602,202.872,106.93,89.196,80.777,2.198
1,-43,65.192,1.087,-2.291,49.163,140.417,203.217,107.331,90.477,81.043,2.186
1,-45,69.527,1.159,-2.275,31.401,140.417,201.4,104.785,89.844,82.462,2.181
1,-45,68.768,1.146,-2.284,14.866,139.807,199.01,104.785,88.888,78.588,2.193
1,-44,70.434,1.174,-2.246,17.029,138.6,196.637,104.0,86.977,76.655,2.204
1,-36,64.9,1.082,-2.159,36.77,138.004,192.427,104.924,86.683,75.69,2.16
1,-27,62.169,1.036,-2.02,57.585,135.871,187.409,102.694,84.119,68.964,2.198
0,-20,52.924,0.882,-1.958,73.348,136.125,180.069,99.925,82.006,67.052,2.17
0,-18,50.329,0.839,-1.937,84.22,138.192,174.748,97.99,80.654,64.257,2.158
0,-15,46.487,0.775,-1.899,87.658,132.458,168.908,93.472,75.273,56.365,2.251
0,-4,42.19,0.703,-1.666,86.313,130.231,158.928,90.824,71.512,51.0,2.235
0,0,40.0,0.667,-1.571,80.212,125.256,146.168,81.988,64.475,45.486,2.284
0,7,39.623,0.66,-1.393,81.4,123.988,124.652,77.524,57.271,39.825,2.142
0,14,42.379,0.706,-1.234,81.492,121.655,115.521,71.021,47.885,33.422,2.275
0,19,42.485,0.708,-1.107,80.957,121.511,109.481,69.203,44.654,30.887,2.269
0,25,48.021,0.8,-1.023,79.699,121.511,104.35,66.4,42.19,27.785,2.296
0,27,47.434,0.791,-0.965,80.957,117.154,102.303,64.203,40.497,26.42,2.341
0,32,50.448,0.841,-0.884,76.485,119.206,102.942,65.437,41.049,26.926,2.315
0,35,52.402,0.873,-0.839,76.118,116.516,102.801,63.891,40.804,27.295,2.337
0,38,54.452,0.908,-0.798,73.437,113.406,100.21,61.62,37.802,26.0,2.397
0,38,55.902,0.932,-0.823,76.164,115.109,100.688,63.655,40.361,28.46,2.28
0,39,58.052,0.968,-0.834,71.568,112.004,98.737,59.414,37.483,29.614,2.341
0,43,60.108,1.002,-0.774,66.272,109.859,96.897,59.666,36.401,29.069,2.323
0,51,68.68,1.145,-0.734,55.731,108.453,96.177,58.249,37.121,33.136,2.245
0,53,73.553,1.226,-0.766,51.4,106.85,94.372,57.454,37.336,35.693,2.17
0,26,70.007,1.167,-1.19,104.393,107.912,94.541,57.245,39.051,38.079,2.111
0,8,69.462,1.158,-1.455,153.0,106.892,96.208,58.523,42.107,43.324,2.005
0,4,62.129,1.035,-1.506,161.251,108.706,98.351,61.131,48.01,51.624,1.835
0,2,57.035,0.951,-1.536,157.458,111.018,100.568,69.857,54.009,55.714,1.68
0,-3,55.082,0.918,-1.625,146.874,114.127,97.144,74.216,59.0,57.567,1.528
0,-18,58.822,0.98,-1.882,126.57,115.104,98.615,78.588,63.071,58.464,1.478
0,-29,60.415,1.007,-2.071,106.212,116.469,96.255,77.201,62.201,57.271,1.468
0,-46,71.701,1.195,-2.267,76.322,117.137,97.082,81.32,67.268,58.694,1.405
0,-63,87.0,1.45,-2.381,54.037,116.619,95.708,82.861,66.272,58.694,1.382
0,-72,92.455,1.541,-2.463,29.017,116.812,96.151,83.815,68.359,59.682,1.362
0,-88,107.648,1.794,-2.528,8.062,115.935,95.771,83.815,66.753,55.227,1.396
0,-95,115.109,1.918,-2.542,38.897,115.676,95.88,82.638,67.897,57.14,1.385
0,-100,121.495,2.025,-2.538,59.908,108.046,95.016,80.654,66.483,55.579,1.406
0,-109,129.541,2.159,-2.571,72.78,101.079,92.179,75.286,63.071,57.489,1.412
0,-107,126.246,2.104,-2.582,86.47,99.403,87.658,75.0,63.071,57.489,1.345
0,-102,120.416,2.007,-2.581,100.975,95.818,81.908,66.272,55.731,53.226,1.402
0,-91,109.0,1.817,-2.559,101.98,85.703,83.815,69.462,58.694,53.235,1.386
0,-80,98.229,1.637,-2.523,102.552,90.796,79.31,64.0,54.406,52.431,1.393
0,-66,84.646,1.411,-2.465,98.899,89.14,79.831,65.031,55.66,53.254,1.377
0,-55,73.661,1.228,-2.414,98.087,89.359,76.42,60.531,53.31,52.802,1.376
0,-44,62.225,1.037,-2.356,93.107,91.269,80.399,67.476,58.873,53.6,1.34
0,-35,52.402,0.873,-2.302,85.615,100.02,83.15,71.309,63.506,59.816,1.282
0,-27,45.0,0.75,-2.214,80.623,97.867,84.291,74.632,68.6,63.702,1.222
0,-16,36.674,0.611,-2.022,79.706,102.391,91.198,79.699,71.344,69.354,1.241
0,-3,28.16,0.469,-1.678,76.662,103.576,89.269,79.706,73.6,72.139,1.188
0,6,24.739,0.412,-1.326,76.844,101.415,91.482,80.951,74.027,70.178,1.219
0,15,25.0,0.417,-0.927,80.66,103.755,89.286,80.951,73.11,71.589,1.187
0,23,27.459,0.458,-0.578,78.409,106.733,89.56,80.951,74.653,70.292,1.189
0,34,35.735,0.596,-0.313,71.344,105.65,91.0,71.281,63.655,63.812,1.374
0,44,44.181,0.736,-0.091,64.846,104.995,90.62,63.812,58.052,61.717,1.481
0,51,51.0,0.85,0.0,63.151,103.446,89.196,64.885,55.866,56.356,1.511
0,57,57.14,0.952,0.07,63.285,111.0,91.082,69.771,59.414,55.073,1.483
0,63,63.789,1.063,0.157,65.803,113.759,91.482,71.176,60.44,57.983,1.448
0,69,70.612,1.177,0.214,72.56,114.543,90.708,73.926,64.203,63.82,1.347
0,73,75.432,1.257,0.255,88.238,113.137,92.763,80.411,72.201,68.007,1.261
0,77,80.362,1.339,0.29,96.167,111.288,92.542,82.006,73.824,72.863,1.214
0,80,84.758,1.413,0.337,104.35,117.516,99.005,86.977,73.055,67.424,1.306
0,81,86.377,1.44,0.355,113.6,111.879,100.08,89.275,75.432,69.971,1.279
0,83,89.32,1.489,0.378,125.642,115.135,98.061,89.09,77.647,74.095,1.222
0,83,89.32,1.489,0.378,133.454,114.237,102.786,93.557,81.0,74.726,1.237
0,78,85.493,1.425,0.422,139.086,119.038,111.414,101.242,88.459,81.154,1.234
0,71,77.473,1.291,0.412,145.647,117.686,111.772,97.949,86.331,76.322,1.287
0,62,68.447,1.141,0.438,148.408,120.739,108.724,93.15,85.094,77.524,1.275
0,53,59.034,0.984,0.456,150.047,123.843,109.877,94.048,86.331,78.854,1.272
0,33,41.4,0.69,0.648,144.617,125.399,118.802,98.595,88.685,79.699,1.335
0,19,30.61,0.51,0.901,137.277,133.222,121.828,102.533,91.263,83.006,1.32
0,8,25.298,0.422,1.249,137.877,137.906,123.847,101.912,91.4,85.0,1.335
0,-4,24.331,0.406,1.736,129.402,139.187,125.0,103.325,95.0,90.377,1.299
0,-15,28.302,0.472,2.129,124.808,140.428,128.222,102.65,96.4,93.038,1.317
0,-29,37.643,0.627,2.45,114.621,140.236,130.92,105.551,98.082,95.294,1.314
0,-40,44.721,0.745,2.678,111.83,137.084,131.187,106.301,98.858,96.649,1.304
0,-52,55.714,0.929,2.774,92.763,137.233,135.624,112.61,104.637,103.31,1.269
0,-65,67.446,1.124,2.871,83.738,136.624,143.951,126.621,117.801,114.495,1.203
0,-79,80.062,1.334,2.978,74.793,136.125,152.801,139.345,132.575,127.236,1.148
0,-95,95.635,1.594,3.026,76.007,134.629,162.742,155.438,151.954,142.622,1.085
0,-107,107.671,1.795,3.03,91.417,130.729,174.155,167.538,163.233,147.709,1.092
0,-117,117.427,1.957,3.056,108.908,128.062,177.598,176.139,170.699,154.557,1.063
0,-128,128.39,2.14,3.064,129.634,126.649,177.992,182.06,177.451,161.245,1.025
0,-134,134.729,2.245,3.037,172.285,127.13,177.8,186.553,184.098,164.514,0.997
0,-135,136.066,2.268,3.016,195.133,127.945,179.446,187.928,184.329,165.109,1.002
0,-136,137.321,2.289,3.003,217.35,126.21,178.533,187.211,182.016,164.149,1.004
0,-131,132.673,2.211,2.983,242.44,125.782,182.571,187.971,183.448,167.967,1.015
0,-125,127.098,2.118,2.96,243.183,126.479,185.162,189.889,185.219,169.169,1.021
0,-118,120.83,2.014,2.925,253.002,125.603,186.4,193.933,187.043,170.018,1.015
0,-108,111.571,1.86,2.888,253.693,126.372,187.971,197.307,189.594,170.141,1.012
0,-100,103.325,1.722,2.887,246.976,125.208,187.11,198.0,188.799,168.656,1.011
0,-87,91.093,1.518,2.841,229.996,123.11,188.566,199.251,189.644,171.231,1.01
0,-69,75.644,1.261,2.719,212.361,122.919,189.061,200.9,190.16,171.33,1.009
0,-61,67.978,1.133,2.685,194.435,122.201,190.444,199.97,190.672,172.192,1.015
0,-26,42.012,0.7,2.238,147.567,122.874,191.065,201.246,191.971,173.185,1.012
0,11,29.155,0.486,1.184,89.471,124.036,192.042,200.878,191.982,172.699,1.019
0,29,39.623,0.66,0.75,76.655,122.654,191.588,199.722,190.924,172.534,1.021
0,52,58.592,0.977,0.479,68.659,119.218,192.052,200.524,190.979,171.817,1.023
0,68,71.47,1.191,0.313,77.795,113.159,193.08,203.679,195.51,173.485,1.011
0,94,94.763,1.579,0.127,108.227,111.364,198.275,207.183,199.73,175.385,1.022
0,108,108.296,1.805,0.074,129.356,109.041,197.618,207.234,198.716,174.522,1.021
0,124,124.016,2.067,0.016,153.769,117.038,199.01,212.85,203.769,175.602,1.008
0,136,136.004,2.267,-0.007,168.87,122.147,199.111,211.929,203.652,177.789,1.007
0,133,133.24,2.221,0.06,186.118,128.035,202.2,217.175,206.306,180.1,1.005
0,135,135.447,2.257,0.081,199.572,134.0,205.801,219.367,208.665,182.915,1.011
0,136,136.235,2.271,0.059,206.177,139.014,207.608,221.651,210.545,184.253,1.01
0,131,131.137,2.186,0.046,214.283,140.014,208.403,221.578,210.297,184.261,1.015
0,120,120.067,2.001,0.033,218.662,141.089,208.435,221.326,212.25,183.962,1.013
0,106,106.0,1.767,0.0,219.21,141.796,208.019,217.807,209.898,178.135,1.03
0,90,90.05,1.501,-0.033,212.72,141.792,211.653,218.488,207.889,176.709,1.053
0,80,80.1,1.335,-0.05,210.459,144.201,208.557,211.627,202.943,169.532,1.071
0,68,68.184,1.136,-0.073,198.154,149.693,204.299,203.118,194.427,164.794,1.09
0,56,56.321,0.939,-0.107,185.44,153.473,198.98,197.699,185.011,156.247,1.108
0,43,43.566,0.726,-0.161,173.297,153.942,195.01,197.717,189.663,160.823,1.067
0,30,30.414,0.507,-0.165,164.396,151.212,201.102,207.01,193.039,158.152,1.081
0,22,22.0,0.367,0.0,152.977,157.003,218.826,212.276,195.433,161.447,1.153
0,9,9.055,0.151,-0.111,146.4,164.015,220.438,223.215,202.074,165.593,1.119
0,-1,7.071,0.118,1.713,137.888,168.217,216.06,217.113,200.504,167.887,1.107
0,-12,13.0,0.217,2.747,133.81,163.371,217.166,218.248,203.539,168.134,1.104
0,-23,24.698,0.412,2.769,131.126,163.478,216.206,218.442,201.725,162.542,1.113
0,-35,35.511,0.592,2.972,129.619,162.339,214.22,217.635,194.363,160.256,1.123
0,-44,44.553,0.743,2.984,130.25,162.049,212.934,217.267,194.435,161.914,1.114
0,-55,55.444,0.924,3.015,130.384,158.827,206.712,212.05,192.608,161.623,1.095
0,-70,70.456,1.174,3.028,133.304,144.361,141.152,130.177,119.62,111.723,1.171
0,-88,88.091,1.468,-3.096,133.154,122.385,111.086,103.175,96.177,97.908,1.121
0,-78,79.429,1.324,-2.952,145.647,114.127,110.168,98.184,86.977,85.235,1.222
0,-80,86.925,1.449,-2.74,165.68,110.277,110.018,97.801,82.976,77.389,1.278
0,-80,86.925,1.449,-2.74,165.68,110.277,110.018,97.801,82.976,77.389,1.278
0,-92,101.553,1.693,2.704,241.68,95.131,98.27,87.693,78.032,73.498,1.232
0,-107,111.683,1.861,2.851,268.173,88.193,94.515,80.61,72.56,71.309,1.263
0,-111,112.45,1.874,2.981,297.473,77.026,89.694,74.967,68.425,68.25,1.271
0,-117,117.614,1.96,3.039,302.318,75.591,82.855,70.007,62.65,60.638,1.286
0,-124,124.101,2.068,3.101,322.614,69.462,82.152,67.209,59.034,56.569,1.348
0,-130,130.0,2.167,3.142,332.962,63.514,76.381,68.884,63.953,65.376,1.156
0,-132,132.185,2.203,-3.089,346.1,72.125,75.0,68.352,62.201,61.188,1.173
0,-133,133.634,2.227,-3.044,357.179,64.63,71.281,61.847,56.036,57.585,1.219
0,-134,135.96,2.266,-2.972,361.836,64.07,76.158,63.198,56.515,57.983,1.286
0,-133,136.125,2.269,-2.927,364.216,63.285,71.169,61.0,54.406,53.413,1.265
0,-131,135.595,2.26,-2.881,364.216,62.37,69.721,61.0,51.0,52.402,1.272
0,-125,130.943,2.182,-2.839,358.716,64.846,73.171,64.031,54.083,53.009,1.283
0,-120,127.812,2.13,-2.79,348.769,67.446,75.027,63.063,51.313,48.826,1.379
0,-115,124.234,2.071,-2.754,334.341,66.408,76.059,61.984,50.606,47.508,1.425
0,-105,117.618,1.96,-2.674,309.968,67.052,77.233,63.246,48.6,44.294,1.484
0,-97,114.586,1.91,-2.58,264.766,70.214,80.231,62.394,47.634,39.812,1.606
0,-89,113.23,1.887,-2.475,230.263,74.33,81.744,63.977,48.918,39.925,1.605
0,-83,113.899,1.898,-2.387,204.832,76.551,81.609,62.61,49.518,39.56,1.614
0,-77,115.434,1.924,-2.301,179.725,76.968,83.385,64.14,48.166,38.079,1.663
0,-85,122.348,2.039,-2.339,165.076,86.539,88.023,67.742,49.497,38.275,1.698
0,-91,130.115,2.169,-2.345,131.4,82.298,85.422,68.411,49.406,36.346,1.662
0,-98,136.488,2.275,-2.372,103.078,83.193,85.422,65.605,49.204,36.222,1.697
0,-101,146.414,2.44,-2.332,72.719,79.925,82.377,62.968,45.277,34.059,1.737
0,-97,151.212,2.52,-2.267,51.196,77.666,81.271,63.655,46.065,34.366,1.692
0,-93,154.201,2.57,-2.218,40.522,76.026,79.057,59.414,45.188,38.471,1.658
0,-86,154.208,2.57,-2.162,40.46,76.276,80.802,62.241,42.942,41.773,1.65
0,-99,161.818,2.697,-2.229,136.418,70.803,76.577,58.258,40.804,29.411,1.788
0,-119,171.143,2.852,-2.34,167.027,50.01,54.148,36.222,14.142,19.416,2.328
0,-120,171.126,2.852,-2.348,170.532,40.853,53.852,48.549,41.593,51.856,1.138
0,-125,174.668,2.911,-2.368,177.496,147.801,135.093,99.156,80.43,70.385,1.621
0,-128,175.454,2.924,-2.388,188.733,143.402,121.696,97.082,78.39,67.186,1.505
0,-145,180.205,3.003,-2.506,194.487,149.566,123.556,97.908,79.706,71.701,1.487
0,-149,181.135,3.019,-2.537,200.34,155.795,117.456,99.569,83.006,74.545,1.37
0,-158,184.361,3.073,-2.6,211.74,164.438,117.924,101.71,86.035,76.322,1.34
0,-159,182.705,3.045,-2.627,212.876,151.093,118.258,105.475,89.196,79.511,1.294
0,-142,169.744,2.829,-2.562,208.777,143.224,118.444,105.309,89.493,79.228,1.297
0,-120,154.932,2.582,-2.457,191.416,143.405,120.104,107.424,92.347,81.302,1.282
0,-98,137.186,2.286,-2.367,176.502,138.13,119.202,106.892,93.408,82.098,1.266
0,-69,116.606,1.943,-2.204,153.496,136.004,121.248,109.124,96.302,84.095,1.256
0,-21,107.079,1.785,-1.768,131.32,135.956,124.555,111.893,97.745,85.024,1.268
0,-10,79.63,1.327,-1.697,117.0,137.084,127.534,114.232,98.843,87.023,1.275
0,-10,79.63,1.327,-1.697,117.0,137.084,127.534,114.232,98.843,87.023,1.275
0,-10,79.63,1.327,-1.697,117.0,137.084,127.534,114.232,98.843,87.023,1.275
0,53,138.539,2.309,-1.178,108.19,141.739,129.711,117.004,101.272,89.09,1.266
0,61,133.724,2.229,-1.097,123.746,141.382,132.098,118.962,102.825,89.202,1.274
0,65,148.034,2.467,-1.116,114.809,146.492,132.966,120.54,105.385,91.662,1.256
0,58,157.099,2.618,-1.193,111.4,142.618,132.257,120.304,104.307,88.814,1.266
0,64,161.245,2.687,-1.163,109.567,140.464,133.15,121.202,105.043,87.298,1.274
0,55,156.016,2.6,-1.211,95.079,144.682,133.645,119.942,102.044,82.462,1.317
0,44,133.462,2.224,-1.235,97.745,156.697,133.555,116.619,95.084,76.243,1.391
0,41,124.92,2.082,-1.236,83.024,141.796,125.515,105.224,81.394,60.0,1.527
0,34,111.319,1.855,-1.26,94.005,123.584,116.559,94.541,68.25,40.522,1.72
0,48,97.617,1.627,-1.057,87.693,107.299,104.139,81.609,59.169,41.881,1.71
0,46,89.694,1.495,-1.032,86.977,96.773,96.167,76.158,54.672,41.183,1.677
0,48,79.202,1.32,-0.92,84.345,92.477,98.793,78.772,57.28,45.618,1.631
0,51,72.835,1.214,-0.795,78.772,94.847,101.553,79.322,61.717,54.781,1.556
0,57,67.956,1.133,-0.576,72.111,97.949,102.044,80.449,64.661,58.873,1.501
0,67,70.838,1.181,-0.331,58.421,99.765,105.19,81.541,63.032,58.694,1.552
0,81,81.302,1.355,0.086,47.707,99.765,105.603,81.835,63.702,59.093,1.548
0,65,73.355,1.223,0.482,62.586,102.577,107.787,82.928,64.444,61.847,1.546
0,58,89.376,1.49,0.865,97.324,104.101,112.712,83.006,64.537,64.257,1.596
0,59,59.135,0.986,0.068,164.438,104.623,113.177,82.662,63.781,63.695,1.616
0,61,65.192,1.087,0.361,178.126,106.832,109.179,84.202,66.219,65.788,1.515
0,60,75.604,1.26,0.654,187.259,107.615,109.567,85.212,68.118,66.851,1.493
0,72,89.404,1.49,0.635,140.801,110.454,110.463,81.841,63.781,65.391,1.57
0,74,84.599,1.41,0.506,125.3,113.596,112.259,82.098,65.947,67.231,1.564
0,70,86.608,1.443,0.63,150.083,115.551,112.004,94.668,76.381,67.742,1.407
0,88,114.978,1.916,0.699,149.693,110.136,107.355,94.303,80.623,73.062,1.299
0,106,129.275,2.155,0.609,152.542,103.755,107.824,93.814,79.246,69.116,1.336
0,107,131.244,2.187,0.618,157.08,96.607,107.703,95.776,79.649,67.082,1.332
0,111,131.765,2.196,0.569,158.959,118.106,97.529,85.884,71.021,64.382,1.322
0,114,132.231,2.204,0.531,165.387,99.408,107.0,94.085,81.056,71.028,1.304
0,123,136.418,2.274,0.447,169.047,31.064,28.32,32.65,42.202,53.935,0.66
0,130,140.389,2.34,0.387,168.074,38.288,50.12,41.037,47.17,53.488,1.061
0,132,139.786,2.33,0.335,157.166,24.083,34.928,21.095,29.967,38.21,1.174
0,132,138.521,2.309,0.308,159.615,9.849,25.0,33.121,41.195,46.872,0.619
0,133,139.176,2.32,0.299,159.314,13.038,29.017,17.692,22.204,33.287,1.19
0,134,139.56,2.326,0.283,156.259,11.705,21.095,18.601,23.345,38.013,0.791
0,138,143.136,2.386,0.269,158.028,42.544,47.096,34.886,28.653,39.115,1.376
0,140,143.611,2.394,0.225,155.052,51.624,42.579,32.573,32.802,43.174,1.177
0,159,159.906,2.665,0.107,161.028,67.683,70.007,59.135,48.166,55.227,1.292
0,169,170.696,2.845,0.141,150.013,79.057,80.523,66.03,49.041,53.263,1.435
0,169,170.065,2.834,0.112,176.479,84.214,87.321,69.007,53.451,60.0,1.436
0,162,162.444,2.707,0.074,202.941,91.198,90.802,74.0,56.321,62.201,1.415
0,169,169.106,2.818,0.035,220.302,92.022,94.366,77.026,57.28,60.803,1.451
0,164,164.003,2.733,0.006,226.318,93.022,101.272,79.006,59.203,60.803,1.527
0,162,162.077,2.701,0.031,225.175,95.005,100.717,76.105,58.189,58.898,1.564
0,159,159.079,2.651,0.031,224.86,104.005,105.119,76.236,60.083,58.412,1.619
0,157,157.115,2.619,0.038,222.686,105.076,102.0,73.682,59.615,58.796,1.593
0,157,157.115,2.619,0.038,219.866,109.179,98.509,74.216,61.294,58.796,1.521
0,158,158.051,2.634,0.025,222.991,105.991,99.04,77.492,61.855,57.428,1.51
0,158,158.028,2.634,0.019,220.839,106.569,97.739,70.661,58.694,52.802,1.61
0,161,161.003,2.683,-0.006,216.518,96.54,100.578,84.22,71.449,82.462,1.267
0,156,156.003,2.6,-0.006,212.603,90.078,95.802,73.682,37.577,14.142,2.292
0,153,153.013,2.55,0.013,210.858,82.219,81.835,47.634,23.259,22.204,2.637
0,140,140.057,2.334,0.029,204.362,88.091,73.763,47.297,23.259,5.831,2.897
0,119,119.067,1.984,0.034,198.917,117.29,101.237,78.721,52.631,29.206,1.892
0,81,82.201,1.37,0.171,166.208,138.13,104.623,85.703,62.201,44.922,1.628
0,40,43.081,0.718,0.381,146.455,138.679,101.833,81.468,59.816,41.437,1.672
0,-7,18.385,0.306,1.961,112.792,134.833,103.6,81.394,59.034,41.437,1.709
0,-72,81.413,1.357,2.656,24.042,135.68,102.801,80.722,59.034,39.56,1.72
0,-82,92.59,1.543,2.659,101.922,143.265,106.217,85.703,63.632,48.27,1.613
0,-139,180.405,3.007,2.45,233.009,152.069,112.486,94.048,73.41,59.682,1.486
0,-141,180.693,3.012,2.466,314.306,141.315,122.201,102.083,82.28,68.469,1.45
0,-162,194.147,3.236,2.558,304.821,139.23,123.227,107.042,89.196,75.538,1.36
0,-174,202.712,3.379,2.603,312.405,140.663,124.631,109.417,92.698,78.409,1.333
0,-187,211.589,3.526,2.655,316.735,138.708,126.194,112.73,98.955,85.006,1.276
0,-179,199.905,3.332,2.68,305.483,138.224,128.281,113.464,100.02,86.023,1.285
0,-170,180.613,3.01,2.797,298.565,140.46,127.953,111.319,95.037,78.23,1.349
0,-165,173.0,2.883,2.836,279.723,151.397,127.13,104.139,83.295,67.602,1.495
0,-159,161.447,2.691,2.967,280.722,142.352,140.132,118.663,90.427,71.028,1.501
0,-168,168.107,2.802,3.106,269.357,118.727,108.784,90.05,59.363,31.064,1.808
0,-162,162.197,2.703,-3.092,259.696,102.728,86.215,68.476,50.636,37.696,1.649
0,-156,157.153,2.619,-3.02,256.383,108.674,91.302,72.45,58.31,47.539,1.536
0,-150,153.375,2.556,-2.931,254.071,96.566,94.34,77.878,59.008,50.695,1.509
0,-150,157.801,2.63,-2.826,250.008,107.201,101.242,79.624,58.009,53.141,1.592
0,-141,154.845,2.581,-2.715,248.652,109.659,105.342,81.253,57.035,53.759,1.646
0,-132,155.926,2.599,-2.58,248.815,111.086,106.283,82.0,59.008,58.189,1.601
0,-116,153.808,2.563,-2.425,242.792,112.058,106.405,82.976,61.008,58.523,1.576
0,-90,148.405,2.473,-2.222,233.925,114.543,105.475,80.281,61.008,62.626,1.552
0,-57,140.118,2.335,-1.99,217.83,115.317,105.309,79.555,60.008,62.298,1.565
0,-15,135.831,2.264,-1.681,191.149,117.388,105.119,78.16,61.131,63.325,1.556
0,20,143.402,2.39,-1.431,160.078,114.978,102.859,78.16,63.127,65.253,1.494
0,20,143.402,2.39,-1.431,160.078,114.978,102.859,78.16,63.127,65.253,1.494
0,20,143.402,2.39,-1.431,160.078,114.978,102.859,78.16,63.127,65.253,1.494
0,20,143.402,2.39,-1.431,160.078,114.978,102.859,78.16,63.127,65.253,1.494
0,20,143.402,2.39,-1.431,160.078,114.978,102.859,78.16,63.127,65.253,1.494
0,96,147.513,2.459,-0.862,170.581,116.417,106.452,82.28,67.119,68.964,1.462
0,109,137.004,2.283,-0.651,204.071,116.181,103.47,78.588,65.031,68.308,1.465
0,126,151.433,2.524,-0.588,191.565,118.229,104.403,77.782,64.281,67.624,1.494
0,120,153.052,2.551,-0.67,201.445,122.0,106.532,80.006,66.708,69.971,1.475
0,108,138.683,2.311,-0.678,211.589,120.208,110.114,82.565,68.542,69.426,1.498
0,114,138.13,2.302,-0.6,208.432,118.36,104.785,86.925,70.456,66.068,1.407
0,117,134.826,2.247,-0.52,209.697,132.518,102.772,82.565,63.632,53.814,1.541
0,119,132.382,2.206,-0.454,203.185,138.033,123.045,105.721,80.05,53.6,1.542
0,114,122.197,2.037,-0.368,202.386,164.939,157.064,143.84,117.38,94.366,1.325
0,111,116.387,1.94,-0.305,207.28,172.514,189.13,169.446,153.522,125.0,1.267
0,112,114.337,1.906,-0.203,219.495,166.193,156.426,136.418,117.924,98.717,1.329
0,113,113.864,1.898,-0.123,217.297,168.345,143.122,122.577,104.695,89.56,1.355
0,114,114.158,1.903,-0.053,209.022,164.012,142.299,123.13,105.019,89.14,1.345
0,111,111.221,1.854,0.063,219.317,159.211,136.883,122.776,106.099,91.005,1.284
0,106,106.921,1.782,0.131,210.867,173.623,136.85,121.149,104.738,89.09,1.303
0,103,107.28,1.788,0.283,204.414,179.805,135.532,119.616,102.961,88.023,1.309
0,88,99.298,1.655,0.482,182.455,159.0,133.72,119.541,103.407,88.142,1.29
0,86,97.062,1.618,0.482,179.714,167.108,132.85,118.903,103.247,89.14,1.28
0,92,106.174,1.77,0.523,135.093,167.003,130.587,117.324,103.247,91.198,1.257
0,96,120.0,2.0,0.644,99.825,159.625,130.614,117.953,104.235,92.195,1.246
0,73,114.337,1.906,0.878,103.47,152.266,132.004,118.596,105.929,93.263,1.246
0,52,114.49,1.908,1.099,114.865,159.806,127.534,114.18,101.833,90.449,1.248
0,21,113.952,1.899,1.385,144.9,153.652,130.679,118.004,105.575,93.648,1.236
0,16,88.459,1.474,1.389,157.458,160.328,130.782,118.406,107.466,95.885,1.219
0,16,88.459,1.474,1.389,157.458,160.328,130.782,118.406,107.466,95.885,1.219
0,16,88.459,1.474,1.389,157.458,160.328,130.782,118.406,107.466,95.885,1.219
0,-4,89.09,1.485,1.616,186.944,148.327,131.472,118.127,107.117,97.494,1.222
0,-23,86.128,1.435,1.841,180.014,163.077,132.518,120.221,106.019,93.172,1.245
0,-45,95.294,1.588,2.063,177.46,145.602,134.833,119.331,104.173,89.269,1.293
0,-65,103.078,1.718,2.253,187.385,163.527,129.077,115.447,99.182,87.664,1.281
0,-84,112.61,1.877,2.413,195.389,155.193,129.449,107.005,81.884,58.215,1.572
0,-102,123.709,2.062,2.54,199.422,75.166,77.795,57.245,49.578,53.141,1.459
0,-121,137.354,2.289,2.649,208.751,86.452,81.253,63.561,53.038,57.697,1.399
0,-135,146.154,2.436,2.748,216.675,87.658,87.864,68.542,56.08,58.83,1.437
0,-148,153.574,2.56,2.871,231.164,95.462,97.324,71.169,54.918,59.641,1.572
0,-158,160.125,2.669,2.978,246.197,97.309,98.656,69.57,55.471,61.612,1.586
0,-163,163.991,2.733,3.032,264.569,99.539,96.177,70.214,56.303,63.6,1.518
0,-164,164.368,2.739,3.075,266.475,99.96,98.995,70.831,57.306,61.717,1.564
0,-162,162.003,2.7,-3.135,246.073,98.681,96.421,72.567,60.415,63.032,1.476
0,-173,176.119,2.935,-2.953,215.084,97.406,99.247,75.186,60.033,65.192,1.486
0,-182,190.421,3.174,-2.843,165.303,99.93,100.18,76.295,61.717,65.795,1.475
0,-189,197.699,3.295,-2.844,113.265,100.663,103.044,77.104,61.741,65.115,1.516
0,-168,171.814,2.864,-2.93,123.693,101.868,105.043,75.802,60.008,63.781,1.579
0,-138,138.708,2.312,-3.04,115.109,100.449,100.125,79.404,65.552,67.476,1.414
0,-113,113.111,1.885,-3.097,100.499,104.235,115.0,77.414,63.246,69.405,1.642
0,-91,91.198,1.52,3.076,92.049,101.4,108.227,75.166,64.846,69.065,1.553
0,-70,71.589,1.193,2.93,90.355,111.041,109.179,84.291,71.568,71.589,1.44
0,-53,56.648,0.944,2.781,86.313,116.842,111.571,86.833,71.063,75.273,1.435
0,-34,42.202,0.703,2.508,80.156,120.221,109.932,90.25,73.11,76.922,1.373
0,-15,34.438,0.574,2.021,83.169,123.081,113.6,88.865,72.443,75.928,1.437
0,-5,57.219,0.954,1.658,84.481,123.227,131.309,87.92,67.365,70.093,1.748
0,-13,37.336,0.622,1.926,84.012,115.117,113.6,76.158,62.032,63.977,1.686
0,-24,27.295,0.455,2.645,72.471,96.021,103.586,76.007,63.6,62.008,1.541
0,-17,36.235,0.604,2.059,78.518,121.004,77.414,58.189,54.672,59.908,1.344
0,-9,34.205,0.57,1.837,85.586,60.208,49.406,33.615,12.0,18.601,2.308
0,-3,31.145,0.519,1.667,80.957,147.031,115.918,88.685,68.118,54.781,1.644
0,-9,29.411,0.49,1.882,80.062,145.031,118.14,97.324,79.057,68.007,1.45
0,-19,29.833,0.497,2.261,75.166,149.646,117.388,99.725,82.219,68.066,1.409
0,-30,32.696,0.545,2.733,56.515,167.287,117.924,100.896,85.147,73.164,1.365
0,-47,47.676,0.795,2.973,28.32,167.631,121.078,103.078,86.145,75.133,1.374
0,-63,63.071,1.051,3.094,29.428,138.246,119.921,103.16,86.47,73.824,1.366
0,-135,137.873,2.298,-2.937,235.332,138.235,120.354,104.403,90.255,77.162,1.328
0,-134,139.284,2.321,-2.865,250.545,139.979,121.594,107.154,93.941,83.096,1.284
0,-127,134.082,2.235,-2.815,252.335,137.906,121.202,107.154,96.509,90.355,1.237
0,-122,131.848,2.197,-2.753,251.072,144.617,119.281,106.892,95.336,87.023,1.237
0,-108,118.186,1.97,-2.723,232.054,140.464,117.29,107.912,96.773,90.609,1.192
0,-90,106.0,1.767,-2.585,202.312,146.659,114.691,104.89,92.282,83.522,1.226
0,-90,106.0,1.767,-2.585,202.312,146.659,114.691,104.89,92.282,83.522,1.226
0,-90,106.0,1.767,-2.585,202.312,146.659,114.691,104.89,92.282,83.522,1.226
0,-90,106.0,1.767,-2.585,202.312,146.659,114.691,104.89,92.282,83.522,1.226
0,-49,60.803,1.013,-2.508,75.133,141.496,114.285,104.738,95.0,83.259,1.212
0,-51,68.015,1.134,-2.419,69.893,131.746,111.306,99.247,91.4,83.006,1.22
0,-60,75.604,1.26,-2.488,79.057,117.068,108.757,99.247,90.604,78.791,1.215
0,-64,73.926,1.232,-2.617,93.15,131.605,111.212,103.947,95.131,85.44,1.173
0,-43,63.702,1.062,-2.312,90.139,122.788,115.261,107.415,100.623,93.408,1.147
0,-48,64.444,1.074,-2.411,91.181,129.19,119.038,111.803,106.254,98.858,1.127
0,-42,57.315,0.955,-2.393,77.621,134.718,123.907,114.843,112.872,108.116,1.107
0,-47,60.44,1.007,-2.462,84.581,141.989,125.591,119.05,113.004,105.906,1.115
0,-43,54.818,0.914,-2.473,70.838,145.248,136.561,120.503,110.368,98.082,1.245
0,-45,60.877,1.015,-2.403,57.07,157.0,132.197,118.038,104.087,90.25,1.27
0,-41,60.141,1.002,-2.321,39.205,184.024,131.107,111.0,94.048,78.549,1.387
0,-37,58.258,0.971,-2.259,32.202,192.023,131.309,103.121,79.31,59.481,1.628
0,-29,52.697,0.878,-2.154,24.083,147.801,124.908,98.489,72.691,52.01,1.679
0,-12,43.681,0.728,-1.849,15.62,120.017,118.271,99.609,63.789,38.626,1.756
0,12,36.056,0.601,-1.232,11.402,68.308,62.129,52.953,28.018,23.537,1.783
0,38,46.043,0.767,-0.6,3.606,39.0,52.202,26.627,10.198,26.077,2.49
0,69,73.736,1.229,-0.36,29.698,54.672,56.851,28.302,13.601,24.739,2.559
0,75,76.118,1.269,0.172,89.694,62.801,70.456,44.011,31.401,34.059,1.931
0,86,91.082,1.518,0.336,189.169,56.08,72.471,50.0,37.483,33.302,1.8
0,95,107.824,1.797,0.493,188.066,67.067,78.39,54.342,40.447,39.205,1.755
0,105,122.967,2.049,0.547,210.647,76.922,84.599,65.146,50.01,49.193,1.544
0,113,131.37,2.189,0.535,215.604,85.0,92.358,72.09,54.452,52.202,1.55
0,117,137.379,2.29,0.552,222.946,94.303,100.265,75.293,56.754,55.579,1.603
0,113,140.801,2.347,0.639,229.532,105.759,103.276,74.813,59.093,60.075,1.597
0,117,145.207,2.42,0.634,232.155,109.713,125.399,78.492,63.812,63.561,1.827
0,120,152.434,2.541,0.664,237.968,112.071,120.768,81.025,63.781,66.851,1.712
0,129,163.835,2.731,0.664,246.059,102.083,124.391,87.367,68.593,70.214,1.65
0,133,174.522,2.909,0.704,254.031,93.744,118.962,98.473,82.759,72.945,1.404
0,142,185.27,3.088,0.698,255.415,88.233,114.28,92.195,76.694,67.543,1.45
0,143,179.805,2.997,0.651,251.432,19.416,28.284,24.597,32.249,38.079,0.894
0,155,191.818,3.197,0.63,201.638,32.696,12.166,11.18,28.636,41.231,0.45
0,157,194.612,3.244,0.632,193.383,34.234,8.246,17.263,35.903,48.384,0.244
0,153,183.33,3.056,0.583,173.081,25.495,20.248,9.22,25.02,38.897,0.831
0,153,183.33,3.056,0.583,173.081,25.495,20.248,9.22,25.02,38.897,0.831
0,114,116.927,1.949,0.224,129.283,49.244,46.872,20.809,10.05,30.887,2.277
0,100,100.603,1.677,0.11,110.766,38.328,44.688,20.616,8.062,30.414,2.269
0,77,77.318,1.289,-0.091,98.311,49.041,55.902,30.887,14.213,31.064,2.202
0,51,53.451,0.891,-0.304,87.658,70.178,51.614,25.942,13.454,34.0,2.11
0,33,40.804,0.68,-0.629,77.104,47.011,59.682,37.363,25.08,31.623,1.903
0,19,40.706,0.678,-1.085,79.881,56.859,62.169,49.497,41.437,43.186,1.391
0,12,49.477,0.825,-1.326,90.758,59.464,65.391,53.339,46.573,48.415,1.323
0,1,60.008,1.0,-1.554,96.876,69.642,78.294,60.208,51.478,53.852,1.419
0,-13,66.287,1.105,-1.768,99.005,77.795,84.534,65.521,54.037,59.093,1.42
0,-28,83.815,1.397,-1.911,104.389,84.504,83.006,68.352,54.148,60.877,1.358
0,-37,70.491,1.175,-2.123,130.863,89.944,95.441,73.41,62.801,66.483,1.413
0,-19,43.382,0.723,-2.024,114.127,86.77,89.872,76.694,65.49,67.602,1.285
0,-19,56.303,0.938,-1.915,106.283,87.818,82.365,69.921,63.071,63.151,1.26
0,-29,57.801,0.963,-2.096,99.479,76.844,82.462,71.197,64.07,60.729,1.262
0,-37,57.489,0.958,-2.27,87.966,82.098,72.993,64.125,62.936,65.513,1.137
0,-38,53.038,0.884,-2.37,83.409,90.521,104.346,97.0,89.499,85.959,1.149
0,-36,46.228,0.77,-2.463,78.772,80.623,66.37,52.173,48.6,54.918,1.279
0,-39,45.793,0.763,-2.59,72.533,38.288,39.962,15.264,10.296,32.016,2.082
0,-35,42.438,0.707,-2.541,58.941,36.014,49.396,22.561,8.062,30.0,2.444
0,-32,43.863,0.731,-2.388,48.466,40.497,51.624,27.166,11.18,30.0,2.266
0,-27,45.804,0.763,-2.201,41.037,42.012,53.759,30.0,10.63,25.495,2.439
0,-25,51.478,0.858,-2.078,29.069,51.74,55.731,33.136,12.042,21.954,2.491
0,-28,60.828,1.014,-2.049,66.483,54.037,53.6,34.015,9.055,14.318,2.802
0,-20,65.146,1.086,-1.883,90.934,57.28,65.192,44.553,18.788,17.72,2.413
0,-20,75.69,1.262,-1.838,92.136,67.201,74.33,53.009,25.318,11.705,2.477
0,-29,73.926,1.232,-1.974,68.154,68.768,67.067,44.0,16.0,7.211,2.994
0,-61,103.812,1.73,-2.199,188.854,106.775,107.912,91.679,54.489,34.205,1.795
0,-49,92.962,1.549,-2.126,179.011,105.906,124.788,118.596,113.464,105.38,1.109
0,-28,86.649,1.444,-1.9,144.25,99.925,127.456,131.061,124.531,110.136,1.045
0,-8,108.296,1.805,-1.645,102.703,132.276,99.045,88.391,77.897,72.993,1.242
0,-6,117.154,1.953,-1.622,66.611,134.317,106.888,97.201,85.907,74.525,1.245
0,-2,95.021,1.584,-1.592,62.514,143.01,109.604,99.865,91.0,81.884,1.206
0,-2,84.024,1.4,-1.595,53.038,123.329,114.691,101.548,91.417,82.492,1.249
0,-6,79.228,1.32,-1.647,61.814,132.231,119.202,107.355,97.417,86.145,1.229
0,-12,81.884,1.365,-1.718,59.775,131.488,124.342,112.539,102.961,94.048,1.205
0,-11,68.884,1.148,-1.731,59.666,133.701,128.891,115.434,103.097,91.198,1.248
0,-8,64.498,1.075,-1.695,54.781,138.004,129.356,110.44,94.641,80.623,1.358
0,9,33.242,0.554,-1.297,40.311,142.243,126.531,107.564,85.703,70.0,1.442
0,4,30.265,0.504,-1.438,36.878,134.183,116.362,94.81,66.641,44.777,1.693
0,-8,28.16,0.469,-1.859,48.27,93.814,97.005,72.402,52.498,40.608,1.758
0,-25,39.051,0.651,-2.266,67.624,96.042,97.801,77.897,59.908,53.935,1.53
0,-40,55.866,0.931,-2.369,99.161,96.747,97.801,76.059,58.464,55.317,1.546
0,-61,76.4,1.273,-2.495,123.976,96.897,98.229,78.294,58.694,52.469,1.555
0,-82,99.865,1.664,-2.534,163.193,97.417,100.802,79.649,60.877,53.46,1.559
0,-92,118.697,1.978,-2.458,199.449,98.005,99.639,79.076,56.921,45.1,1.651
0,-97,128.316,2.139,-2.428,189.19,101.119,98.29,77.006,56.462,43.0,1.671
0,-94,132.936,2.216,-2.356,216.002,97.622,99.725,79.511,59.034,44.045,1.638
0,-81,123.329,2.055,-2.287,207.019,93.349,99.765,79.649,59.933,50.09,1.578
0,-68,115.209,1.92,-2.202,191.565,94.048,100.658,75.928,57.271,54.037,1.613
0,-37,102.883,1.715,-1.939,168.119,89.828,99.358,73.878,58.31,58.034,1.567
0,-18,92.763,1.546,-1.766,150.233,91.679,97.622,74.404,61.033,61.033,1.491
0,-1,87.006,1.45,-1.582,136.499,95.21,98.311,72.422,57.567,63.127,1.527
0,4,86.093,1.435,-1.524,110.887,101.213,113.137,75.432,60.926,65.123,1.685
0,4,86.093,1.435,-1.524,110.887,101.213,113.137,75.432,60.926,65.123,1.685
0,37,101.951,1.699,-1.199,130.74,106.4,116.662,82.037,67.535,67.602,1.612
0,69,110.259,1.838,-0.895,117.516,115.434,103.228,83.63,71.113,71.701,1.368
0,114,133.255,2.221,-0.544,144.779,102.956,109.622,103.078,85.235,69.051,1.278
0,124,146.492,2.442,-0.561,201.308,89.811,96.566,82.219,73.98,68.118,1.291
0,148,168.716,2.812,-0.501,208.504,68.066,65.115,61.0,59.228,58.6,1.092
0,167,181.466,3.024,-0.402,239.535,9.434,18.601,8.062,24.698,36.878,0.801
0,221,221.036,3.684,-0.018,291.556,42.579,48.877,42.438,38.0,48.374,1.138
0,245,245.051,4.084,0.02,334.724,26.571,24.331,24.739,38.013,49.497,0.65
0,267,267.27,4.454,0.045,363.497,42.521,39.294,19.105,12.0,30.529,1.913
0,287,287.341,4.789,0.049,389.936,45.188,41.617,17.804,12.042,31.78,2.026
0,300,300.082,5.001,0.023,404.401,56.045,45.804,20.125,11.045,33.121,2.137
0,295,295.042,4.917,0.017,418.043,67.186,54.918,31.78,12.728,28.636,2.252
0,290,290.248,4.837,0.041,413.001,75.24,60.44,38.949,14.866,17.029,2.559
0,279,280.503,4.675,0.104,411.0,122.25,96.54,77.337,50.931,29.0,1.842
0,266,268.844,4.481,0.146,395.032,130.146,99.086,79.906,57.489,38.588,1.689
0,256,258.954,4.316,0.151,371.264,135.506,105.418,87.693,65.605,48.301,1.569
0,246,251.857,4.198,0.216,319.312,139.589,118.697,96.26,72.56,58.189,1.569
0,219,230.222,3.837,0.314,295.169,139.054,125.67,103.446,82.855,70.831,1.466
0,191,207.858,3.464,0.406,265.347,136.62,119.971,102.343,85.0,72.567,1.385
0,161,185.432,3.091,0.519,240.554,136.752,127.063,109.179,93.984,85.159,1.322
0,124,153.808,2.563,0.633,222.785,127.315,126.479,106.888,94.255,83.385,1.334
0,124,153.808,2.563,0.633,222.785,127.315,126.479,106.888,94.255,83.385,1.334
0,124,153.808,2.563,0.633,222.785,127.315,126.479,106.888,94.255,83.385,1.334
0,124,153.808,2.563,0.633,222.785,127.315,126.479,106.888,94.255,83.385,1.334
0,40,99.403,1.657,1.157,138.221,158.354,126.57,110.571,98.955,89.09,1.272
0,9,130.311,2.172,1.502,119.269,141.549,125.22,112.272,100.449,88.023,1.249
0,-8,133.24,2.221,1.631,124.085,138.827,126.317,114.726,102.396,88.459,1.24
0,-44,131.575,2.193,1.912,146.441,147.462,125.3,107.564,89.944,74.108,1.384
0,-85,149.513,2.492,2.175,168.386,131.244,121.631,99.298,77.13,57.035,1.563
0,-113,167.027,2.784,2.314,188.733,134.618,120.569,97.949,71.176,46.174,1.68
0,-129,180.325,3.005,2.368,198.806,126.127,119.633,98.184,70.178,41.231,1.712
0,-140,190.371,3.173,2.397,218.9,101.4,82.079,67.268,51.01,47.539,1.485
0,-153,202.726,3.379,2.426,239.804,52.555,92.136,72.277,58.31,55.606,1.485
0,-154,206.119,3.435,2.415,230.512,58.241,75.06,65.192,60.308,62.769,1.196
0,-142,193.197,3.22,2.396,279.115,63.569,79.057,67.676,61.221,64.351,1.227
0,-119,173.312,2.889,2.328,290.043,60.033,68.411,59.076,57.201,62.968,1.145
0,-95,168.363,2.806,2.17,241.497,60.828,61.392,54.918,53.009,62.032,1.084
0,-68,161.966,2.699,2.004,226.63,59.059,60.877,56.613,56.036,62.968,1.04
0,-59,186.574,3.11,1.893,217.2,58.592,60.415,55.227,53.413,62.241,1.061
0,-63,220.204,3.67,1.861,177.2,55.714,64.288,54.918,56.08,62.177,1.114
0,-63,220.204,3.67,1.861,177.2,55.714,64.288,54.918,56.08,62.177,1.114
0,-63,220.204,3.67,1.861,177.2,55.714,64.288,54.918,56.08,62.177,1.114
0,-63,220.204,3.67,1.861,177.2,55.714,64.288,54.918,56.08,62.177,1.114
0,-63,220.204,3.67,1.861,177.2,55.714,64.288,54.918,56.08,62.177,1.114
0,45,155.647,2.594,1.277,110.454,55.471,73.498,57.983,58.728,65.513,1.21
0,51,146.185,2.436,1.214,128.472,62.241,66.219,60.902,64.444,69.814,1.018
0,72,148.607,2.477,1.065,145.413,65.788,61.66,59.034,61.221,68.015,0.983
0,83,150.047,2.501,0.985,156.525,70.774,66.219,61.774,60.877,64.815,1.06
0,89,141.496,2.358,0.891,156.975,79.31,73.682,64.475,59.034,63.891,1.18
0,91,136.693,2.278,0.842,164.003,87.321,83.187,66.731,58.249,63.127,1.327
0,75,99.247,1.654,0.714,167.932,85.44,77.647,68.622,56.859,61.847,1.243
0,78,97.201,1.62,0.639,177.054,77.795,82.037,69.462,58.412,60.803,1.304
0,79,94.578,1.576,0.582,183.967,75.584,73.553,61.847,56.586,64.405,1.207
0,82,93.536,1.559,0.502,203.081,72.801,76.42,60.539,56.569,62.61,1.276
0,85,96.649,1.611,0.496,217.681,69.123,80.056,58.523,46.098,53.235,1.521
0,92,104.235,1.737,0.489,215.39,63.348,77.058,57.974,42.802,43.829,1.599
0,98,111.414,1.857,0.496,232.94,52.154,59.54,48.765,42.19,50.99,1.258
0,102,120.416,2.007,0.56,234.335,93.744,71.344,58.941,52.173,51.856,1.313
0,90,114.018,1.9,0.661,226.566,123.004,118.14,114.547,92.13,61.0,1.324
0,66,106.042,1.767,0.899,206.194,139.316,143.224,136.473,116.709,94.202,1.237
0,19,88.074,1.468,1.353,164.685,136.781,130.384,119.971,103.576,100.045,1.209
0,-10,92.542,1.542,1.679,111.485,168.671,124.868,112.925,102.391,99.126,1.191
0,-31,63.135,1.052,2.084,38.0,153.525,125.196,115.879,101.98,91.0,1.216
0,-64,79.404,1.323,2.508,61.62,144.755,126.606,114.965,105.759,96.0,1.199
0,-64,79.404,1.323,2.508,61.62,144.755,126.606,114.965,105.759,96.0,1.199
0,-149,161.385,2.69,2.747,169.095,143.544,130.924,120.154,110.023,100.045,1.189
0,-165,174.897,2.915,2.804,247.164,148.556,136.191,123.713,113.437,102.24,1.204
0,-198,205.767,3.429,2.866,321.123,142.443,134.332,125.543,115.261,102.396,1.174
0,-229,232.131,3.869,2.977,346.318,159.05,172.627,125.929,113.283,103.817,1.51
0,-263,264.594,4.41,3.032,382.89,176.649,177.89,133.555,108.374,92.655,1.595
0,-268,269.904,4.498,3.023,402.047,153.769,137.928,118.849,100.225,82.006,1.374
0,-279,280.829,4.68,3.027,405.653,157.29,136.565,116.362,95.336,80.006,1.404
0,-283,284.918,4.749,3.026,411.643,170.097,142.352,123.665,101.789,80.225,1.397
0,-292,294.335,4.906,3.016,416.751,144.309,145.055,120.067,90.802,74.465,1.525
0,-295,297.836,4.964,3.003,426.279,57.585,72.18,52.393,41.869,39.051,1.624
0,-298,301.378,5.023,2.992,431.459,70.937,81.492,64.413,51.74,49.336,1.477
0,-300,304.646,5.077,2.967,430.359,74.324,87.801,69.354,54.452,51.624,1.501
0,-302,308.501,5.142,2.936,425.315,75.584,84.404,69.771,54.489,55.362,1.41
0,-288,297.355,4.956,2.89,422.191,79.177,87.556,71.589,55.973,58.189,1.414
0,-267,277.065,4.618,2.871,401.464,84.119,87.801,72.56,57.385,60.539,1.383
0,-233,242.167,4.036,2.866,380.554,91.788,90.956,72.945,57.315,61.327,1.424
0,-197,205.08,3.418,2.86,364.078,96.747,93.005,72.945,54.452,59.093,1.496
0,-173,188.558,3.143,2.733,325.301,100.499,95.509,74.706,56.569,62.169,1.481
0,-173,188.558,3.143,2.733,325.301,100.499,95.509,74.706,56.569,62.169,1.481
0,-173,188.558,3.143,2.733,325.301,100.499,95.509,74.706,56.569,62.169,1.481
0,-173,188.558,3.143,2.733,325.301,100.499,95.509,74.706,56.569,62.169,1.481
0,-173,188.558,3.143,2.733,325.301,100.499,95.509,74.706,56.569,62.169,1.481
0,-27,27.166,0.453,3.031,12.728,98.005,94.921,75.664,58.0,63.561,1.444
0,-1,7.071,0.118,-1.713,29.833,97.529,95.21,75.18,60.877,65.391,1.418
0,17,22.023,0.367,-0.689,48.26,101.074,98.372,74.706,60.828,67.119,1.456
0,37,44.102,0.735,-0.575,70.725,100.18,100.285,79.177,63.655,67.543,1.43
0,66,71.309,1.188,-0.388,103.407,100.319,102.84,76.557,60.828,65.299,1.522
0,145,148.071,2.468,-0.204,242.528,98.489,105.262,75.24,60.959,60.415,1.606
0,167,181.466,3.024,-0.402,286.225,108.632,112.058,83.934,62.801,57.983,1.642
0,176,191.708,3.195,-0.408,319.514,100.09,100.17,70.385,43.278,48.26,1.856
0,201,210.642,3.511,-0.304,342.584,99.081,99.02,70.257,41.012,18.358,2.292
0,228,233.634,3.894,-0.22,363.804,75.769,102.801,100.648,73.98,59.481,1.317
0,239,242.324,4.039,-0.166,374.641,79.624,109.018,105.361,90.022,81.597,1.181
0,238,239.883,3.998,-0.125,366.456,150.426,117.047,102.956,88.645,79.31,1.296
0,224,224.502,3.742,-0.067,362.746,145.99,126.752,111.086,98.061,87.092,1.284
0,200,200.002,3.333,-0.005,348.304,144.087,130.633,115.156,104.139,93.048,1.255
0,162,162.077,2.701,0.031,313.957,154.845,133.69,120.154,109.041,100.045,1.218
0,161,163.591,2.727,0.178,272.156,153.447,134.629,120.702,111.005,100.045,1.217
0,112,119.971,2.0,0.367,181.731,150.712,134.112,120.333,109.836,99.081,1.222
0,72,80.056,1.334,0.452,60.075,157.991,132.401,118.849,108.06,97.046,1.226
0,7,16.553,0.276,1.134,14.866,149.833,132.401,117.546,106.888,96.083,1.239
0,-40,40.608,0.677,-2.968,37.736,151.169,131.765,117.388,105.323,96.021,1.24
0,-69,73.736,1.229,-2.781,60.539,147.167,132.925,119.62,107.49,97.005,1.23
0,-179,179.179,2.986,3.097,301.015,146.687,132.076,118.309,106.301,95.047,1.24
0,-195,195.01,3.25,3.131,320.077,146.711,132.306,118.186,104.346,94.021,1.254
0,-207,207.002,3.45,3.137,334.15,148.946,131.765,117.388,103.942,93.048,1.257
0,-216,216.037,3.601,3.123,340.147,144.475,133.147,117.388,103.942,91.049,1.279
0,-227,227.079,3.785,3.115,348.281,140.769,132.97,119.541,105.076,90.272,1.267
0,-237,237.076,3.951,3.116,355.276,154.315,136.418,119.549,102.956,87.464,1.32
0,-246,246.002,4.1,3.138,368.306,183.927,150.685,138.311,125.036,117.614,1.187
0,-250,250.032,4.167,-3.126,380.337,159.706,146.373,127.632,103.407,84.723,1.391
0,-246,246.246,4.104,-3.097,388.252,83.241,89.185,66.731,53.151,56.613,1.516
0,-243,243.906,4.065,-3.055,388.252,94.366,96.167,76.538,57.315,60.374,1.485
0,-239,242.161,4.036,-2.98,389.032,90.802,96.566,75.584,60.141,61.741,1.467
0,-233,240.11,4.002,-2.898,385.157,91.706,95.336,72.498,57.385,61.717,1.493
0,-228,242.297,4.038,-2.796,380.296,94.154,97.985,74.324,60.959,63.063,1.482
0,-222,247.758,4.129,-2.682,367.31,93.776,97.082,74.847,61.074,62.65,1.467
0,-221,253.411,4.224,-2.63,350.561,95.079,98.061,76.158,60.44,62.769,1.476
0,-201,255.049,4.251,-2.478,322.552,93.984,98.843,77.078,61.847,61.911,1.476
0,-169,244.002,4.067,-2.336,295.772,97.406,100.807,78.186,62.201,60.745,1.504
0,-147,240.227,4.004,-2.229,266.811,103.73,104.738,81.707,65.0,64.637,1.487
0,-140,209.609,3.493,-2.302,208.6,105.005,106.888,82.28,65.803,64.637,1.507
0,-118,189.283,3.155,-2.244,183.619,105.622,110.023,82.28,64.405,64.07,1.566
0,-40,169.779,2.83,-1.809,173.416,109.786,110.856,85.235,65.0,62.968,1.56
0,-20,158.269,2.638,-1.698,156.719,110.164,110.603,86.163,63.246,51.039,1.655
0,-6,147.122,2.452,-1.612,150.659,118.962,111.018,86.377,58.181,40.311,1.802
0,7,139.176,2.32,-1.52,145.784,144.903,145.825,125.539,91.831,69.656,1.524
0,11,133.454,2.224,-1.488,148.93,150.27,170.182,158.521,139.291,120.54,1.22
0,10,129.387,2.156,-1.493,147.462,166.292,169.293,149.218,136.356,122.483,1.245
0,13,122.691,2.045,-1.465,141.032,171.432,148.678,130.863,110.86,99.298,1.308
0,10,113.442,1.891,-1.483,132.424,178.216,137.801,119.474,104.995,93.434,1.3
0,11,100.603,1.677,-1.461,113.649,167.003,132.639,119.407,105.081,94.191,1.249
0,0,68.0,1.133,-1.571,80.43,155.618,132.88,119.013,105.262,94.085,1.252
0,0,68.0,1.133,-1.571,80.43,155.618,132.88,119.013,105.262,94.085,1.252
0,0,68.0,1.133,-1.571,80.43,155.618,132.88,119.013,105.262,94.085,1.252
0,0,68.0,1.133,-1.571,80.43,155.618,132.88,119.013,105.262,94.085,1.252
0,0,68.0,1.133,-1.571,80.43,155.618,132.88,119.013,105.262,94.085,1.252
0,0,68.0,1.133,-1.571,80.43,155.618,132.88,119.013,105.262,94.085,1.252
0,0,68.0,1.133,-1.571,80.43,155.618,132.88,119.013,105.262,94.085,1.252
0,0,68.0,1.133,-1.571,80.43,155.618,132.88,119.013,105.262,94.085,1.252
0,0,68.0,1.133,-1.571,80.43,155.618,132.88,119.013,105.262,94.085,1.252
0,0,68.0,1.133,-1.571,80.43,155.618,132.88,119.013,105.262,94.085,1.252
0,0,68.0,1.133,-1.571,80.43,155.618,132.88,119.013,105.262,94.085,1.252
0,0,68.0,1.133,-1.571,80.43,155.618,132.88,119.013,105.262,94.085,1.252
0,0,68.0,1.133,-1.571,80.43,155.618,132.88,119.013,105.262,94.085,1.252
0,0,68.0,1.133,-1.571,80.43,155.618,132.88,119.013,105.262,94.085,1.252
0,0,68.0,1.133,-1.571,80.43,155.618,132.88,119.013,105.262,94.085,1.252
0,0,68.0,1.133,-1.571,80.43,155.618,132.88,119.013,105.262,94.085,1.252
0,0,68.0,1.133,-1.571,80.43,155.618,132.88,119.013,105.262,94.085,1.252
0,154,155.293,2.588,0.129,218.82,150.336,128.456,113.635,101.139,91.022,1.26
0,151,151.212,2.52,0.053,217.039,148.691,129.619,114.495,101.39,90.089,1.271
0,122,122.102,2.035,0.041,210.412,145.086,128.81,114.039,101.651,90.089,1.264
0,104,107.703,1.795,-0.263,191.909,144.014,126.21,112.77,100.285,89.14,1.253
0,107,112.579,1.876,-0.316,168.68,139.345,123.065,110.145,97.719,85.288,1.259
0,107,112.579,1.876,-0.316,168.68,139.345,123.065,110.145,97.719,85.288,1.259
0,75,140.663,2.344,-1.008,187.387,139.807,123.6,110.059,98.762,89.14,1.244
0,49,127.769,2.129,-1.177,209.23,136.741,123.976,110.982,99.04,93.134,1.227
0,40,162.985,2.716,-1.323,202.181,140.89,130.863,117.745,104.235,94.34,1.241
0,-79,133.004,2.217,-2.207,170.32,143.569,130.614,116.211,101.178,93.622,1.26
0,-88,144.014,2.4,-2.228,180.006,147.963,130.74,115.317,102.005,102.528,1.226
0,-78,144.803,2.413,-2.14,176.026,147.706,131.674,115.447,97.514,83.187,1.334
0,-69,143.656,2.394,-2.072,168.122,151.0,126.372,106.888,83.024,64.031,1.493
0,-64,144.003,2.4,-2.031,160.206,143.003,121.824,101.242,75.007,55.0,1.58
0,-61,143.6,2.393,-2.01,154.311,116.726,115.421,88.814,59.548,40.0,1.838
0,-55,143.0,2.383,-1.966,151.327,110.752,95.692,75.69,56.08,50.16,1.578
0,-50,137.419,2.29,-1.943,142.144,103.247,90.554,70.0,55.362,54.037,1.514
0,-52,139.086,2.318,-1.954,137.888,100.802,97.622,76.276,57.245,53.009,1.57
0,-43,138.827,2.314,-1.886,134.38,104.403,99.086,74.632,53.488,53.038,1.641
0,-35,138.495,2.308,-1.826,129.958,107.201,99.765,76.276,58.189,58.034,1.555
0,-22,135.794,2.263,-1.734,121.017,103.6,100.419,78.237,60.083,59.034,1.526
0,4,143.056,2.384,-1.543,108.784,104.019,98.995,75.0,56.08,56.0,1.587
0,4,143.056,2.384,-1.543,108.784,104.019,98.995,75.0,56.08,56.0,1.587
0,4,143.056,2.384,-1.543,108.784,104.019,98.995,75.0,56.08,56.0,1.587
0,40,162.985,2.716,-1.323,70.214,103.407,100.419,77.421,60.745,59.008,1.528
0,50,130.0,2.167,-1.176,10.198,102.616,101.823,78.6,60.539,58.009,1.549
0,37,131.32,2.189,-1.285,72.111,103.005,102.591,81.271,61.685,60.033,1.516
0,56,143.388,2.39,-1.17,121.696,102.416,101.98,78.772,61.033,59.135,1.538
0,59,136.418,2.274,-1.124,149.335,104.043,102.65,79.322,62.298,60.075,1.527
0,91,141.993,2.367,-0.875,161.251,104.623,101.316,78.772,60.44,57.079,1.548
0,113,146.986,2.45,-0.694,180.136,106.527,98.311,77.421,57.585,50.0,1.594
0,127,157.41,2.624,-0.632,190.318,128.6,90.521,63.411,44.944,44.181,1.78
0,135,162.25,2.704,-0.588,198.04,154.263,108.674,85.446,66.068,50.961,1.61
0,142,164.478,2.741,-0.529,200.0,142.636,114.586,86.452,63.514,51.352,1.708
0,147,169.307,2.822,-0.519,204.022,97.417,84.024,56.939,46.011,49.244,1.656
0,151,171.828,2.864,-0.497,211.341,86.313,74.277,64.405,55.145,61.033,1.234
0,156,167.869,2.798,-0.378,223.759,94.921,63.325,41.677,16.279,24.698,2.298
0,170,180.953,3.016,-0.35,250.922,66.731,39.825,24.739,27.019,43.909,1.249
0,179,182.2,3.037,-0.188,289.249,73.926,68.6,57.706,50.22,61.4,1.215
0,185,187.747,3.129,-0.171,308.65,65.46,76.538,62.586,53.6,55.227,1.34
0,185,187.747,3.129,-0.171,308.65,65.46,76.538,62.586,53.6,55.227,1.34
0,190,229.094,3.818,-0.593,304.12,73.164,82.347,65.513,53.339,54.708,1.423
0,191,226.638,3.777,-0.568,323.934,77.104,85.615,68.659,55.082,55.009,1.437
0,189,221.759,3.696,-0.55,338.576,81.025,86.406,65.97,53.009,54.129,1.497
0,189,214.767,3.579,-0.495,340.872,76.158,82.347,64.031,52.086,50.09,1.486
0,196,211.698,3.528,-0.388,343.001,71.063,78.294,59.666,48.166,47.885,1.508
0,203,211.4,3.523,-0.283,341.317,67.897,76.485,60.415,50.359,49.739,1.43
0,203,211.4,3.523,-0.283,341.317,67.897,76.485,60.415,50.359,49.739,1.43
0,127,133.15,2.219,-0.305,185.13,66.491,77.389,58.464,48.26,47.011,1.51
0,143,143.014,2.384,-0.014,166.715,70.214,77.078,58.464,48.26,48.374,1.491
0,125,125.016,2.084,0.016,147.275,68.469,72.236,58.856,50.804,51.313,1.346
0,108,108.167,1.803,0.055,132.034,71.568,74.733,61.0,50.359,53.339,1.361
0,94,94.021,1.567,0.021,112.018,72.443,76.322,61.522,52.953,55.57,1.346
0,78,78.058,1.301,-0.038,96.005,65.0,77.253,62.65,56.886,57.454,1.309
0,62,62.073,1.035,-0.048,79.057,68.884,68.0,66.611,63.348,65.513,1.044
0,46,46.011,0.767,0.022,57.428,117.546,122.577,128.39,121.264,106.963,1.031
0,30,30.414,0.507,0.165,41.183,91.788,31.385,35.0,42.438,53.254,0.72
0,14,17.804,0.297,0.666,38.949,92.704,42.544,26.249,32.202,47.381,1.206
0,3,14.318,0.239,1.36,39.623,86.729,48.703,22.672,21.541,37.014,1.799
0,-1,17.029,0.284,1.63,40.05,73.376,42.579,10.198,14.866,34.886,2.131
0,-11,16.279,0.271,2.313,37.0,75.895,46.53,15.033,12.806,34.015,2.257
0,-18,18.248,0.304,2.976,27.659,67.417,43.186,13.038,11.402,32.696,2.268
0,-22,26.077,0.435,-2.575,25.318,72.236,45.277,13.038,12.042,32.696,2.351
0,-22,47.413,0.79,-2.053,48.01,74.095,47.074,16.492,13.416,30.887,2.323
0,-179,213.846,3.564,-2.563,276.904,71.309,47.854,17.263,13.416,29.411,2.389
0,-184,208.002,3.467,-2.656,256.07,75.961,49.244,17.72,15.232,30.414,2.331
0,-198,250.226,4.17,-2.484,220.925,77.369,47.539,20.809,19.313,32.45,1.965
0,-198,250.226,4.17,-2.484,220.925,77.369,47.539,20.809,19.313,32.45,1.965
0,-118,118.152,1.969,-3.091,182.989,60.133,36.401,13.454,15.652,33.526,1.744
0,-141,142.864,2.381,2.98,208.147,50.01,23.345,6.325,24.021,40.112,0.994
0,-142,186.561,3.109,2.436,306.914,24.0,9.849,27.785,46.141,66.37,0.211
0,-143,190.591,3.177,2.419,328.877,103.586,121.334,129.692,136.971,132.608,0.912
0,-137,192.338,3.206,2.364,339.803,24.515,25.495,20.248,25.554,36.878,0.925
0,-133,190.94,3.182,2.341,349.674,67.186,61.984,57.706,55.009,56.586,1.098
0,-127,183.897,3.065,2.333,344.675,75.69,78.23,58.549,49.244,55.803,1.435
0,-129,181.728,3.029,2.36,339.229,80.523,80.006,57.07,47.508,54.818,1.506
0,-125,175.368,2.923,2.364,330.203,81.32,80.025,61.188,50.606,56.08,1.43
0,-120,166.901,2.782,2.373,319.803,77.369,78.026,61.392,51.971,57.385,1.371
0,-117,158.55,2.642,2.401,311.809,53.451,68.6,52.887,34.0,19.647,1.932
0,-114,147.757,2.463,2.452,304.803,101.637,105.119,92.179,76.059,67.897,1.335
0,-113,136.741,2.279,2.543,289.705,73.41,85.235,68.71,52.24,40.447,1.584
0,-109,123.471,2.058,2.653,265.339,80.056,85.586,66.731,55.036,50.289,1.492
0,-110,123.434,2.057,2.671,249.425,84.723,87.92,70.661,55.109,43.417,1.559
0,-110,123.434,2.057,2.671,249.425,84.723,87.92,70.661,55.109,43.417,1.559
0,-117,119.854,1.998,2.923,166.883,88.752,86.839,67.119,53.367,43.566,1.588
0,-99,101.415,1.69,2.923,136.18,89.404,89.404,71.694,54.406,41.049,1.605
0,-115,115.156,1.919,-3.089,151.119,90.785,87.046,71.028,52.555,37.0,1.626
0,-141,142.144,2.369,-3.015,276.205,90.0,85.703,68.622,47.885,34.234,1.706
0,-124,137.753,2.296,-2.691,220.166,88.814,83.006,64.351,45.651,35.228,1.715
0,-130,145.344,2.422,-2.678,228.037,86.284,82.801,63.655,45.177,37.483,1.698
0,-126,142.239,2.371,-2.659,215.372,91.81,87.006,65.765,48.374,38.053,1.715
0,-118,136.693,2.278,-2.612,203.836,94.868,87.801,65.795,47.508,37.054,1.752
0,-116,133.462,2.224,-2.624,213.214,94.021,88.617,67.209,48.301,37.121,1.742
0,-106,125.399,2.09,-2.578,242.365,99.02,93.606,71.421,50.606,37.014,1.766
0,-98,113.371,1.89,-2.615,263.41,98.234,92.763,71.421,48.877,35.014,1.792
0,-95,108.784,1.813,-2.633,287.346,105.683,98.407,75.286,49.041,29.833,1.915
0,-86,102.626,1.71,-2.564,296.933,99.328,93.301,68.007,36.715,11.402,2.41
0,-85,100.703,1.678,-2.576,296.589,90.697,125.718,126.649,114.272,104.69,1.091
0,-83,99.02,1.65,-2.565,300.683,148.718,139.521,121.696,104.637,99.745,1.284
0,-82,107.815,1.797,-2.435,313.465,150.207,135.429,114.022,96.54,83.63,1.381
0,-90,109.289,1.821,-2.538,318.976,152.634,128.472,111.396,93.086,78.721,1.361
0,-89,119.004,1.983,-2.416,328.694,147.557,125.032,106.668,88.865,76.059,1.381
0,-88,111.826,1.864,-2.477,227.688,160.59,125.642,105.119,87.459,77.389,1.396
0,-94,100.305,1.672,2.785,210.107,163.38,127.315,105.759,87.459,76.968,1.414
0,-90,100.623,1.677,2.678,175.602,162.641,126.779,106.042,86.556,76.922,1.411
0,-83,101.833,1.697,2.524,155.708,159.862,125.399,103.856,86.556,75.584,1.414
0,-78,98.407,1.64,2.486,152.502,162.733,125.399,104.637,87.321,76.485,1.401
0,-78,97.201,1.62,2.502,150.266,161.941,125.936,105.262,87.459,76.059,1.406
0,-79,95.692,1.595,2.542,153.418,160.702,127.315,104.995,85.604,73.539,1.446
0,16,41.231,0.687,1.172,103.31,156.978,129.808,104.805,83.006,72.45,1.496
0,6,20.881,0.348,1.279,91.088,144.402,125.1,98.311,78.006,62.298,1.573
0,29,44.688,0.745,0.865,90.796,145.344,117.388,97.005,75.24,66.121,1.477
0,42,55.317,0.922,0.709,87.281,131.883,104.89,82.006,61.465,48.01,1.643
0,53,66.4,1.107,0.647,93.059,84.528,60.729,39.661,23.345,37.443,1.814
0,66,76.158,1.269,0.522,104.01,122.613,120.108,104.752,88.685,76.942,1.333
0,80,85.44,1.424,0.359,121.211,115.966,112.33,79.624,67.742,67.469,1.569
0,92,93.557,1.559,0.183,152.269,112.308,96.566,70.774,55.326,52.631,1.621
0,105,105.119,1.752,0.048,185.068,115.551,100.846,70.774,51.478,51.923,1.737
0,113,113.159,1.886,-0.053,212.608,117.618,103.942,76.322,58.31,57.28,1.625
0,122,122.589,2.043,-0.098,223.403,118.849,101.789,72.918,56.569,56.515,1.642
0,125,126.02,2.1,-0.127,229.438,119.887,97.35,74.324,57.315,59.203,1.53
0,130,130.553,2.176,-0.092,227.266,123.24,113.741,72.014,56.569,57.009,1.839
0,138,138.177,2.303,-0.051,222.32,115.365,150.615,65.765,50.01,50.961,2.71
0,138,138.014,2.3,0.014,216.393,120.0,185.397,78.032,58.241,53.46,2.931
0,141,141.428,2.357,0.078,203.973,86.215,210.623,75.166,56.045,52.953,3.431
0,135,135.37,2.256,0.074,169.26,76.026,222.326,66.4,52.811,45.398,4.052
0,126,129.074,2.151,-0.219,185.224,79.379,222.946,65.46,52.811,45.398,4.087
0,148,148.486,2.475,0.081,164.685,79.712,219.784,64.9,51.546,42.426,4.15
0,86,117.456,1.958,-0.749,132.197,79.057,219.173,62.682,48.765,40.792,4.319
0,102,123.709,2.062,-0.601,109.041,79.812,219.92,63.135,50.695,42.755,4.213
0,101,126.4,2.107,-0.645,105.233,79.699,220.493,62.769,50.695,41.773,4.261
0,106,130.43,2.174,-0.622,105.721,81.271,222.407,62.434,50.695,43.738,4.253
0,107,130.668,2.178,-0.611,107.703,76.844,219.641,62.682,48.765,38.639,4.39
0,110,129.321,2.155,-0.554,111.427,77.201,220.601,64.661,51.662,43.566,4.139
0,110,126.764,2.113,-0.52,120.304,75.273,219.365,64.351,50.0,41.593,4.22
0,111,125.706,2.095,-0.489,126.4,71.512,216.633,61.057,47.297,40.792,4.357
0,107,119.407,1.99,-0.46,127.028,72.111,214.009,65.513,45.88,38.833,4.274
0,105,114.237,1.904,-0.405,130.801,71.784,211.4,62.129,44.643,36.878,4.415
0,102,109.932,1.832,-0.382,132.439,68.308,208.521,60.208,43.417,36.401,4.468
0,92,98.793,1.647,-0.373,133.544,68.007,207.183,58.249,42.72,33.956,4.607
0,91,97.499,1.625,-0.367,134.063,70.214,206.228,53.535,41.761,34.482,4.767
0,91,96.462,1.608,-0.338,131.034,68.68,201.527,57.454,41.785,33.242,4.564
0,81,85.703,1.428,-0.333,114.495,64.195,203.443,57.454,43.012,34.482,4.523
0,58,68.264,1.138,0.555,216.982,64.846,204.688,55.471,41.485,35.735,4.628
0,58,68.264,1.138,0.555,216.982,64.846,204.688,55.471,41.485,35.735,4.628
0,59,68.096,1.135,-0.523,132.246,67.446,206.603,54.378,39.85,33.838,4.84
0,71,71.176,1.186,0.07,109.932,68.964,207.692,56.036,40.162,32.573,4.839
0,71,71.701,1.195,0.14,116.932,72.533,213.928,57.14,43.174,36.401,4.694
0,66,66.0,1.1,0.0,129.495,75.432,218.048,57.697,46.39,43.658,4.428
0,64,64.63,1.077,-0.14,153.219,77.369,222.407,61.741,48.662,42.202,4.372
0,62,63.151,1.053,-0.191,166.208,79.31,224.35,56.798,45.891,40.025,4.716
0,60,62.362,1.039,-0.276,174.943,80.05,222.892,56.824,48.836,42.45,4.515
0,59,61.685,1.028,-0.296,165.496,80.523,223.141,56.436,48.052,41.976,4.571
0,54,57.585,0.96,-0.355,130.602,78.16,220.708,62.65,46.872,39.812,4.434
0,48,54.589,0.91,-0.496,108.904,79.12,208.586,56.303,44.407,39.217,4.472
0,46,51.884,0.865,-0.481,96.021,90.736,149.693,39.294,15.264,18.358,6.159
0,42,45.695,0.762,-0.405,87.207,69.311,91.066,83.522,69.354,69.771,1.227
0,44,45.354,0.756,-0.245,80.957,116.469,144.471,145.221,139.589,129.027,1.047
0,49,49.041,0.817,-0.041,81.786,123.713,152.532,133.821,125.144,116.09,1.22
0,53,54.129,0.902,0.205,94.005,136.971,165.557,101.39,75.505,66.611,2.04
0,56,64.008,1.067,0.506,106.513,142.443,183.918,89.889,75.664,73.756,2.306
0,57,76.485,1.275,0.73,108.337,149.452,192.52,86.006,77.782,73.756,2.431
0,60,82.759,1.379,-0.76,347.333,155.081,203.096,93.622,85.843,81.394,2.336
0,75,78.746,1.312,-0.31,361.089,161.4,211.473,101.592,91.788,87.693,2.257
0,66,66.0,1.1,0.0,382.099,168.077,213.862,103.817,94.895,89.805,2.224
0,56,59.464,0.991,0.343,424.124,173.22,218.55,104.403,97.867,92.914,2.221
0,57,64.885,1.081,0.498,435.239,167.61,218.057,102.318,95.755,91.241,2.261
0,59,66.648,1.111,0.484,431.147,167.61,218.442,103.817,96.628,91.082,2.248
0,57,64.885,1.081,0.498,428.169,171.724,220.531,105.622,99.408,94.726,2.207
0,57,64.413,1.074,0.484,425.315,173.968,220.145,103.581,100.005,95.336,2.209
0,57,63.071,1.051,0.442,419.62,173.442,218.625,119.05,105.005,96.84,2.044
0,60,65.795,1.097,0.423,419.752,165.097,207.868,117.958,103.31,96.208,1.964
0,59,63.325,1.055,0.372,415.788,135.945,157.664,114.63,83.024,88.238,1.654
0,60,62.936,1.049,0.307,414.532,90.907,91.351,67.476,54.818,57.489,1.524
0,58,60.44,1.007,0.285,415.788,47.297,38.288,30.463,24.187,37.162,1.251
0,55,56.754,0.946,0.249,417.637,50.22,160.078,27.857,20.616,36.797,5.632
0,53,54.129,0.902,0.205,419.173,53.235,172.386,41.485,28.16,39.598,4.734
0,51,51.088,0.851,0.059,419.229,68.884,184.296,51.624,36.014,35.468,4.491
0,59,71.847,1.197,0.607,396.879,84.38,206.642,52.924,42.048,42.438,4.512
0,54,61.294,1.022,0.493,350.184,90.796,216.093,60.166,48.0,45.188,4.227
0,54,61.294,1.022,0.493,350.184,90.796,216.093,60.166,48.0,45.188,4.227
0,54,61.294,1.022,0.493,350.184,90.796,216.093,60.166,48.0,45.188,4.227
0,53,61.911,1.032,0.543,131.4,101.71,220.193,64.195,52.01,49.659,3.983
0,46,48.384,0.806,0.315,112.161,99.725,225.009,66.408,54.009,51.478,3.927
0,49,50.01,0.833,0.201,94.763,100.717,225.428,66.098,54.037,52.393,3.92
0,49,49.163,0.819,0.081,88.278,101.833,228.849,68.007,56.009,54.231,3.852
0,52,52.612,0.877,-0.153,89.694,102.396,233.944,68.884,55.145,56.462,3.888
0,56,58.241,0.971,-0.278,141.873,102.396,233.944,72.78,60.133,58.181,3.673
0,68,69.051,1.151,0.175,309.091,98.412,228.849,71.309,58.078,58.694,3.65
0,82,88.769,1.479,0.393,347.865,90.67,227.035,64.56,58.078,54.626,3.842
0,69,69.584,1.16,0.13,372.521,78.23,222.41,61.392,51.478,53.712,4.005
0,51,55.154,0.919,-0.391,401.049,101.789,219.447,53.6,49.729,58.249,4.074
0,56,62.169,1.036,-0.449,431.335,119.817,219.107,21.26,28.46,45.453,6.907
0,50,59.363,0.989,-0.569,441.779,152.506,183.565,180.225,173.738,155.361,1.081
0,45,53.0,0.883,-0.557,450.849,146.54,176.511,170.065,154.081,143.028,1.133
0,40,48.26,0.804,-0.594,453.565,141.089,174.29,158.824,133.034,119.942,1.27
0,36,41.677,0.695,-0.528,446.534,166.508,197.408,102.772,98.25,95.818,1.995
0,35,37.0,0.617,-0.33,438.041,160.798,201.457,96.773,92.022,91.093,2.159
0,36,36.056,0.601,-0.055,402.881,160.798,201.757,94.112,90.05,88.544,2.22
0,31,31.016,0.517,-0.032,328.398,160.611,201.437,92.418,89.14,89.538,2.229
0,17,71.063,1.184,-1.329,156.975,157.715,202.072,92.65,90.089,90.758,2.217
0,63,73.573,1.226,-0.543,105.109,158.619,201.122,95.567,92.087,90.758,2.167
0,56,56.08,0.935,-0.054,48.01,157.918,202.704,93.145,90.022,89.185,2.233
0,47,51.078,0.851,0.402,11.045,161.608,205.273,95.126,93.134,92.973,2.19
0,49,53.31,0.889,0.405,53.0,163.6,207.135,99.69,95.084,94.868,2.145
0,74,75.71,1.262,-0.213,138.852,163.518,208.139,100.225,95.258,95.859,2.143
0,52,74.25,1.237,0.795,209.612,166.508,210.44,104.139,99.323,97.739,2.096
0,46,62.968,1.049,0.752,379.084,168.297,210.038,106.705,101.4,100.245,2.044
0,57,81.32,1.355,0.794,406.02,156.259,205.665,157.258,115.352,110.164,1.612
0,59,88.527,1.475,0.841,428.029,103.47,135.794,100.045,79.246,74.847,1.603
0,60,89.939,1.499,0.84,451.054,78.109,90.139,93.744,90.874,79.398,1.024
0,59,84.865,1.414,0.802,449.111,60.877,171.003,24.083,24.759,44.407,5.501
0,56,75.073,1.251,0.729,441.073,53.038,189.024,39.205,31.385,35.511,5.345
0,47,67.179,1.12,0.796,426.117,78.409,214.283,50.22,42.755,44.688,4.67
0,26,57.245,0.954,1.099,376.048,90.05,225.499,49.031,41.976,48.6,4.846
0,31,53.009,0.883,0.946,335.096,95.131,228.965,54.571,42.579,46.325,4.788
0,31,49.82,0.83,0.899,321.1,97.046,231.05,60.017,44.721,49.092,4.506
0,31,49.82,0.83,0.899,321.1,97.046,231.05,60.017,44.721,49.092,4.506
0,1,52.01,0.867,1.552,175.514,96.047,231.465,60.638,44.553,49.092,4.501
0,-6,42.426,0.707,1.713,124.664,98.046,232.813,62.817,47.381,49.739,4.367
0,-19,37.216,0.62,2.107,99.161,94.048,229.26,57.974,42.297,44.944,4.736
0,-22,29.732,0.496,2.404,77.156,95.131,230.054,58.523,46.174,45.277,4.602
0,-25,25.08,0.418,-3.062,68.884,95.084,232.243,57.723,45.398,48.021,4.61
0,-31,36.359,0.606,-2.592,63.325,95.189,231.147,60.166,46.271,46.648,4.53
0,-33,94.921,1.582,1.926,315.653,99.182,233.238,63.891,47.096,45.651,4.467
0,-47,73.878,1.231,2.26,332.2,94.43,230.471,59.135,46.043,44.294,4.626
0,-42,52.802,0.88,2.491,354.739,90.67,229.244,59.808,45.011,42.059,4.682
0,-33,34.205,0.57,2.875,401.995,87.321,227.721,59.481,45.177,39.812,4.729
0,-37,37.121,0.619,-3.061,417.824,89.56,206.155,47.707,35.0,28.178,5.578
0,-42,42.579,0.71,-2.976,420.811,53.824,140.036,29.833,12.166,24.166,6.349
0,-44,44.553,0.743,-2.984,421.1,97.529,133.33,137.117,125.483,115.802,1.057
0,-48,48.374,0.806,-3.017,421.74,138.773,182.453,158.028,130.05,115.109,1.358
0,-50,50.09,0.835,-3.082,418.245,151.638,200.552,134.332,90.708,85.053,1.94
0,-55,55.009,0.917,-3.123,418.761,161.307,206.495,94.372,88.459,87.367,2.293
0,-54,54.745,0.912,2.976,414.082,162.262,208.031,96.933,91.788,89.805,2.241
0,-57,60.083,1.001,2.82,400.824,161.818,205.828,93.776,91.548,92.228,2.225
0,-51,58.669,0.978,2.625,348.3,162.641,205.353,90.62,88.566,89.443,2.293
0,-57,59.203,0.987,2.868,245.12,160.162,203.953,89.32,87.367,88.645,2.306
0,-45,60.877,1.015,2.403,185.981,157.563,202.647,89.157,86.47,87.476,2.311
0,-29,66.641,1.111,2.021,175.841,156.732,202.606,88.023,86.209,87.321,2.324
0,-33,38.079,0.635,2.619,178.474,153.16,201.718,86.925,85.288,86.122,2.343
0,-32,41.231,0.687,2.459,199.552,152.122,200.192,87.235,82.608,85.51,2.352
0,-32,38.833,0.647,2.539,375.096,152.486,197.368,87.727,85.709,92.914,2.223
0,-20,40.311,0.672,2.09,401.155,137.928,177.747,112.361,98.127,109.554,1.666
0,-22,43.046,0.717,2.107,422.291,105.948,120.95,102.391,77.058,89.499,1.349
0,-20,41.183,0.686,2.078,430.258,92.574,99.905,96.462,68.029,72.993,1.262
0,-23,44.418,0.74,2.115,431.422,75.166,78.746,73.573,57.567,49.01,1.311
0,-22,39.661,0.661,2.159,429.663,36.77,124.908,20.396,8.944,25.318,6.856
0,-22,35.609,0.593,2.237,425.131,38.897,158.773,36.235,9.055,20.125,7.281
0,-23,31.145,0.519,2.402,418.743,68.425,172.977,46.53,13.153,24.413,6.171
0,-18,24.759,0.413,2.385,410.112,88.057,192.044,59.169,23.409,28.178,5.202
0,-15,18.028,0.3,2.554,392.771,96.167,213.74,58.181,26.0,27.857,5.723
0,-7,13.892,0.232,2.099,362.906,97.417,222.171,65.299,30.364,32.696,5.193
0,-2,32.062,0.534,1.633,315.886,104.043,227.264,70.235,33.838,32.985,4.974
0,-6,49.366,0.823,1.693,259.825,108.467,227.774,66.731,33.838,36.139,4.998
0,-27,55.946,0.932,2.074,204.13,106.569,228.3,72.897,35.735,38.328,4.66
0,-39,54.452,0.908,2.369,161.719,113.886,229.12,67.602,35.44,38.079,4.871
0,-38,45.486,0.758,2.56,125.256,108.784,229.804,68.0,36.688,39.051,4.796
0,-38,38.639,0.644,2.959,90.443,108.784,229.532,68.425,36.139,39.56,4.778
0,-32,33.526,0.559,2.839,91.837,106.569,229.532,68.877,35.44,39.294,4.795
0,-15,86.313,1.439,1.745,241.282,111.0,229.804,63.53,34.928,39.56,4.995
0,-58,87.115,1.452,2.299,270.852,110.386,230.361,71.12,36.401,40.262,4.676
0,-51,68.015,1.134,2.419,312.698,112.947,231.603,73.824,35.735,40.262,4.638
0,-43,59.414,0.99,2.38,327.159,108.632,232.28,71.868,36.401,36.497,4.814
0,-38,54.452,0.908,2.343,328.824,104.389,228.659,67.801,35.777,34.015,4.986
0,-35,55.444,0.924,2.254,328.635,87.681,193.631,56.08,31.401,22.804,5.267
0,-35,53.151,0.886,2.29,329.15,75.313,101.134,63.325,28.178,14.142,2.872
0,-35,53.151,0.886,2.29,330.492,114.529,138.293,101.833,59.034,47.927,1.987
0,-36,52.345,0.872,2.329,332.641,119.0,156.605,129.321,64.537,54.083,1.895
0,-35,53.907,0.898,2.277,333.901,142.843,195.686,96.255,66.708,56.859,2.671
0,-35,53.907,0.898,2.277,336.048,148.678,205.412,92.957,76.837,67.779,2.594
0,-37,56.727,0.945,2.281,333.781,146.4,205.244,94.175,79.63,71.84,2.507
0,-33,65.0,1.083,2.103,322.49,147.003,207.171,96.897,80.709,72.533,2.485
0,-25,65.924,1.099,1.96,298.181,148.003,208.471,94.112,80.709,73.498,2.519
0,3,61.074,1.018,1.522,226.614,148.809,208.279,96.876,81.302,75.186,2.466
0,7,65.376,1.09,1.464,141.598,147.872,204.629,93.338,79.925,71.805,2.505
0,-19,20.616,0.344,-2.743,47.634,147.299,204.453,92.022,79.259,73.348,2.507
0,16,25.612,0.427,-0.896,216.965,148.385,205.105,91.285,80.131,74.33,2.504
0,28,28.284,0.471,0.142,273.591,151.433,203.652,95.016,81.413,74.967,2.43
0,32,37.216,0.62,0.536,301.629,151.4,204.502,98.717,80.529,73.164,2.431
0,43,47.854,0.798,0.454,328.306,148.405,200.062,117.444,82.855,73.007,2.196
0,11,24.597,0.41,1.107,349.482,140.036,189.19,123.907,73.6,62.394,2.184
0,6,27.659,0.461,1.352,316.057,121.803,171.747,117.004,59.666,46.861,2.305
0,14,24.413,0.407,0.96,318.653,95.131,163.982,93.005,54.12,32.65,2.736
0,18,22.204,0.37,0.625,312.866,75.538,155.589,53.038,27.166,2.236,5.662
0,29,32.202,0.537,0.45,328.398,58.31,157.0,32.388,14.318,11.18,8.137
0,22,55.543,0.926,1.164,310.058,63.702,179.981,50.448,16.553,15.556,6.54
0,17,60.44,1.007,1.286,310.934,68.68,204.071,51.856,19.698,13.0,7.241
0,21,51.478,0.858,1.151,340.982,74.653,215.648,63.64,21.471,16.031,6.396
0,34,63.812,1.064,1.009,355.675,80.61,219.545,73.661,25.632,21.095,5.471
0,50,67.268,1.121,0.733,357.951,82.219,222.092,74.953,25.06,23.087,5.412
0,50,56.356,0.939,0.48,345.626,82.037,221.434,78.518,23.77,20.025,5.431
0,41,41.437,0.691,-0.145,303.725,80.156,221.434,75.664,23.707,20.025,5.564
0,42,44.272,0.738,0.322,307.143,78.492,219.429,71.449,24.187,21.0,5.644
0,47,49.041,0.817,0.29,254.594,82.879,220.273,68.622,23.854,23.087,5.718
0,50,50.09,0.835,0.06,141.156,80.66,218.836,66.483,18.868,19.647,6.253
0,44,45.354,0.756,0.245,172.795,82.134,219.128,67.897,21.095,20.396,6.01
0,32,40.0,0.667,-0.644,262.84,77.987,221.35,62.968,20.809,23.537,6.188
0,19,41.593,0.693,-1.096,270.041,84.024,222.092,62.241,22.023,26.683,6.005
0,18,29.206,0.487,-0.907,306.811,85.276,223.016,65.765,20.518,25.71,5.974
0,23,29.833,0.497,-0.69,310.981,82.801,225.887,60.877,21.401,25.298,6.299
0,23,28.018,0.467,-0.608,307.859,85.604,227.185,65.054,24.413,25.962,5.905
0,17,26.249,0.437,-0.866,311.785,78.746,224.517,61.522,21.954,25.632,6.173
0,10,15.62,0.26,-0.876,321.126,67.801,207.077,38.21,21.84,24.042,7.388
0,9,12.728,0.212,-0.785,325.235,49.649,169.189,27.459,24.083,30.232,6.207
0,10,21.471,0.358,-1.086,338.545,82.71,96.628,104.235,104.403,94.626,0.956
0,13,21.401,0.357,-0.918,336.315,103.581,118.609,110.318,105.109,100.955,1.125
0,6,15.232,0.254,-1.166,343.023,104.235,117.478,85.147,76.896,82.365,1.442
0,8,10.63,0.177,-0.719,342.66,104.019,116.662,47.096,43.463,55.973,2.388
0,-7,7.28,0.121,2.863,340.379,101.494,127.224,48.703,40.112,44.385,2.865
0,-8,13.601,0.227,2.2,326.928,95.336,115.004,52.393,45.88,69.26,2.059
0,-22,27.203,0.453,2.513,297.379,81.4,77.233,57.628,44.272,65.765,1.382
0,-29,29.614,0.494,2.938,251.4,86.925,73.11,53.226,43.105,49.739,1.502
0,-22,22.361,0.373,2.962,190.318,106.381,67.978,48.384,42.048,51.0,1.442
0,0,19.0,0.317,1.571,107.615,103.019,85.843,50.249,40.05,50.359,1.831
0,7,11.402,0.19,0.91,61.465,51.662,50.21,19.849,10.296,31.78,2.432
0,3,22.204,0.37,-1.435,214.348,52.202,42.579,15.232,5.385,23.087,2.923
0,12,32.311,0.539,1.19,265.153,61.098,79.649,19.925,23.022,44.598,2.729
0,17,51.865,0.864,1.237,303.015,66.851,89.185,21.541,7.0,34.205,4.264
0,14,60.638,1.011,1.338,322.155,67.357,98.489,25.942,4.123,21.932,5.682
0,5,51.245,0.854,1.473,327.674,82.608,95.273,34.54,38.013,41.34,2.51
0,3,41.11,0.685,1.498,324.446,84.024,81.597,76.942,69.462,62.65,1.171
0,11,29.155,0.486,1.184,324.446,33.377,47.17,40.522,42.638,48.01,1.079
0,8,20.616,0.344,1.172,325.555,27.295,23.537,17.0,30.529,41.976,0.789
0,10,14.866,0.248,0.833,326.497,46.4,136.444,15.62,17.205,29.967,6.519
0,7,12.207,0.203,0.96,322.448,26.87,150.163,13.454,4.472,22.023,11.277
0,8,12.806,0.213,0.896,315.699,20.518,143.171,10.77,20.616,25.495,7.551
0,9,19.235,0.321,1.084,311.777,25.179,127.016,21.932,29.614,33.971,4.456
0,9,23.77,0.396,1.182,309.095,30.265,122.037,18.601,24.021,30.414,5.013
0,6,27.659,0.461,1.352,304.381,33.136,111.288,24.413,33.061,37.643,3.51
0,4,28.284,0.471,1.429,297.577,36.0,109.458,26.926,32.062,36.878,3.425
0,-2,29.069,0.484,1.64,286.754,34.0,113.864,32.249,37.054,38.013,3.183
0,-5,21.587,0.36,1.805,268.034,30.463,131.309,17.029,24.187,31.113,5.446
0,-10,15.62,0.26,2.266,239.082,34.828,140.513,15.232,17.029,27.803,7.018
0,-19,24.839,0.414,2.442,202.148,31.623,146.277,12.042,21.378,32.202,6.687
0,5,88.142,1.469,1.514,152.738,33.541,145.674,17.464,21.095,27.659,6.6
0,-6,80.225,1.337,1.646,163.6,26.627,152.03,11.18,25.08,33.287,6.558
0,-18,64.56,1.076,1.853,162.975,34.655,160.153,17.029,18.028,26.173,7.847
0,-18,57.871,0.965,1.887,154.987,33.015,170.047,14.318,15.033,28.302,8.848
0,-29,59.54,0.992,2.08,152.778,28.32,178.0,17.889,18.028,25.612,8.679
0,5,56.223,0.937,1.482,168.324,29.206,184.133,18.868,8.062,25.08,10.621
0,12,45.607,0.76,1.305,218.277,34.54,191.212,24.083,3.162,22.804,11.461
0,-2,48.042,0.801,1.612,206.022,51.313,202.002,36.878,11.402,14.866,9.597
0,-12,57.271,0.955,1.782,180.278,58.052,187.297,42.521,18.385,17.804,7.139
0,-25,59.506,0.992,2.004,150.632,50.695,123.081,34.785,11.18,20.518,5.554
0,-21,27.659,0.461,2.433,114.162,83.6,102.825,90.078,58.009,62.032,1.468
0,-18,19.698,0.328,2.723,184.878,90.272,115.486,108.757,64.846,55.326,1.513
0,-21,27.019,0.45,2.461,128.81,103.247,132.484,87.321,62.426,45.354,2.037
0,-30,30.594,0.51,2.944,138.134,111.946,152.594,63.506,37.59,21.401,3.737
0,-45,47.434,0.791,2.82,149.04,124.085,165.158,58.249,36.069,26.926,4.087
0,-47,55.758,0.929,2.573,158.824,129.016,166.715,66.528,46.872,41.437,3.23
0,-45,73.41,1.223,2.231,143.178,141.605,181.4,79.906,62.682,55.543,2.747
0,-56,62.169,1.036,2.692,171.21,149.265,188.854,81.32,69.642,65.115,2.622
0,-59,60.208,1.003,2.941,165.922,154.806,194.826,89.275,77.414,71.197,2.457
0,-70,70.859,1.181,2.986,188.502,161.028,193.331,90.609,79.649,77.279,2.343
0,-59,61.685,1.028,2.845,210.212,162.188,191.167,96.897,81.988,75.432,2.255
0,-62,72.201,1.203,2.604,210.836,160.776,185.648,107.49,81.609,75.027,2.109
0,-58,71.61,1.194,2.515,198.313,141.824,178.09,125.607,80.808,74.706,1.9
0,-58,68.264,1.138,2.586,182.332,135.204,174.003,125.431,77.833,67.676,1.927
0,-58,68.797,1.147,2.574,168.048,142.618,168.467,122.801,80.156,65.215,1.885
0,-55,63.632,1.061,2.615,158.836,151.162,160.012,121.462,68.964,56.569,1.944
0,-52,63.82,1.064,2.523,156.541,144.368,158.619,127.224,72.471,63.655,1.807
0,-49,57.454,0.958,2.592,164.77,135.978,165.738,121.165,68.154,61.074,1.986
0,-50,58.31,0.972,2.601,171.213,130.969,169.706,131.898,72.45,63.008,1.904
0,-49,60.803,1.013,2.508,176.581,132.774,169.567,131.042,73.389,64.637,1.891
0,-53,62.968,1.049,2.571,173.761,129.711,170.696,131.605,71.512,66.03,1.903
0,-47,58.6,0.977,2.502,181.466,135.148,167.451,118.849,73.055,62.426,1.975
0,-51,59.682,0.995,2.595,185.54,142.58,162.117,121.277,74.33,57.454,1.922
0,-42,49.93,0.832,2.57,191.471,145.715,163.487,134.201,84.694,62.968,1.74
0,-44,50.12,0.835,2.642,192.408,131.034,169.853,153.16,72.111,55.946,1.812
0,-38,41.231,0.687,2.743,175.069,126.036,172.939,162.015,77.82,59.908,1.731
0,-38,38.118,0.635,3.063,181.816,152.473,157.385,155.332,66.31,49.93,1.739
0,-36,38.626,0.644,-2.771,166.469,160.153,138.091,140.431,49.82,33.615,1.851
0,-37,47.011,0.784,-2.477,118.224,157.115,129.877,135.237,50.695,33.838,1.773
0,-30,32.696,0.545,-2.733,68.593,146.0,124.615,127.0,46.573,32.65,1.813
0,-28,38.21,0.637,2.393,114.127,134.06,125.447,123.065,39.812,25.08,2.002
0,-38,42.485,0.708,-2.678,132.061,131.0,123.167,121.037,39.459,25.08,1.991
0,-47,62.37,1.039,-2.424,157.318,130.004,131.061,123.0,42.755,29.547,2.013
0,-47,70.838,1.181,-2.296,178.488,130.246,130.188,123.146,45.044,29.155,1.979
0,-35,58.6,0.977,-2.211,190.465,128.86,131.244,115.109,45.1,25.0,2.126
0,-39,53.759,0.896,-2.383,188.088,126.649,122.495,110.318,47.381,28.636,1.972
0,-47,52.326,0.872,-2.686,186.344,119.369,96.338,83.744,38.471,15.232,2.103
0,-43,45.541,0.759,-2.806,193.61,118.596,138.452,104.695,46.69,18.028,2.452
0,-48,48.836,0.814,-2.956,189.264,117.175,92.655,146.386,44.911,14.318,1.352
0,-48,48.508,0.808,-2.997,323.039,116.469,92.72,156.975,41.437,12.042,1.322
0,-47,47.676,0.795,-2.973,213.41,114.529,92.309,167.61,33.015,10.0,1.315
0,-49,51.546,0.859,-2.826,182.661,119.867,95.462,181.64,35.355,17.493,1.221
0,-52,56.859,0.948,-2.725,174.545,119.419,93.038,195.305,36.77,25.632,1.083
0,-49,56.436,0.941,-2.622,169.544,119.708,93.059,205.806,37.202,34.928,1.004
0,-48,56.604,0.943,-2.583,152.882,115.603,90.824,214.972,39.825,36.878,0.934
0,-46,56.613,0.944,-2.519,142.636,123.175,91.417,220.227,43.278,37.643,0.911
0,-47,54.203,0.903,-2.62,261.031,121.202,90.554,220.771,41.773,37.363,0.906
0,-53,54.571,0.91,-2.901,242.349,119.854,90.918,221.606,42.45,38.079,0.903
0,-51,51.039,0.851,-3.102,162.003,121.495,89.045,221.606,43.139,38.833,0.88
0,-52,52.953,0.883,2.952,58.796,121.828,87.664,219.128,41.037,38.079,0.882
0,-55,58.873,0.981,2.777,29.155,120.433,90.139,220.384,42.45,38.833,0.896
0,-57,58.694,0.978,2.901,38.601,120.673,86.822,220.057,41.725,38.079,0.869
0,-52,57.697,0.962,2.693,94.085,121.248,86.822,220.384,41.037,37.656,0.871
0,-24,44.944,0.749,2.134,90.0,120.673,84.315,219.531,40.46,39.459,0.845
0,-23,33.971,0.566,2.315,98.005,116.829,97.591,129.557,38.288,41.593,1.398
0,-21,44.294,0.738,2.065,111.364,110.114,81.216,209.619,36.401,37.054,0.861
0,-18,40.249,0.671,2.034,113.437,106.827,80.156,211.74,37.202,37.216,0.84
0,-16,37.577,0.626,2.011,120.104,103.856,81.468,209.824,37.443,37.121,0.859
0,-15,34.438,0.574,2.021,126.004,101.415,78.518,207.589,34.205,33.242,0.856
0,-11,27.313,0.455,1.985,124.326,100.005,82.134,202.805,36.056,35.057,0.9
0,-5,21.587,0.36,1.805,111.005,98.717,82.037,204.287,35.228,36.014,0.893
0,-7,13.892,0.232,2.099,122.262,100.265,78.645,205.653,35.805,36.056,0.85
0,-6,6.708,0.112,2.678,81.025,101.213,81.835,204.431,37.202,36.056,0.884
0,1,3.162,0.053,-1.249,84.149,104.862,83.869,209.755,39.205,38.21,0.876
0,1,8.062,0.134,1.446,55.362,101.607,78.645,208.147,37.443,38.013,0.832
0,1,13.038,0.217,1.494,44.294,106.4,76.577,212.615,36.892,39.051,0.796
0,7,12.207,0.203,0.96,34.205,108.812,80.056,215.448,40.0,39.319,0.815
0,8,12.806,0.213,0.896,80.623,106.254,79.202,213.49,42.012,39.459,0.806
0,9,10.817,0.18,0.588,21.541,105.603,212.532,86.556,37.202,40.112,3.891
0,9,9.849,0.164,0.418,31.016,107.415,102.616,217.313,41.049,40.2,1.031
0,18,18.028,0.3,0.055,36.497,108.227,81.468,215.335,42.202,40.2,0.821
0,15,15.0,0.25,0.0,38.639,108.467,81.688,216.123,42.72,43.105,0.812
0,17,17.117,0.285,-0.117,38.471,115.209,82.879,217.681,44.654,44.181,0.811
0,20,20.025,0.334,-0.05,42.579,116.829,82.62,223.397,46.043,44.407,0.79
0,22,22.091,0.368,0.091,44.407,117.801,82.329,222.91,44.418,44.181,0.793
0,22,22.204,0.37,0.136,48.01,114.477,221.416,71.701,37.736,42.048,4.385
0,25,25.08,0.418,-0.08,119.854,113.455,221.382,62.008,38.949,47.0,4.489
0,28,28.071,0.468,-0.071,77.782,110.386,167.41,126.669,35.0,38.21,2.513
0,28,28.018,0.467,-0.036,66.038,105.342,76.551,202.566,17.464,17.263,0.968
0,29,29.0,0.483,0.0,127.047,101.242,85.0,35.511,10.05,13.454,4.321
0,31,31.401,0.523,0.16,68.68,113.464,94.43,55.758,24.413,16.279,2.937
0,33,35.114,0.585,0.349,62.097,119.202,137.0,117.388,54.424,46.0,1.887
0,34,38.013,0.634,0.464,75.133,130.384,156.589,162.542,58.052,43.012,1.782
0,39,48.01,0.8,0.623,72.801,125.718,170.66,185.284,65.856,51.884,1.69
0,43,54.818,0.914,0.669,73.817,143.892,168.119,180.48,63.64,47.011,1.732
0,51,63.008,1.05,0.628,101.828,158.092,149.03,183.87,67.476,55.036,1.459
0,47,47.518,0.792,0.148,109.567,137.004,150.632,176.799,61.847,49.769,1.567
0,45,53.0,0.883,-0.557,174.195,150.426,135.37,175.385,60.803,49.336,1.422
0,52,54.12,0.902,-0.281,177.294,147.299,144.506,178.911,60.0,50.289,1.499
0,63,63.285,1.055,0.095,186.754,148.408,119.854,183.175,59.203,51.245,1.225
0,60,62.642,1.044,0.291,174.897,157.867,149.843,189.381,61.855,53.852,1.473
0,59,67.119,1.119,0.497,171.47,157.632,113.811,178.331,62.129,56.294,1.151
0,62,69.771,1.163,0.476,167.693,121.795,157.785,159.831,57.801,51.264,1.76
0,64,73.926,1.232,0.524,176.233,139.086,121.758,114.49,56.639,34.0,1.781
0,68,80.455,1.341,0.564,175.328,122.053,103.097,82.225,38.949,11.662,2.328
0,77,88.193,1.47,0.509,164.539,110.005,81.006,52.612,28.862,6.708,2.756
0,74,85.088,1.418,0.516,173.819,115.261,83.433,72.918,24.083,14.142,2.252
0,85,90.824,1.514,0.36,170.578,111.324,81.597,159.261,25.08,14.142,1.233
0,81,82.976,1.383,0.219,305.491,102.786,73.007,163.453,24.515,12.042,1.095
0,64,64.63,1.077,0.14,172.699,103.87,73.824,173.404,25.632,19.026,1.016
0,60,60.208,1.003,0.083,165.496,104.202,71.589,176.298,24.166,20.025,0.974
0,62,62.073,1.035,-0.048,163.294,104.202,70.661,179.789,21.471,20.025,0.958
0,63,64.537,1.076,-0.219,140.656,102.215,69.971,184.318,23.431,23.087,0.909
0,74,76.4,1.273,-0.251,124.74,105.688,69.893,187.641,23.345,24.331,0.891
0,68,70.88,1.181,-0.286,113.851,105.119,71.505,191.128,27.295,29.614,0.865
0,68,68.884,1.148,0.16,219.611,105.38,171.231,63.64,25.495,32.985,4.206
0,68,68.066,1.134,-0.044,190.591,106.104,110.941,183.469,30.871,36.674,1.326
0,55,57.28,0.955,-0.283,139.671,107.815,94.515,173.326,31.016,36.878,1.175
0,61,68.884,1.148,-0.483,109.417,107.299,169.248,124.908,29.411,36.401,2.662
0,63,76.276,1.271,-0.599,147.122,109.018,84.119,197.692,31.575,38.601,0.942
0,69,77.369,1.289,-0.469,173.113,106.212,87.983,144.222,32.558,41.11,1.211
0,67,81.841,1.364,-0.612,238.657,96.83,83.774,187.758,26.173,34.015,1.014
0,39,74.095,1.235,-1.016,244.436,96.426,67.424,132.019,22.091,28.018,1.111
0,38,66.03,1.101,-0.958,263.213,82.006,79.31,14.213,8.0,28.792,4.665
0,37,72.201,1.203,-1.033,279.609,79.076,52.469,32.388,10.44,17.0,2.631
0,37,66.287,1.105,-0.979,271.33,93.022,70.725,62.201,47.676,46.239,1.359
0,43,65.947,1.099,-0.861,281.114,127.64,149.967,148.192,108.042,109.836,1.229
0,46,64.351,1.073,-0.774,269.904,137.844,144.461,182.148,101.178,105.38,1.115
0,43,58.728,0.979,-0.749,279.303,117.478,134.833,185.744,80.231,72.691,1.194
0,38,49.679,0.828,-0.7,248.652,142.801,108.724,171.817,74.673,72.18,1.024
0,41,44.777,0.746,-0.414,272.958,144.81,97.005,154.693,67.365,66.708,1.008
0,35,35.128,0.585,-0.086,225.621,146.349,95.016,163.233,72.835,71.197,0.928
0,24,24.515,0.409,0.205,253.055,144.693,95.776,168.618,71.589,67.742,0.933
0,22,22.0,0.367,0.0,186.357,141.485,94.795,162.459,66.94,60.671,0.98
0,18,18.028,0.3,-0.055,285.659,148.519,93.086,157.064,65.192,58.138,0.996
0,18,18.028,0.3,-0.055,285.659,148.519,93.086,157.064,65.192,58.138,0.996
0,18,18.028,0.3,-0.055,285.659,148.519,93.086,157.064,65.192,58.138,0.996
0,18,18.028,0.3,-0.055,285.659,148.519,93.086,157.064,65.192,58.138,0.996
0,-17,22.023,0.367,2.453,113.283,145.097,97.622,168.253,59.237,56.143,1.033
0,-16,31.385,0.523,2.106,104.623,159.289,109.622,167.263,66.708,61.131,1.114
0,-18,37.59,0.626,2.07,108.931,154.156,107.629,179.627,67.357,68.029,1.025
0,-28,42.521,0.709,2.29,147.58,145.344,93.509,162.865,65.49,69.635,0.941
0,-35,48.795,0.813,2.371,164.757,145.165,114.826,150.685,63.032,72.277,1.204
0,-40,55.866,0.931,2.369,172.957,128.763,113.741,127.094,86.209,85.709,1.141
0,-44,62.936,1.049,2.345,177.485,107.713,97.908,100.285,108.042,92.962,0.975
0,-44,65.115,1.085,2.313,181.221,105.423,84.22,88.544,97.005,75.313,0.969
0,-44,65.115,1.085,2.313,180.336,88.955,56.639,60.299,62.586,52.773,0.967
0,-40,61.717,1.029,2.276,193.259,84.119,50.804,0.0,13.928,28.16,3.621
0,-33,62.434,1.041,2.128,204.793,92.617,65.803,127.883,6.325,23.77,1.25
0,-28,59.942,0.999,2.057,185.852,95.425,60.208,155.116,11.402,25.942,0.939
0,-15,55.082,0.918,1.847,168.882,105.0,63.411,141.23,13.416,19.416,1.093
0,-9,60.671,1.011,1.72,170.449,101.02,60.465,163.6,9.487,20.125,0.939
0,-4,52.154,0.869,1.648,107.564,103.175,72.201,161.608,17.263,24.759,1.064
0,-2,44.045,0.734,1.616,45.88,104.809,67.602,34.132,21.84,34.059,2.253
0,-4,28.284,0.471,1.713,30.676,102.421,62.169,69.116,18.385,31.401,1.569
0,7,20.248,0.337,1.218,14.318,99.318,68.949,89.107,24.352,32.016,1.422
0,6,8.485,0.141,0.785,49.93,100.245,74.148,185.777,30.887,34.986,0.884
0,1,2.236,0.037,1.107,68.768,103.247,80.025,202.608,36.892,39.661,0.86
0,1,28.018,0.467,1.535,95.776,111.072,89.14,210.953,40.804,41.617,0.912
0,3,61.074,1.018,1.522,158.777,118.004,90.796,213.385,46.69,41.881,0.902
0,-5,47.265,0.788,1.677,173.626,121.499,93.941,216.005,46.011,41.183,0.93
0,-19,28.32,0.472,2.306,180.887,121.198,93.622,214.723,50.249,46.957,0.9
0,-21,21.84,0.364,2.863,168.324,124.036,94.255,207.196,51.313,40.025,0.947
0,-22,24.597,0.41,-2.678,181.604,120.934,97.417,216.363,47.413,43.932,0.95
0,-29,33.121,0.552,-2.637,176.777,115.741,96.135,213.403,42.72,39.56,0.975
0,-38,43.909,0.732,-2.617,209.614,85.703,86.023,141.824,48.6,29.155,1.175
0,-46,57.201,0.953,-2.505,185.043,88.006,191.377,124.278,29.547,28.425,3.15
0,-55,66.287,1.105,-2.549,188.521,133.645,145.121,105.152,76.538,56.613,1.827
0,-56,68.819,1.147,-2.521,199.111,151.605,181.373,189.169,98.234,79.624,1.482
0,-66,74.243,1.237,-2.666,199.97,157.623,193.052,192.333,115.732,89.202,1.458
0,-59,60.638,1.011,-2.909,183.807,156.589,213.002,213.038,115.004,91.088,1.525
0,-43,43.0,0.717,3.142,158.398,161.914,221.964,224.19,117.154,91.444,1.539
0,-36,39.395,0.657,2.723,281.301,162.388,223.294,234.096,115.109,92.347,1.517
0,-26,46.872,0.781,2.159,151.003,165.052,223.143,239.14,113.071,92.266,1.506
0,-26,63.561,1.059,1.992,68.659,167.287,222.353,245.253,110.041,91.088,1.494
0,-29,34.132,0.569,-2.586,20.1,168.751,217.348,246.868,106.005,89.202,1.475
0,-2,26.077,0.435,-1.648,82.201,168.077,231.216,241.946,105.076,90.022,1.587
0,5,6.403,0.107,0.675,149.215,171.094,231.21,235.697,102.703,86.052,1.634
0,-12,64.133,1.069,1.759,167.362,174.244,226.738,220.484,97.293,83.385,1.696
0,-13,102.825,1.714,1.698,211.684,167.344,220.477,210.668,101.98,91.351,1.637
0,-13,114.739,1.912,1.684,218.387,158.354,193.352,185.734,91.706,82.735,1.61
0,-10,122.409,2.04,1.653,198.063,141.824,168.363,155.554,83.952,67.186,1.647
0,-12,107.671,1.795,1.682,199.161,132.231,137.768,120.615,61.098,40.792,1.857
0,-20,103.942,1.732,1.764,200.105,107.615,85.422,34.886,11.18,13.0,4.339
0,-28,105.773,1.763,1.839,202.98,95.671,73.817,27.019,2.236,18.385,4.649
0,-40,91.236,1.521,2.025,219.738,82.377,41.629,142.948,5.385,23.0,0.729
0,-40,91.236,1.521,2.025,219.738,82.377,41.629,142.948,5.385,23.0,0.729
0,-40,91.236,1.521,2.025,219.738,82.377,41.629,142.948,5.385,23.0,0.729
0,-40,91.236,1.521,2.025,219.738,82.377,41.629,142.948,5.385,23.0,0.729
0,-40,91.236,1.521,2.025,219.738,82.377,41.629,142.948,5.385,23.0,0.729
0,-40,91.236,1.521,2.025,219.738,82.377,41.629,142.948,5.385,23.0,0.729
0,-101,109.005,1.817,2.756,343.583,82.079,61.522,157.42,8.062,22.361,0.983
0,-116,121.758,2.029,2.833,370.135,88.295,62.032,172.792,15.0,25.318,0.873
0,-130,131.685,2.195,2.981,371.238,94.541,67.186,178.899,18.788,28.0,0.893
0,-137,137.819,2.297,3.033,379.729,101.272,78.313,182.036,20.0,28.636,1.019
0,-135,135.237,2.254,3.082,394.894,99.985,79.057,186.944,25.456,30.676,0.976
0,-130,130.015,2.167,3.126,390.633,95.352,79.025,182.727,26.907,34.54,0.971
0,-127,127.063,2.118,-3.11,381.241,93.172,90.006,182.784,31.401,33.615,1.09
0,-121,121.413,2.024,-3.059,366.384,90.443,87.367,177.789,30.017,33.615,1.086
0,-112,113.437,1.891,-2.982,346.446,107.205,112.361,103.755,31.048,33.242,2.006
0,-100,103.846,1.731,-2.869,290.704,109.932,85.165,201.814,35.114,35.468,0.938
0,-84,89.889,1.498,-2.778,377.709,113.635,97.082,165.221,40.311,41.34,1.18
0,-43,61.522,1.025,-2.345,135.074,117.239,97.862,163.478,41.11,42.942,1.186
0,-47,73.11,1.218,-2.269,81.056,117.648,97.082,216.453,43.105,43.046,0.962
0,-41,76.007,1.267,-2.141,63.789,122.674,97.949,220.819,44.045,43.829,0.952
0,-29,72.09,1.202,-1.985,43.932,122.09,95.755,219.659,39.319,43.566,0.949
0,-23,79.404,1.323,-1.865,65.803,106.0,201.487,88.955,38.118,38.588,3.649
0,-14,84.172,1.403,-1.738,76.026,104.709,95.509,74.673,26.926,31.828,2.147
0,-10,90.554,1.509,-1.681,86.833,80.529,46.174,16.971,31.016,46.098,1.472
0,-5,95.131,1.586,-1.623,94.831,95.755,103.325,101.02,76.538,72.719,1.239
0,-2,93.022,1.55,-1.592,97.417,138.636,154.729,156.627,154.208,135.915,1.039
0,3,94.048,1.567,-1.539,115.694,106.532,121.116,148.661,140.89,118.127,0.891
0,3,95.047,1.584,-1.539,122.262,62.37,53.451,125.686,88.64,80.994,0.543
0,5,100.125,1.669,-1.521,127.236,36.346,58.034,90.785,60.828,55.218,0.842
0,10,100.499,1.675,-1.471,136.499,58.592,55.543,90.477,57.201,56.727,0.815
0,11,104.58,1.743,-1.465,124.085,65.863,38.949,51.42,36.235,42.485,0.898
0,16,103.247,1.721,-1.415,151.855,85.475,51.74,28.16,25.554,37.0,1.711
0,26,104.293,1.738,-1.319,122.319,93.941,50.99,30.067,30.48,39.825,1.524
0,38,87.664,1.461,-1.122,131.928,103.586,56.586,31.321,27.803,38.013,1.748
0,6,44.407,0.74,-1.435,176.98,118.119,75.664,61.392,50.695,57.385,1.339
0,25,39.051,0.651,-0.876,199.138,135.033,206.4,217.72,78.102,64.351,1.719
0,44,56.223,0.937,-0.672,163.719,129.356,211.549,219.237,80.449,64.537,1.742
0,55,55.444,0.924,-0.127,162.163,138.051,201.675,229.872,84.054,70.007,1.576
0,72,79.202,1.32,-0.43,163.487,136.624,200.609,234.401,92.005,74.25,1.502
0,85,92.704,1.545,-0.411,173.22,149.696,213.6,231.812,96.213,78.492,1.576
0,88,96.255,1.604,-0.417,176.162,153.212,214.73,226.636,100.265,82.134,1.575
0,79,88.102,1.468,-0.459,178.443,146.25,206.32,218.563,98.082,83.546,1.547
0,68,73.539,1.226,-0.391,164.451,144.201,197.692,202.41,106.075,79.906,1.527
0,67,68.659,1.144,-0.22,162.742,136.927,187.971,185.626,108.894,77.078,1.518
0,64,64.63,1.077,-0.14,134.837,132.28,178.059,173.0,113.864,84.172,1.44
0,67,67.602,1.127,0.134,164.222,124.74,161.608,157.41,111.723,82.759,1.378
0,54,56.613,0.944,0.305,163.248,129.522,142.225,126.436,95.776,67.882,1.471
0,54,56.613,0.944,0.305,163.248,129.522,142.225,126.436,95.776,67.882,1.471
0,54,56.613,0.944,0.305,163.248,129.522,142.225,126.436,95.776,67.882,1.471
0,54,56.613,0.944,0.305,163.248,129.522,142.225,126.436,95.776,67.882,1.471
0,54,56.613,0.944,0.305,163.248,129.522,142.225,126.436,95.776,67.882,1.471
0,-39,41.11,0.685,-2.82,156.525,122.809,125.16,104.235,74.947,49.406,1.643
0,-6,28.636,0.477,1.782,79.398,121.0,112.361,91.005,63.64,38.118,1.749
0,-14,26.077,0.435,2.138,119.817,116.43,113.6,94.366,66.219,44.102,1.665
0,-31,32.016,0.534,2.889,106.005,117.154,104.561,88.295,67.676,55.973,1.48
0,-51,51.624,0.86,-2.986,173.773,117.209,106.042,103.73,87.046,70.831,1.216
0,-70,75.769,1.263,-2.749,186.783,112.361,102.786,124.964,101.789,82.855,0.996
0,-78,86.764,1.446,-2.688,248.566,115.017,104.355,131.244,103.774,84.119,0.981
0,-89,100.185,1.67,2.665,306.472,113.635,104.676,131.244,108.674,86.284,0.963
0,-102,117.337,1.956,2.625,324.427,117.239,104.924,129.619,113.088,84.024,0.963
0,-104,104.077,1.735,3.103,358.766,113.0,100.319,124.535,115.434,95.635,0.897
0,-83,95.88,1.598,-2.617,356.09,107.87,104.317,126.4,114.004,89.269,0.949
0,-74,114.215,1.904,-2.276,388.95,109.142,132.008,132.484,116.417,91.351,1.164
0,-85,128.973,2.15,-2.29,393.91,98.762,132.231,136.858,118.423,95.189,1.132
0,-89,137.644,2.294,-2.274,373.676,92.849,123.004,117.516,90.824,87.727,1.246
0,-94,135.794,2.263,-2.335,365.141,92.179,115.156,114.11,70.328,78.873,1.312
0,-97,139.316,2.322,-2.341,368.761,72.422,116.4,61.4,73.878,106.019,1.447
0,-100,141.421,2.357,-2.356,361.764,135.204,157.953,156.818,114.809,83.815,1.333
0,-94,126.732,2.112,-2.406,362.083,138.957,171.172,156.646,126.4,93.005,1.366
0,-35,63.514,1.059,-2.154,267.152,33.136,135.765,167.705,163.221,146.823,0.853
0,-18,60.729,1.012,-1.872,274.432,108.467,152.895,151.644,132.322,101.828,1.189
0,-6,53.339,0.889,-1.684,259.124,44.181,110.277,142.172,138.798,123.309,0.818
0,3,51.088,0.851,-1.512,268.091,47.518,124.459,163.478,149.452,130.419,0.842
0,8,45.706,0.762,-1.395,272.244,49.041,124.652,167.908,157.458,145.523,0.794
0,10,40.262,0.671,-1.32,264.197,50.01,130.832,174.063,166.09,155.563,0.792
0,12,35.114,0.585,-1.222,249.195,36.125,135.207,176.491,161.645,154.467,0.823
0,14,32.202,0.537,-1.121,238.768,22.136,138.6,174.614,155.332,141.354,0.882
0,14,25.239,0.421,-0.983,225.078,15.264,142.004,178.664,153.287,138.177,0.906
0,11,20.248,0.337,-0.996,198.494,10.77,145.89,182.483,133.701,101.966,1.047
0,13,21.401,0.357,-0.918,183.003,43.417,155.795,186.132,131.309,97.867,1.125
0,18,21.633,0.361,-0.588,155.544,100.767,80.006,102.416,67.357,47.011,1.107
0,29,29.614,0.494,-0.204,139.169,139.359,114.547,110.476,102.825,98.184,1.103
0,39,39.459,0.658,0.153,134.648,105.759,137.877,141.51,131.381,114.726,1.067
0,55,58.873,0.981,0.365,99.182,100.09,148.529,154.042,147.98,130.25,1.031
0,71,80.062,1.334,0.48,110.136,121.078,156.349,165.339,158.71,139.058,1.013
0,71,80.062,1.334,0.48,110.136,121.078,156.349,165.339,158.71,139.058,1.013
0,71,80.062,1.334,0.48,110.136,121.078,156.349,165.339,158.71,139.058,1.013
0,71,80.062,1.334,0.48,110.136,121.078,156.349,165.339,158.71,139.058,1.013
0,71,80.062,1.334,0.48,110.136,121.078,156.349,165.339,158.71,139.058,1.013
0,71,80.062,1.334,0.48,110.136,121.078,156.349,165.339,158.71,139.058,1.013
0,102,104.346,1.739,0.212,310.483,121.078,175.206,173.416,166.193,142.636,1.09
0,98,101.922,1.699,0.278,295.203,125.284,194.733,190.602,175.071,147.221,1.139
0,91,97.144,1.619,0.358,278.598,141.792,225.002,198.04,171.292,150.615,1.298
0,74,85.586,1.426,0.526,267.72,157.013,236.647,211.376,181.706,158.493,1.287
0,74,85.586,1.426,0.526,267.72,157.013,236.647,211.376,181.706,158.493,1.287
0,63,99.489,1.658,0.885,273.942,182.003,241.267,220.495,183.003,161.895,1.28
0,49,95.525,1.592,1.032,206.633,188.043,244.969,231.037,187.417,164.514,1.261
0,27,93.005,1.55,1.276,195.412,187.131,242.332,240.217,190.539,166.364,1.218
0,-18,84.929,1.415,1.784,206.649,186.132,244.233,235.194,185.777,158.256,1.265
0,-18,84.929,1.415,1.784,206.649,186.132,244.233,235.194,185.777,158.256,1.265
0,-18,84.929,1.415,1.784,206.649,186.132,244.233,235.194,185.777,158.256,1.265
0,-18,84.929,1.415,1.784,206.649,186.132,244.233,235.194,185.777,158.256,1.265
0,-18,84.929,1.415,1.784,206.649,186.132,244.233,235.194,185.777,158.256,1.265
0,-81,100.21,1.67,2.512,138.885,188.066,247.202,233.317,184.743,156.051,1.292
0,-114,122.197,2.037,2.773,200.445,184.011,242.539,232.263,181.177,148.003,1.296
0,-146,149.907,2.498,2.913,251.575,173.104,236.647,229.401,173.612,131.187,1.329
0,-169,169.425,2.824,3.071,314.078,158.079,230.766,223.439,160.851,105.119,1.415
0,-168,170.156,2.836,-2.982,429.298,145.031,226.738,222.32,152.013,92.13,1.458
0,-192,194.815,3.247,-2.971,506.428,137.015,228.589,232.639,169.009,94.366,1.383
0,-213,214.581,3.576,-3.02,503.391,132.098,230.495,232.039,163.38,104.139,1.384
0,-223,228.32,3.805,-2.925,519.865,128.32,231.925,236.205,165.239,111.503,1.356
0,-235,236.123,3.935,-3.044,541.939,127.487,235.51,240.47,170.848,120.221,1.329
0,-244,244.663,4.078,-3.068,542.196,128.39,236.485,240.468,171.421,124.169,1.323
0,-238,238.472,3.975,-3.079,532.587,127.44,235.478,239.677,170.816,118.701,1.335
0,-219,219.386,3.656,-3.082,524.596,125.865,235.934,240.52,166.208,111.826,1.365
0,-197,198.338,3.306,-3.025,499.677,123.369,235.85,239.454,166.709,111.803,1.366
0,-185,187.747,3.129,-2.97,476.508,121.264,233.692,238.925,167.574,106.888,1.366
0,-166,170.52,2.842,-2.911,448.697,118.33,231.614,235.648,164.125,107.154,1.371
0,-146,155.322,2.589,-2.793,413.401,118.474,230.289,234.273,163.976,104.178,1.375
0,-115,132.593,2.21,-2.621,373.738,110.725,229.63,232.045,165.218,107.912,1.364
0,-6,31.575,0.526,-1.762,219.659,104.676,226.808,231.398,162.61,106.283,1.36
0,-6,31.575,0.526,-1.762,219.659,104.676,226.808,231.398,162.61,106.283,1.36
0,-6,31.575,0.526,-1.762,219.659,104.676,226.808,231.398,162.61,106.283,1.36
0,-6,31.575,0.526,-1.762,219.659,104.676,226.808,231.398,162.61,106.283,1.36
0,6,113.159,1.886,-1.518,274.117,100.568,226.91,230.243,162.114,111.018,1.352
0,29,88.865,1.481,-1.238,330.394,93.231,219.244,208.079,161.892,116.379,1.352
0,48,79.202,1.32,-0.92,299.955,78.772,211.009,192.13,143.171,100.623,1.452
0,58,76.577,1.276,-0.711,301.135,123.649,100.285,139.176,166.928,167.287,0.636
0,63,67.417,1.124,-0.364,335.161,120.208,90.708,145.523,160.73,152.109,0.594
0,76,76.942,1.282,-0.157,347.131,112.929,77.201,133.195,152.201,142.888,0.541
0,103,103.947,1.732,0.135,346.341,104.547,84.024,133.899,141.51,126.4,0.627
0,103,103.947,1.732,0.135,346.341,104.547,84.024,133.899,141.51,126.4,0.627
0,114,116.297,1.938,-0.199,373.375,102.533,108.503,34.525,61.4,82.055,1.829
0,94,110.982,1.85,0.561,345.938,62.61,30.594,99.403,97.617,95.383,0.314
0,94,110.982,1.85,0.561,345.938,62.61,30.594,99.403,97.617,95.383,0.314
0,94,110.982,1.85,0.561,345.938,62.61,30.594,99.403,97.617,95.383,0.314
0,94,110.982,1.85,0.561,345.938,62.61,30.594,99.403,97.617,95.383,0.314
0,94,110.982,1.85,0.561,345.938,62.61,30.594,99.403,97.617,95.383,0.314
0,94,110.982,1.85,0.561,345.938,62.61,30.594,99.403,97.617,95.383,0.314
0,94,110.982,1.85,0.561,345.938,62.61,30.594,99.403,97.617,95.383,0.314
0,94,110.982,1.85,0.561,345.938,62.61,30.594,99.403,97.617,95.383,0.314
0,94,110.982,1.85,0.561,345.938,62.61,30.594,99.403,97.617,95.383,0.314
0,94,110.982,1.85,0.561,345.938,62.61,30.594,99.403,97.617,95.383,0.314
0,94,110.982,1.85,0.561,345.938,62.61,30.594,99.403,97.617,95.383,0.314
0,94,110.982,1.85,0.561,345.938,62.61,30.594,99.403,97.617,95.383,0.314
0,94,110.982,1.85,0.561,345.938,62.61,30.594,99.403,97.617,95.383,0.314
0,94,110.982,1.85,0.561,345.938,62.61,30.594,99.403,97.617,95.383,0.314
0,94,110.982,1.85,0.561,345.938,62.61,30.594,99.403,97.617,95.383,0.314
0,94,110.982,1.85,0.561,345.938,62.61,30.594,99.403,97.617,95.383,0.314
0,94,110.982,1.85,0.561,345.938,62.61,30.594,99.403,97.617,95.383,0.314
0,94,110.982,1.85,0.561,345.938,62.61,30.594,99.403,97.617,95.383,0.314
0,94,110.982,1.85,0.561,345.938,62.61,30.594,99.403,97.617,95.383,0.314
0,94,110.982,1.85,0.561,345.938,62.61,30.594,99.403,97.617,95.383,0.314
0,94,110.982,1.85,0.561,345.938,62.61,30.594,99.403,97.617,95.383,0.314
0,94,110.982,1.85,0.561,345.938,62.61,30.594,99.403,97.617,95.383,0.314
0,94,110.982,1.85,0.561,345.938,62.61,30.594,99.403,97.617,95.383,0.314
0,94,110.982,1.85,0.561,345.938,62.61,30.594,99.403,97.617,95.383,0.314
0,94,110.982,1.85,0.561,345.938,62.61,30.594,99.403,97.617,95.383,0.314
0,94,110.982,1.85,0.561,345.938,62.61,30.594,99.403,97.617,95.383,0.314
0,94,110.982,1.85,0.561,345.938,62.61,30.594,99.403,97.617,95.383,0.314
0,94,110.982,1.85,0.561,345.938,62.61,30.594,99.403,97.617,95.383,0.314
0,94,110.982,1.85,0.561,345.938,62.61,30.594,99.403,97.617,95.383,0.314
0,94,110.982,1.85,0.561,345.938,62.61,30.594,99.403,97.617,95.383,0.314
0,94,110.982,1.85,0.561,345.938,62.61,30.594,99.403,97.617,95.383,0.314
0,94,110.982,1.85,0.561,345.938,62.61,30.594,99.403,97.617,95.383,0.314
0,94,110.982,1.85,0.561,345.938,62.61,30.594,99.403,97.617,95.383,0.314
0,94,110.982,1.85,0.561,345.938,62.61,30.594,99.403,97.617,95.383,0.314
0,94,110.982,1.85,0.561,345.938,62.61,30.594,99.403,97.617,95.383,0.314
0,94,110.982,1.85,0.561,345.938,62.61,30.594,99.403,97.617,95.383,0.314
0,94,110.982,1.85,0.561,345.938,62.61,30.594,99.403,97.617,95.383,0.314
0,94,110.982,1.85,0.561,345.938,62.61,30.594,99.403,97.617,95.383,0.314
0,94,110.982,1.85,0.561,345.938,62.61,30.594,99.403,97.617,95.383,0.314
0,94,110.982,1.85,0.561,345.938,62.61,30.594,99.403,97.617,95.383,0.314
0,94,110.982,1.85,0.561,345.938,62.61,30.594,99.403,97.617,95.383,0.314
0,94,110.982,1.85,0.561,345.938,62.61,30.594,99.403,97.617,95.383,0.314
0,94,110.982,1.85,0.561,345.938,62.61,30.594,99.403,97.617,95.383,0.314
0,94,110.982,1.85,0.561,345.938,62.61,30.594,99.403,97.617,95.383,0.314
0,94,110.982,1.85,0.561,345.938,62.61,30.594,99.403,97.617,95.383,0.314
0,94,110.982,1.85,0.561,345.938,62.61,30.594,99.403,97.617,95.383,0.314
0,94,110.982,1.85,0.561,345.938,62.61,30.594,99.403,97.617,95.383,0.314
0,94,110.982,1.85,0.561,345.938,62.61,30.594,99.403,97.617,95.383,0.314
0,94,110.982,1.85,0.561,345.938,62.61,30.594,99.403,97.617,95.383,0.314
0,94,110.982,1.85,0.561,345.938,62.61,30.594,99.403,97.617,95.383,0.314
0,94,110.982,1.85,0.561,345.938,62.61,30.594,99.403,97.617,95.383,0.314
0,94,110.982,1.85,0.561,345.938,62.61,30.594,99.403,97.617,95.383,0.314
0,94,110.982,1.85,0.561,345.938,62.61,30.594,99.403,97.617,95.383,0.314
0,94,110.982,1.85,0.561,345.938,62.61,30.594,99.403,97.617,95.383,0.314
0,94,110.982,1.85,0.561,345.938,62.61,30.594,99.403,97.617,95.383,0.314
0,94,110.982,1.85,0.561,345.938,62.61,30.594,99.403,97.617,95.383,0.314
0,94,110.982,1.85,0.561,345.938,62.61,30.594,99.403,97.617,95.383,0.314
0,94,110.982,1.85,0.561,345.938,62.61,30.594,99.403,97.617,95.383,0.314
0,94,110.982,1.85,0.561,345.938,62.61,30.594,99.403,97.617,95.383,0.314
0,94,110.982,1.85,0.561,345.938,62.61,30.594,99.403,97.617,95.383,0.314
0,94,110.982,1.85,0.561,345.938,62.61,30.594,99.403,97.617,95.383,0.314
0,94,110.982,1.85,0.561,345.938,62.61,30.594,99.403,97.617,95.383,0.314
0,94,110.982,1.85,0.561,345.938,62.61,30.594,99.403,97.617,95.383,0.314
0,94,110.982,1.85,0.561,345.938,62.61,30.594,99.403,97.617,95.383,0.314
0,94,110.982,1.85,0.561,345.938,62.61,30.594,99.403,97.617,95.383,0.314
0,94,110.982,1.85,0.561,345.938,62.61,30.594,99.403,97.617,95.383,0.314
0,94,110.982,1.85,0.561,345.938,62.61,30.594,99.403,97.617,95.383,0.314
0,94,110.982,1.85,0.561,345.938,62.61,30.594,99.403,97.617,95.383,0.314
0,94,110.982,1.85,0.561,345.938,62.61,30.594,99.403,97.617,95.383,0.314
0,94,110.982,1.85,0.561,345.938,62.61,30.594,99.403,97.617,95.383,0.314
0,94,110.982,1.85,0.561,345.938,62.61,30.594,99.403,97.617,95.383,0.314
0,94,110.982,1.85,0.561,345.938,62.61,30.594,99.403,97.617,95.383,0.314
0,94,110.982,1.85,0.561,345.938,62.61,30.594,99.403,97.617,95.383,0.314
0,94,110.982,1.85,0.561,345.938,62.61,30.594,99.403,97.617,95.383,0.314
0,94,110.982,1.85,0.561,345.938,62.61,30.594,99.403,97.617,95.383,0.314
0,94,110.982,1.85,0.561,345.938,62.61,30.594,99.403,97.617,95.383,0.314
0,94,110.982,1.85,0.561,345.938,62.61,30.594,99.403,97.617,95.383,0.314
0,94,110.982,1.85,0.561,345.938,62.61,30.594,99.403,97.617,95.383,0.314
0,94,110.982,1.85,0.561,345.938,62.61,30.594,99.403,97.617,95.383,0.314
0,94,110.982,1.85,0.561,345.938,62.61,30.594,99.403,97.617,95.383,0.314
0,94,110.982,1.85,0.561,345.938,62.61,30.594,99.403,97.617,95.383,0.314
0,94,110.982,1.85,0.561,345.938,62.61,30.594,99.403,97.617,95.383,0.314
0,94,110.982,1.85,0.561,345.938,62.61,30.594,99.403,97.617,95.383,0.314
0,94,110.982,1.85,0.561,345.938,62.61,30.594,99.403,97.617,95.383,0.314
0,94,110.982,1.85,0.561,345.938,62.61,30.594,99.403,97.617,95.383,0.314
0,94,110.982,1.85,0.561,345.938,62.61,30.594,99.403,97.617,95.383,0.314
0,94,110.982,1.85,0.561,345.938,62.61,30.594,99.403,97.617,95.383,0.314
0,94,110.982,1.85,0.561,345.938,62.61,30.594,99.403,97.617,95.383,0.314
0,94,110.982,1.85,0.561,345.938,62.61,30.594,99.403,97.617,95.383,0.314
0,94,110.982,1.85,0.561,345.938,62.61,30.594,99.403,97.617,95.383,0.314
0,82,170.074,2.835,1.068,305.395,64.846,28.46,94.921,90.338,85.446,0.315
0,80,163.857,2.731,1.061,305.439,59.414,59.203,79.624,80.604,81.597,0.734
0,92,164.195,2.737,0.976,321.908,124.036,183.831,174.23,41.677,21.213,2.326
0,96,165.653,2.761,0.953,335.06,111.072,181.813,155.052,58.728,29.547,2.242
0,100,168.003,2.8,0.933,341.252,118.089,193.982,191.024,174.657,168.648,1.089
0,111,175.548,2.926,0.886,348.191,123.556,202.408,200.232,194.61,171.511,1.072
0,124,184.784,3.08,0.835,358.176,125.16,217.754,219.738,161.929,113.146,1.32
0,130,187.417,3.124,0.804,361.797,133.81,225.499,228.219,174.771,132.548,1.263
0,130,188.138,3.136,0.808,364.003,139.014,225.887,231.407,175.069,138.058,1.244
0,127,186.078,3.101,0.82,359.806,139.946,229.34,236.178,188.521,141.824,1.214
0,124,183.306,3.055,0.828,352.563,141.598,232.562,237.059,180.236,141.736,1.248
0,118,176.309,2.938,0.838,342.94,141.993,233.0,237.118,182.584,143.003,1.242
0,112,170.836,2.847,0.856,333.566,143.391,234.798,237.794,179.914,140.663,1.262
0,106,162.373,2.706,0.859,322.064,141.223,234.798,237.794,179.137,141.014,1.262
0,101,153.808,2.563,0.854,311.27,140.246,234.798,237.857,178.227,141.605,1.263
0,94,146.986,2.45,0.877,300.945,128.32,231.225,237.059,172.154,141.014,1.261
0,91,140.464,2.341,0.866,295.959,118.849,228.09,234.776,172.627,125.865,1.283
0,87,136.36,2.273,0.879,292.754,112.929,224.27,227.693,172.627,113.701,1.309
0,81,133.405,2.223,0.918,289.558,97.499,209.755,185.691,148.6,106.532,1.427
0,76,131.244,2.187,0.953,288.461,135.207,144.941,120.254,104.317,93.048,1.369
0,67,127.094,2.118,1.016,279.407,83.726,162.29,159.214,84.119,58.009,1.616
0,52,118.966,1.983,1.118,275.427,86.579,169.744,179.494,153.792,96.876,1.184
0,34,108.467,1.808,1.252,251.563,79.246,152.594,177.612,172.154,156.732,0.904
0,9,101.4,1.69,1.482,211.443,79.712,137.641,154.331,162.585,163.783,0.859
1,-36,129.12,2.152,1.853,141.326,71.169,135.665,151.242,155.939,151.169,0.888
1,-36,132.004,2.2,1.847,137.058,53.759,102.611,113.952,112.614,119.854,0.889
1,-28,132.981,2.216,1.783,144.693,30.414,48.795,60.033,66.129,76.844,0.721
1,-11,127.475,2.125,1.657,178.135,160.125,164.712,169.706,168.241,164.027,0.984
1,-12,91.788,1.53,1.702,237.255,117.388,101.98,86.023,93.193,97.015,1.108
1,-14,83.187,1.386,1.74,207.735,73.007,191.0,69.426,47.707,48.26,3.464
1,-7,79.31,1.322,1.659,201.695,84.481,202.299,83.522,59.076,57.201,3.038
1,17,88.645,1.477,1.378,195.686,85.235,203.482,69.231,53.712,50.448,3.521
1,71,130.924,2.182,0.998,97.673,85.235,205.973,62.29,46.519,46.861,3.969
1,98,159.625,2.66,0.91,125.543,80.362,205.526,49.041,36.674,38.275,4.973
1,121,184.288,3.071,0.855,169.729,85.376,209.619,45.044,32.311,34.986,5.598
1,135,201.062,3.351,0.835,207.523,80.062,211.603,46.39,31.048,33.601,5.717
1,152,214.96,3.583,0.785,253.618,79.511,213.841,43.566,24.331,27.295,6.739
1,155,215.002,3.583,0.766,277.77,82.298,218.213,46.325,28.071,28.425,6.367
1,156,217.111,3.619,0.769,299.341,84.291,220.484,48.836,29.069,28.32,6.227
1,153,213.565,3.559,0.772,320.888,84.38,220.792,51.624,30.067,31.145,5.87
1,144,205.779,3.43,0.796,338.892,86.371,222.926,50.636,30.017,29.698,6.06
1,139,202.312,3.372,0.813,352.149,88.363,227.706,52.393,32.016,29.206,6.013
1,137,201.675,3.361,0.824,368.283,87.464,227.407,52.393,32.14,29.206,5.998
1,135,199.585,3.326,0.828,374.489,89.56,228.974,52.393,31.064,28.601,6.13
1,132,197.568,3.293,0.839,371.734,91.198,229.713,55.543,33.061,30.232,5.799
1,128,198.716,3.312,0.871,361.006,91.269,230.829,53.151,31.016,28.425,6.15
1,119,193.83,3.23,0.91,346.092,90.2,229.107,56.886,32.016,31.401,5.713
1,106,186.955,3.116,0.968,323.012,90.05,230.521,58.549,35.014,33.601,5.438
1,89,183.087,3.051,1.063,290.367,95.021,232.131,57.559,36.014,35.0,5.416
1,76,174.428,2.907,1.12,205.623,98.02,232.467,55.902,34.015,30.232,5.804
1,32,204.519,3.409,1.414,97.082,99.045,232.441,59.414,35.014,32.016,5.515
1,12,172.418,2.874,1.501,95.273,99.126,234.293,60.299,37.054,34.205,5.343
1,4,161.05,2.684,1.546,72.111,102.176,235.162,63.388,40.05,37.202,5.016
1,5,157.08,2.618,1.539,56.365,99.045,232.775,68.066,42.0,36.892,4.752
1,5,141.089,2.351,1.535,58.0,99.328,226.808,77.414,49.769,30.594,4.313
1,-8,134.239,2.237,1.63,66.491,132.201,218.147,96.675,72.918,58.258,2.872
1,-45,116.078,1.935,1.969,79.31,157.08,223.486,113.899,88.617,79.649,2.376
1,-73,155.235,2.587,2.06,241.81,160.206,235.716,113.278,89.627,88.865,2.424
1,-62,78.409,1.307,2.483,251.859,159.013,240.52,118.431,93.038,93.862,2.363
1,-42,49.93,0.832,-2.57,49.041,158.673,242.44,115.378,89.0,87.098,2.495
1,-33,36.674,0.611,-2.69,106.283,157.747,241.151,112.645,83.241,81.492,2.608
1,-39,41.437,0.691,-2.797,155.724,155.219,237.539,110.0,82.365,82.006,2.597
1,-44,49.649,0.827,-2.66,206.7,155.322,234.446,111.018,85.422,84.202,2.506
1,-51,60.208,1.003,-2.581,253.789,153.717,229.715,108.005,83.241,76.217,2.577
1,-64,70.682,1.178,-2.703,266.678,147.99,223.188,107.336,79.177,71.784,2.592
1,-69,74.465,1.241,-2.756,276.306,143.628,216.585,99.624,75.664,65.788,2.695
1,-69,71.84,1.197,-2.859,283.002,134.417,207.239,94.626,67.231,55.714,2.858
1,-66,67.912,1.132,-2.904,285.142,122.381,200.861,87.459,59.405,44.294,3.152
1,-63,63.64,1.061,-3.0,280.516,111.826,192.208,79.931,54.672,33.015,3.44
1,-53,53.038,0.884,-3.104,273.337,96.897,185.973,69.311,46.011,22.472,4.049
1,-42,42.426,0.707,3.0,260.931,88.6,192.0,55.218,32.757,23.77,5.155
1,-40,42.059,0.701,2.827,246.132,84.404,195.655,48.765,29.411,25.239,5.676
1,-30,35.511,0.592,2.577,226.296,85.988,200.564,47.927,27.459,25.456,5.967
1,-17,29.411,0.49,2.187,203.973,84.593,206.642,48.847,24.739,24.759,6.304
1,0,23.0,0.383,1.571,176.477,88.204,216.227,54.12,30.265,30.61,5.641
1,11,24.597,0.41,1.107,149.883,89.0,220.102,50.0,29.017,31.145,5.994
1,18,29.206,0.487,0.907,121.495,94.021,227.794,53.6,32.388,37.483,5.535
1,22,29.732,0.496,0.738,88.391,97.005,229.706,59.211,35.693,38.949,5.148
1,28,32.249,0.537,0.519,69.065,103.0,233.619,53.235,36.139,40.311,5.404
1,35,36.401,0.607,0.278,48.27,108.074,235.332,56.009,38.328,42.521,5.159
1,46,46.271,0.771,0.108,37.483,96.187,234.61,56.036,37.0,41.773,5.221
1,55,55.009,0.917,0.018,34.409,99.85,237.2,60.299,39.395,41.617,5.036
1,69,69.007,1.15,-0.014,36.359,97.673,240.354,63.388,36.77,38.833,5.188
1,80,80.025,1.334,-0.025,47.297,102.181,240.169,65.49,39.217,42.012,4.911
1,80,80.025,1.334,-0.025,47.297,102.181,240.169,65.49,39.217,42.012,4.911
1,-40,48.826,0.814,-2.531,265.56,100.225,241.081,62.073,37.855,33.302,5.429
1,-61,69.354,1.156,-2.646,262.071,104.048,241.506,63.008,37.108,34.205,5.394
1,-74,85.088,1.418,-2.625,215.956,93.771,234.674,59.211,33.377,30.48,5.721
1,-72,81.884,1.365,-2.645,168.315,93.434,224.056,65.307,36.674,20.1,5.506
1,-64,73.43,1.224,-2.629,142.021,130.698,216.723,100.688,75.822,57.801,2.775
1,-54,65.46,1.091,-2.541,129.988,153.154,228.954,129.402,98.229,85.0,2.197
1,-47,61.074,1.018,-2.449,124.68,173.234,239.842,129.074,102.083,101.514,2.163
1,-40,55.866,0.931,-2.369,123.584,181.797,244.469,138.311,115.879,112.379,2.001
1,-38,52.345,0.872,-2.383,122.589,180.247,261.138,130.188,109.731,117.516,2.192
1,-35,49.497,0.825,-2.356,121.413,184.261,264.169,134.659,113.53,114.739,2.184
1,-29,40.311,0.672,-2.374,117.835,188.282,266.056,138.539,115.447,114.529,2.166
1,-22,31.828,0.53,-2.334,116.25,190.079,268.039,139.086,116.181,116.43,2.163
1,-11,18.601,0.31,-2.204,99.985,187.459,268.002,135.93,116.927,116.276,2.178
1,-4,12.649,0.211,-1.893,93.059,186.944,265.932,137.615,114.477,112.361,2.189
1,20,26.249,0.437,-0.704,76.531,185.149,263.775,138.159,116.417,113.534,2.15
1,33,37.59,0.626,-0.499,61.074,181.571,259.555,130.269,108.669,105.304,2.262
1,38,42.942,0.716,-0.484,42.048,173.773,250.799,121.655,98.351,103.586,2.325
1,36,43.267,0.721,-0.588,26.173,166.868,243.526,116.726,92.347,92.914,2.419
1,41,50.804,0.847,-0.632,12.207,159.85,235.671,112.77,92.027,82.037,2.465
1,43,53.6,0.893,-0.64,14.422,149.723,225.204,106.892,82.28,75.664,2.551
1,51,62.426,1.04,-0.615,34.366,137.379,213.063,97.509,78.16,63.789,2.669
1,59,67.602,1.127,-0.51,53.6,122.413,200.823,86.954,67.779,47.127,2.985
1,64,71.554,1.193,-0.464,70.178,101.119,191.638,73.498,46.043,23.431,4.021
1,69,76.059,1.268,-0.434,81.302,87.367,190.224,58.258,30.48,13.153,5.601
1,72,77.621,1.294,-0.383,96.083,81.271,192.094,50.606,23.324,21.401,6.045
1,74,78.109,1.302,-0.326,105.005,81.049,195.256,46.239,21.024,26.627,6.239
1,79,81.253,1.354,-0.236,109.005,84.006,201.318,52.173,22.091,29.682,5.81
1,82,83.187,1.386,-0.169,102.02,84.006,207.762,52.345,27.295,31.064,5.63
1,82,82.298,1.372,-0.085,99.045,85.094,212.078,54.148,29.428,30.0,5.602
1,74,74.108,1.235,-0.054,92.542,149.696,222.791,151.585,125.144,118.95,1.689
1,63,63.0,1.05,0.0,79.31,170.792,239.008,122.004,107.229,116.25,2.075
1,48,48.01,0.8,-0.021,39.812,173.081,247.259,131.4,115.017,121.198,2.018
1,68,69.857,1.164,0.231,30.0,177.116,252.62,133.195,118.152,123.794,2.02
1,59,65.742,1.096,0.457,145.671,177.73,254.825,136.795,119.206,121.499,2.025
1,43,43.566,0.726,-0.161,160.515,179.672,255.415,138.004,120.104,121.413,2.019
1,14,34.928,0.582,-1.158,136.125,180.953,255.0,138.975,122.102,121.334,2.0
1,-7,39.623,0.66,-1.748,118.406,181.221,254.804,139.714,121.149,120.416,2.005
1,-11,35.735,0.596,-1.884,78.645,184.054,254.804,132.966,113.745,117.209,2.1
1,-8,27.203,0.453,-1.869,38.91,182.833,252.242,130.081,112.872,114.039,2.12
1,4,26.306,0.438,-1.418,29.206,175.693,246.611,124.92,106.705,106.0,2.191
1,8,23.409,0.39,-1.222,17.464,167.547,241.118,120.208,99.639,96.021,2.29
1,12,24.187,0.403,-1.052,15.232,162.348,232.648,114.634,94.831,91.351,2.32
1,14,22.023,0.367,-0.882,21.213,146.373,221.732,104.809,82.873,71.847,2.563
1,16,21.932,0.366,-0.753,27.803,143.562,211.518,104.547,83.433,72.173,2.439
1,13,19.105,0.318,-0.822,34.54,129.769,199.161,91.389,71.309,53.6,2.762
1,12,18.439,0.307,-0.862,39.294,113.464,187.883,80.498,55.543,32.249,3.349
1,14,22.023,0.367,-0.882,45.398,93.509,179.978,63.514,32.802,19.0,4.682
1,14,24.413,0.407,-0.96,53.009,77.524,180.472,46.4,21.213,14.765,6.572
1,8,23.409,0.39,-1.222,61.294,72.111,181.069,40.46,15.811,23.022,6.851
1,-3,23.195,0.387,-1.7,68.447,81.498,184.098,39.56,19.235,28.018,6.362
1,-13,23.022,0.384,-2.171,75.186,87.052,194.659,38.328,21.932,31.906,6.336
1,-16,28.018,0.467,-2.179,74.041,81.394,201.556,48.26,26.926,32.65,5.607
1,-10,26.926,0.449,-1.951,55.543,86.977,206.194,53.339,31.385,34.886,5.172
1,-8,23.409,0.39,-1.92,48.765,91.411,212.002,51.478,31.064,36.249,5.354
1,-13,19.849,0.331,-2.285,37.014,94.112,217.338,54.342,35.228,38.013,5.111
1,-15,16.553,0.276,-2.705,32.558,93.68,224.522,48.384,31.145,39.217,5.672
1,-18,18.248,0.304,-2.976,24.759,93.606,231.534,45.222,32.65,41.231,5.832
1,-22,22.0,0.367,3.142,18.385,101.951,236.772,47.539,32.802,39.925,5.906
1,-23,23.087,0.385,3.055,13.601,101.242,234.361,58.052,36.235,40.817,5.204
1,97,100.424,1.674,0.262,347.382,103.73,229.941,65.123,42.202,37.483,4.764
1,108,112.361,1.873,0.28,387.114,83.006,220.03,74.041,36.497,18.974,5.097
1,111,117.652,1.961,0.338,415.74,129.418,198.283,113.137,84.202,61.294,2.3
1,104,113.318,1.889,0.408,422.522,152.227,230.766,143.837,115.378,87.207,1.998
1,92,105.19,1.753,0.506,417.043,173.968,245.153,158.824,123.762,110.318,1.872
1,52,72.139,1.202,0.766,390.082,178.732,259.095,129.031,112.752,119.269,2.153
1,26,52.839,0.881,1.056,303.798,175.847,253.886,130.863,114.018,113.864,2.123
1,38,80.529,1.342,1.079,184.166,173.902,255.861,137.364,120.266,113.137,2.07
1,39,82.765,1.379,1.08,117.903,169.8,252.62,136.18,118.271,111.018,2.074
1,32,53.6,0.893,0.931,39.115,169.641,254.201,134.629,113.071,111.879,2.121
1,9,20.125,0.335,1.107,13.892,168.238,251.127,133.09,110.005,106.231,2.157
1,-9,10.817,0.18,2.554,35.128,166.652,248.652,131.973,109.005,99.247,2.193
1,-22,22.561,0.376,-2.918,67.03,162.25,245.459,128.876,105.005,98.184,2.218
1,-28,29.732,0.496,-2.799,89.454,157.305,239.341,122.332,99.081,91.049,2.298
1,-49,49.366,0.823,-3.02,117.516,150.632,231.234,110.476,91.088,80.025,2.464
1,-54,54.009,0.9,-3.123,141.287,141.315,224.243,103.586,84.38,70.0,2.608
1,-55,55.009,0.917,3.123,169.027,130.388,213.19,94.868,76.295,61.294,2.751
1,-53,53.6,0.893,2.992,193.065,121.742,203.089,87.846,66.708,47.381,3.017
1,-52,56.08,0.935,2.758,209.16,115.004,192.899,75.961,50.448,30.806,3.681
1,-47,60.44,1.007,2.462,214.22,95.802,183.521,65.795,39.85,17.889,4.457
1,-35,56.223,0.937,2.243,208.389,82.462,181.177,58.523,28.636,10.0,5.594
1,-30,61.774,1.03,2.078,188.68,65.795,179.0,40.311,16.125,19.416,7.08
1,-36,71.694,1.195,2.097,168.514,67.683,182.332,33.838,9.849,17.117,8.996
1,-38,60.44,1.007,2.251,130.729,71.449,190.276,34.015,11.0,22.361,8.472
1,-33,50.329,0.839,2.286,109.604,79.025,203.214,41.231,15.0,22.136,7.779
1,-25,43.012,0.717,2.191,94.752,90.67,215.641,34.234,16.763,25.298,8.479
1,-26,40.46,0.674,2.269,79.906,89.944,222.686,38.0,20.125,30.676,7.523
1,-20,32.016,0.534,2.246,60.141,94.202,227.607,36.014,25.495,34.132,7.139
1,-12,21.633,0.361,2.159,48.374,96.104,231.89,35.693,26.627,36.249,7.058
1,-3,11.402,0.19,1.837,37.336,97.268,237.489,43.681,31.401,37.696,6.317
1,10,10.77,0.18,0.381,27.313,99.298,240.875,44.011,33.971,39.56,6.148
1,28,28.443,0.474,0.177,19.416,100.464,243.403,42.72,33.242,39.85,6.305
1,13,13.928,0.232,-0.367,70.007,98.843,243.354,44.643,28.284,36.878,6.649
1,20,26.249,0.437,-0.704,206.4,96.602,238.768,54.009,30.871,34.0,6.025
1,13,14.765,0.246,0.494,259.933,79.404,233.823,54.129,20.224,27.459,6.89
1,15,33.541,0.559,1.107,304.532,73.783,191.463,51.039,22.825,130.419,2.812
1,-2,34.059,0.568,1.63,299.027,118.562,200.202,116.103,79.649,51.624,2.428
1,-19,40.706,0.678,2.056,241.124,155.081,237.76,158.928,126.716,98.372,1.857
1,-19,40.706,0.678,2.056,241.124,155.081,237.76,158.928,126.716,98.372,1.857
1,15,39.0,0.65,1.176,79.177,180.136,265.58,136.356,116.927,112.112,2.18
1,6,23.77,0.396,1.316,34.409,178.844,262.855,127.577,111.364,113.534,2.237
1,-15,24.207,0.403,2.239,22.804,175.684,263.213,143.349,123.199,113.991,2.075
1,-32,33.242,0.554,2.867,40.262,177.2,264.804,140.911,122.066,116.108,2.096
1,-40,40.05,0.667,3.092,56.036,176.774,265.498,139.743,121.0,114.63,2.122
1,-48,48.26,0.804,-3.038,73.824,175.824,263.638,138.452,117.017,114.438,2.138
1,-56,56.719,0.945,-2.982,92.763,175.57,263.788,139.442,118.004,114.28,2.129
1,-63,64.327,1.072,-2.938,111.987,171.234,260.599,138.6,116.069,107.075,2.161
1,-68,69.635,1.161,-2.924,133.66,168.618,256.759,122.25,102.489,103.175,2.349
1,-81,82.201,1.37,-2.97,161.793,155.618,252.438,108.784,93.059,89.006,2.604
1,-90,90.934,1.516,-2.998,195.256,148.647,248.365,97.494,78.447,64.031,3.105
1,-100,100.319,1.672,-3.062,236.0,134.462,235.646,90.272,66.37,45.122,3.504
1,-109,109.073,1.818,-3.105,284.297,124.531,222.036,84.172,60.803,35.114,3.699
1,-120,120.15,2.002,3.092,332.182,172.905,170.985,100.896,71.344,45.31,2.358
1,-140,140.698,2.345,3.042,370.741,67.179,171.21,55.803,29.547,13.038,5.22
1,-159,159.706,2.662,3.048,408.853,46.957,169.047,34.67,14.036,15.232,7.932
1,-173,173.234,2.887,3.09,438.841,59.54,178.55,31.385,6.325,18.358,9.554
1,-194,194.01,3.234,-3.131,467.68,70.831,191.442,35.014,8.544,23.087,8.618
1,-208,208.471,3.475,-3.074,489.336,82.462,207.002,34.059,12.083,24.0,8.854
1,-216,217.681,3.628,-3.017,493.852,86.885,221.289,32.0,17.889,28.862,8.43
1,-222,225.4,3.757,-2.968,503.925,88.527,227.405,32.249,24.413,34.482,7.485
1,-219,223.987,3.733,-2.93,510.416,91.093,229.898,30.083,26.173,37.336,7.369
1,-216,222.892,3.715,-2.892,518.927,94.921,232.562,36.401,26.173,36.688,7.029
1,-207,215.52,3.592,-2.859,526.308,94.921,231.976,42.426,26.401,33.838,6.779
1,-193,203.022,3.384,-2.826,526.095,94.557,229.532,35.014,20.809,34.205,7.649
1,-174,185.744,3.096,-2.784,514.0,91.093,228.965,43.046,21.954,31.321,7.131
1,-131,144.506,2.408,-2.706,486.083,78.262,226.002,50.249,25.08,31.623,6.339
1,-100,113.649,1.894,-2.646,396.284,187.843,207.511,35.468,5.657,23.409,9.647
1,-103,126.827,2.114,-2.519,271.665,59.641,23.431,29.547,22.204,171.129,0.315
2,-91,114.809,1.913,-2.486,194.093,154.324,210.012,151.634,127.016,104.139,1.646
2,-67,74.25,1.237,-2.696,95.021,175.727,240.052,127.738,119.269,123.976,1.941
2,-25,26.571,0.443,-2.796,33.242,177.789,250.976,134.082,120.266,120.416,2.009
2,-25,26.571,0.443,-2.796,33.242,177.789,250.976,134.082,120.266,120.416,2.009
2,-25,26.571,0.443,-2.796,33.242,177.789,250.976,134.082,120.266,120.416,2.009
2,-25,26.571,0.443,-2.796,33.242,177.789,250.976,134.082,120.266,120.416,2.009
2,72,76.217,1.27,0.334,364.309,174.889,253.476,140.602,123.26,122.184,1.97
2,84,91.788,1.53,0.415,387.014,177.882,260.342,143.503,128.25,123.471,1.976
2,72,83.355,1.389,0.528,382.792,179.025,262.231,142.899,128.035,122.801,1.998
2,58,77.897,1.298,0.731,357.841,178.676,263.137,141.905,125.016,121.696,2.031
2,38,59.666,0.994,0.88,335.894,178.393,263.898,142.021,126.004,120.416,2.038
2,21,50.567,0.843,1.143,297.236,178.732,262.378,143.265,125.004,120.337,2.026
2,-2,46.043,0.767,1.614,254.566,176.511,258.907,144.007,125.0,118.343,2.005
2,-11,38.601,0.643,1.86,201.613,176.785,258.38,142.899,123.016,117.427,2.022
2,-32,36.715,0.612,2.629,147.513,177.406,258.643,142.79,125.016,116.52,2.019
2,-49,50.01,0.833,2.94,108.784,178.37,259.717,142.688,125.016,114.438,2.039
2,-72,73.164,1.219,-2.963,32.388,178.572,263.002,144.886,125.064,116.726,2.04
2,-99,103.74,1.729,-2.838,108.079,180.693,264.367,144.347,123.146,117.098,2.062
2,-114,116.927,1.949,-2.917,179.047,187.537,268.477,143.126,124.403,120.507,2.076
2,-125,127.283,2.121,-2.952,246.376,184.743,267.135,142.032,124.487,120.507,2.071
2,-141,144.81,2.414,-2.912,299.408,182.65,261.847,145.014,122.801,118.87,2.031
2,-147,151.344,2.522,-2.901,348.128,181.665,257.793,142.032,120.071,121.598,2.016
2,-150,155.769,2.596,-2.869,386.374,184.166,254.342,142.004,119.942,119.436,2.001
2,-155,161.969,2.699,-2.847,404.079,179.446,254.342,139.058,117.388,116.103,2.048
2,-152,160.012,2.667,-2.824,418.001,177.685,255.726,133.094,112.614,113.78,2.134
2,-148,157.204,2.62,-2.798,425.0,176.366,256.86,134.015,113.283,110.82,2.152
2,-137,146.537,2.442,-2.779,426.019,177.124,259.881,135.015,111.879,107.87,2.198
2,-125,136.165,2.269,-2.734,419.019,175.391,261.008,135.004,110.766,108.674,2.209
2,-105,118.533,1.976,-2.659,407.044,176.819,262.688,137.004,109.772,107.689,2.223
2,-70,92.849,1.547,-2.425,386.254,177.124,263.837,138.033,111.018,106.532,2.226
2,-29,69.354,1.156,-2.002,352.751,176.912,262.246,138.232,112.178,108.259,2.193
2,24,44.944,0.749,-1.007,283.028,179.446,265.481,136.059,112.147,107.689,2.238
2,67,73.41,1.223,-0.421,198.93,178.885,267.711,125.324,104.12,98.061,2.452
2,67,73.41,1.223,-0.421,198.93,178.885,267.711,125.324,104.12,98.061,2.452
2,67,73.41,1.223,-0.421,198.93,178.885,267.711,125.324,104.12,98.061,2.452
2,49,59.076,0.985,-0.593,287.021,174.155,267.442,115.918,92.022,73.98,2.846
2,58,59.908,0.998,-0.253,334.66,149.164,255.441,131.518,118.14,111.041,2.125
2,69,70.831,1.181,-0.228,352.172,35.693,189.18,4.243,17.205,32.802,10.462
2,70,70.349,1.172,-0.1,354.035,36.222,191.943,16.643,12.166,27.203,10.28
2,70,70.007,1.167,0.014,344.013,43.966,197.74,17.889,5.385,24.698,12.366
2,65,65.069,1.084,0.046,326.055,50.961,197.294,27.514,11.705,18.248,10.3
2,61,61.4,1.023,0.114,299.202,44.147,191.638,14.213,6.325,18.788,14.619
2,68,72.45,1.207,0.352,201.062,47.265,187.04,20.248,8.062,21.587,11.245
2,59,61.131,1.019,0.265,132.136,53.038,187.032,23.324,6.083,13.928,12.948
2,54,54.589,0.91,0.147,100.045,65.856,179.524,36.715,20.881,5.385,8.551
2,47,47.518,0.792,0.148,78.026,91.241,97.082,65.054,39.925,18.028,2.368
2,45,45.1,0.752,0.067,64.07,131.643,105.394,82.735,57.428,41.629,1.739
2,46,46.098,0.768,-0.065,56.569,126.562,148.977,88.482,66.851,54.745,2.127
2,43,43.566,0.726,-0.161,59.203,105.702,180.546,68.007,47.074,25.02,3.866
2,46,47.539,0.792,-0.255,64.257,107.019,194.363,68.659,53.009,37.363,3.667
2,51,52.887,0.881,-0.268,66.483,117.546,211.227,80.777,61.205,49.041,3.317
2,59,60.017,1.0,-0.184,66.611,126.289,225.222,88.284,71.028,56.0,3.138
2,71,71.344,1.189,-0.098,69.116,135.558,239.42,94.831,74.545,63.032,3.091
2,83,83.006,1.383,-0.012,74.545,145.602,249.634,105.323,82.298,70.029,2.907
2,91,91.198,1.52,0.066,77.492,152.279,256.899,109.659,88.685,78.23,2.787
2,104,105.076,1.751,0.143,92.849,157.204,259.669,114.756,91.269,86.023,2.667
2,113,115.521,1.925,0.209,114.49,159.703,262.376,116.108,89.051,87.0,2.694
2,124,128.062,2.134,0.253,130.05,159.399,263.644,114.983,90.022,84.0,2.737
2,134,140.428,2.34,0.304,174.828,160.056,265.0,115.849,88.006,84.054,2.761
2,139,148.061,2.468,0.352,225.18,161.301,267.152,113.635,88.006,82.219,2.823
2,147,155.596,2.593,0.334,296.184,161.623,269.941,114.355,93.086,85.329,2.766
2,136,138.852,2.314,0.203,401.244,162.003,267.017,109.444,88.142,79.624,2.89
2,120,120.104,2.002,0.042,437.979,142.636,256.55,99.81,77.201,59.076,3.26
2,110,110.114,1.835,-0.045,448.318,132.197,234.079,103.446,78.0,58.941,2.921
2,90,90.449,1.507,-0.1,434.219,35.847,172.54,37.696,38.419,36.0,4.617
2,61,63.325,1.055,-0.272,401.404,30.017,176.876,23.259,31.113,34.0,6.004
2,31,35.847,0.597,-0.526,354.12,26.926,176.502,20.616,30.61,36.056,6.067
2,-60,75.0,1.25,-2.498,118.849,29.206,176.777,20.125,26.42,35.903,6.432
2,-78,92.65,1.544,-2.572,143.684,39.051,175.96,25.942,26.173,29.275,6.486
2,-69,83.487,1.391,-2.544,153.675,42.012,173.012,29.12,25.0,28.443,6.286
2,-56,74.411,1.24,-2.423,159.201,49.679,171.269,32.894,24.839,21.095,6.518
2,-39,58.796,0.98,-2.296,173.678,113.464,202.744,93.038,70.036,49.01,2.868
2,-33,52.631,0.877,-2.249,167.048,134.164,220.538,101.39,93.536,77.0,2.433
2,-18,42.048,0.701,-2.013,163.976,140.577,229.63,104.785,93.048,82.152,2.46
2,-17,34.482,0.575,-2.086,156.083,152.434,241.897,110.644,99.0,88.278,2.436
2,-13,25.554,0.426,-2.105,173.899,162.542,248.316,123.045,109.115,99.408,2.247
2,-24,30.61,0.51,-2.472,173.658,171.453,255.221,128.133,117.154,108.559,2.164
2,-24,26.401,0.44,-2.712,144.461,172.047,257.614,129.711,116.017,111.544,2.163
2,-4,5.0,0.083,-2.498,117.614,173.367,259.717,129.124,119.206,111.647,2.164
2,-1,2.236,0.037,2.034,108.374,175.855,260.048,130.465,120.503,118.95,2.109
2,-7,9.22,0.154,2.433,94.112,177.341,260.169,132.378,122.691,120.507,2.078
2,-3,11.402,0.19,1.837,86.833,175.756,257.769,132.095,122.188,120.221,2.065
2,0,15.0,0.25,1.571,77.156,178.059,260.5,134.093,122.483,123.223,2.058
2,1,21.024,0.35,1.523,72.402,179.889,260.354,135.015,123.167,122.723,2.051
2,7,25.962,0.433,1.298,73.376,182.165,259.85,131.034,115.412,122.483,2.113
2,15,34.438,0.574,1.12,74.243,178.885,252.66,129.653,112.539,113.358,2.132
2,29,47.011,0.784,0.906,82.219,170.018,256.55,123.794,105.019,103.576,2.316
2,47,65.069,1.084,0.764,89.538,162.69,244.035,126.242,99.609,90.006,2.318
2,53,84.646,1.411,0.894,109.275,151.433,241.853,130.0,92.655,74.953,2.438
2,47,77.006,1.283,0.914,133.124,150.0,142.056,117.593,90.139,66.611,1.553
2,-22,37.202,0.62,-2.204,291.343,114.983,187.758,75.213,51.74,33.541,3.51
2,-22,37.202,0.62,-2.204,291.343,114.983,187.758,75.213,51.74,33.541,3.51
2,-22,37.202,0.62,-2.204,291.343,114.983,187.758,75.213,51.74,33.541,3.51
2,73,85.755,1.429,-0.552,341.006,98.184,214.709,52.924,26.833,16.643,6.682
2,47,67.897,1.132,-0.806,320.539,98.732,230.764,57.428,30.414,23.431,6.222
2,22,45.651,0.761,-1.068,230.413,108.78,241.068,62.29,36.056,32.202,5.54
2,22,45.651,0.761,-1.068,230.413,108.78,241.068,62.29,36.056,32.202,5.54
2,-14,31.305,0.522,2.034,67.535,107.564,243.824,71.063,40.0,35.805,4.98
2,-42,58.0,0.967,2.381,80.449,108.227,241.868,70.711,42.107,34.482,4.926
2,-43,58.728,0.979,2.392,92.849,108.005,241.357,70.831,41.976,30.083,5.067
2,-38,47.202,0.787,2.507,94.366,107.378,236.239,71.784,43.658,31.78,4.814
2,-43,44.922,0.749,2.848,179.805,113.6,224.635,80.529,48.765,34.015,4.127
2,-43,44.922,0.749,2.848,179.805,113.6,224.635,80.529,48.765,34.015,4.127
2,-57,58.052,0.968,-2.951,244.659,122.381,222.092,92.201,58.0,37.162,3.556
2,-79,79.762,1.329,3.003,252.21,126.246,223.182,96.167,71.021,50.804,3.071
2,-101,102.772,1.713,2.956,122.319,132.061,227.379,95.776,70.328,55.471,3.079
2,-81,86.729,1.445,2.776,105.19,136.653,226.55,98.351,72.201,62.177,2.92
2,-58,66.242,1.104,2.637,94.826,149.201,236.618,107.168,79.076,67.624,2.796
2,-50,56.824,0.947,2.646,104.657,154.797,244.739,113.159,85.959,75.273,2.676
2,-48,56.08,0.935,2.598,100.623,168.077,248.805,122.188,94.021,91.782,2.423
2,-48,55.57,0.926,2.614,87.664,171.732,252.052,126.574,96.933,91.662,2.399
2,-43,50.774,0.846,2.581,80.231,176.977,253.931,128.876,101.651,98.082,2.318
2,-35,44.822,0.747,2.467,75.432,177.485,259.717,128.445,101.0,102.044,2.35
2,-27,39.623,0.66,2.32,66.37,176.822,258.211,123.762,100.285,99.126,2.397
2,-14,33.106,0.552,2.007,65.49,176.706,259.046,122.123,101.435,100.18,2.401
2,-1,34.015,0.567,1.6,72.78,177.485,258.496,125.634,103.947,100.319,2.351
2,10,43.174,0.72,1.337,83.63,178.664,256.743,126.147,103.484,100.603,2.332
2,16,49.649,0.827,1.243,87.321,179.254,253.308,125.515,101.178,100.449,2.323
2,22,54.626,0.91,1.156,98.005,179.067,252.163,125.515,100.125,101.789,2.31
2,23,45.277,0.755,1.038,168.077,179.36,256.766,124.78,101.0,98.489,2.375
2,23,45.277,0.755,1.038,168.077,179.36,256.766,124.78,101.0,98.489,2.375
2,23,45.277,0.755,1.038,168.077,179.36,256.766,124.78,101.0,98.489,2.375
2,44,45.122,0.752,0.223,334.006,190.066,255.548,122.188,99.0,96.881,2.41
2,31,34.886,0.581,0.476,303.106,177.341,247.833,115.447,91.662,77.414,2.613
2,12,18.439,0.307,0.862,262.195,148.93,208.6,117.388,89.107,64.281,2.311
2,-5,22.561,0.376,1.794,209.351,47.854,83.6,91.662,93.984,97.201,0.887
2,-3,48.094,0.802,1.633,78.339,113.811,130.081,140.52,149.255,143.377,0.901
2,-8,67.476,1.125,1.69,59.942,98.813,70.831,137.317,141.152,134.451,0.515
2,-21,74.041,1.234,1.858,68.066,97.082,26.173,105.65,119.683,124.68,0.224
2,-25,72.45,1.207,1.923,78.262,75.71,136.341,70.605,66.731,67.602,1.996
2,-31,66.648,1.111,2.055,81.597,57.14,152.555,37.577,41.304,40.522,3.833
2,-36,69.971,1.166,2.111,95.692,59.076,141.524,43.382,48.662,45.88,3.078
2,-55,79.209,1.32,2.338,137.888,64.288,127.142,60.902,62.097,50.695,2.196
2,-27,72.236,1.204,1.954,208.339,55.731,31.401,62.65,67.912,57.871,0.5
2,-30,50.804,0.847,2.202,205.295,48.754,61.685,98.6,99.282,93.771,0.634
2,-41,49.649,0.827,2.542,200.125,66.287,51.196,74.518,59.808,54.083,0.815
2,-44,50.606,0.843,2.625,191.191,100.896,114.791,56.303,45.967,33.734,2.532
2,-42,46.098,0.768,2.717,185.93,125.419,153.675,99.323,83.199,59.169,1.908
2,-37,38.601,0.643,2.853,166.784,152.83,182.784,133.54,111.086,90.139,1.638
2,-38,38.21,0.637,3.037,145.097,165.952,197.752,139.517,111.83,102.786,1.675
2,-33,33.0,0.55,3.142,113.635,170.751,208.722,138.293,112.969,101.922,1.773
2,-28,28.0,0.467,3.142,84.528,170.751,216.668,138.13,114.935,105.262,1.814
2,-17,17.029,0.284,3.083,57.14,169.293,219.968,132.242,110.023,99.925,1.928
2,-8,8.246,0.137,2.897,38.21,170.751,220.586,132.242,111.005,100.439,1.925
2,9,11.402,0.19,0.661,25.962,169.293,222.948,132.185,109.659,103.16,1.939
2,25,27.731,0.462,0.448,32.65,172.467,223.305,131.034,107.056,105.721,1.948
2,41,45.618,0.76,0.454,50.16,164.939,225.524,120.204,98.184,105.906,2.086
2,61,67.978,1.133,0.457,80.777,164.551,221.472,107.079,92.136,98.858,2.229
2,69,79.756,1.329,0.525,134.015,154.26,215.648,96.005,78.102,83.217,2.514
2,80,93.295,1.555,0.54,202.121,137.088,206.816,105.309,77.201,63.008,2.527
2,65,75.293,1.255,0.529,341.844,130.269,125.734,100.464,82.0,66.03,1.518
2,56,60.539,1.009,0.39,395.8,34.132,173.072,52.173,59.076,43.863,3.347
2,44,46.487,0.775,0.329,398.393,26.173,200.002,16.643,11.18,30.232,10.335
2,37,37.054,0.618,-0.054,386.35,57.385,223.466,23.195,9.849,30.364,10.573
2,28,28.636,0.477,0.211,330.08,78.549,238.908,30.15,19.105,33.136,8.699
2,71,125.925,2.099,0.972,258.258,85.44,244.1,31.401,22.023,35.693,8.217
2,-46,133.195,2.22,1.923,220.411,86.006,244.229,35.468,27.803,44.553,6.795
2,-33,122.528,2.042,1.843,142.468,83.259,245.082,37.947,27.203,47.265,6.54
2,-4,80.1,1.335,1.621,22.804,78.746,238.16,38.471,27.019,38.601,6.864
2,-4,80.1,1.335,1.621,22.804,78.746,238.16,38.471,27.019,38.601,6.864
2,-4,80.1,1.335,1.621,22.804,78.746,238.16,38.471,27.019,38.601,6.864
2,-4,80.1,1.335,1.621,22.804,78.746,238.16,38.471,27.019,38.601,6.864
2,-4,80.1,1.335,1.621,22.804,78.746,238.16,38.471,27.019,38.601,6.864
2,-4,80.1,1.335,1.621,22.804,78.746,238.16,38.471,27.019,38.601,6.864
2,-4,80.1,1.335,1.621,22.804,78.746,238.16,38.471,27.019,38.601,6.864
2,-4,80.1,1.335,1.621,22.804,78.746,238.16,38.471,27.019,38.601,6.864
2,-4,80.1,1.335,1.621,22.804,78.746,238.16,38.471,27.019,38.601,6.864
2,-4,80.1,1.335,1.621,22.804,78.746,238.16,38.471,27.019,38.601,6.864
2,-4,80.1,1.335,1.621,22.804,78.746,238.16,38.471,27.019,38.601,6.864
2,-4,80.1,1.335,1.621,22.804,78.746,238.16,38.471,27.019,38.601,6.864
2,-4,80.1,1.335,1.621,22.804,78.746,238.16,38.471,27.019,38.601,6.864
2,-4,80.1,1.335,1.621,22.804,78.746,238.16,38.471,27.019,38.601,6.864
2,-4,80.1,1.335,1.621,22.804,78.746,238.16,38.471,27.019,38.601,6.864
2,-4,80.1,1.335,1.621,22.804,78.746,238.16,38.471,27.019,38.601,6.864
2,-4,80.1,1.335,1.621,22.804,78.746,238.16,38.471,27.019,38.601,6.864
2,-4,80.1,1.335,1.621,22.804,78.746,238.16,38.471,27.019,38.601,6.864
2,-4,80.1,1.335,1.621,22.804,78.746,238.16,38.471,27.019,38.601,6.864
2,-4,80.1,1.335,1.621,22.804,78.746,238.16,38.471,27.019,38.601,6.864
2,-4,80.1,1.335,1.621,22.804,78.746,238.16,38.471,27.019,38.601,6.864
2,-4,80.1,1.335,1.621,22.804,78.746,238.16,38.471,27.019,38.601,6.864
2,-4,80.1,1.335,1.621,22.804,78.746,238.16,38.471,27.019,38.601,6.864
2,-4,80.1,1.335,1.621,22.804,78.746,238.16,38.471,27.019,38.601,6.864
2,-4,80.1,1.335,1.621,22.804,78.746,238.16,38.471,27.019,38.601,6.864
2,-4,80.1,1.335,1.621,22.804,78.746,238.16,38.471,27.019,38.601,6.864
2,-4,80.1,1.335,1.621,22.804,78.746,238.16,38.471,27.019,38.601,6.864
2,-4,80.1,1.335,1.621,22.804,78.746,238.16,38.471,27.019,38.601,6.864
2,-4,80.1,1.335,1.621,22.804,78.746,238.16,38.471,27.019,38.601,6.864
2,-4,80.1,1.335,1.621,22.804,78.746,238.16,38.471,27.019,38.601,6.864
2,-4,80.1,1.335,1.621,22.804,78.746,238.16,38.471,27.019,38.601,6.864
2,-4,80.1,1.335,1.621,22.804,78.746,238.16,38.471,27.019,38.601,6.864
2,-4,80.1,1.335,1.621,22.804,78.746,238.16,38.471,27.019,38.601,6.864
2,-4,80.1,1.335,1.621,22.804,78.746,238.16,38.471,27.019,38.601,6.864
2,-4,80.1,1.335,1.621,22.804,78.746,238.16,38.471,27.019,38.601,6.864
2,-4,80.1,1.335,1.621,22.804,78.746,238.16,38.471,27.019,38.601,6.864
2,-4,80.1,1.335,1.621,22.804,78.746,238.16,38.471,27.019,38.601,6.864
2,-4,80.1,1.335,1.621,22.804,78.746,238.16,38.471,27.019,38.601,6.864
2,-4,80.1,1.335,1.621,22.804,78.746,238.16,38.471,27.019,38.601,6.864
2,-4,80.1,1.335,1.621,22.804,78.746,238.16,38.471,27.019,38.601,6.864
2,-4,80.1,1.335,1.621,22.804,78.746,238.16,38.471,27.019,38.601,6.864
2,-4,80.1,1.335,1.621,22.804,78.746,238.16,38.471,27.019,38.601,6.864
2,-4,80.1,1.335,1.621,22.804,78.746,238.16,38.471,27.019,38.601,6.864
2,-4,80.1,1.335,1.621,22.804,78.746,238.16,38.471,27.019,38.601,6.864
2,-4,80.1,1.335,1.621,22.804,78.746,238.16,38.471,27.019,38.601,6.864
2,-4,80.1,1.335,1.621,22.804,78.746,238.16,38.471,27.019,38.601,6.864
2,-4,80.1,1.335,1.621,22.804,78.746,238.16,38.471,27.019,38.601,6.864
2,-4,80.1,1.335,1.621,22.804,78.746,238.16,38.471,27.019,38.601,6.864
2,-4,80.1,1.335,1.621,22.804,78.746,238.16,38.471,27.019,38.601,6.864
2,-4,80.1,1.335,1.621,22.804,78.746,238.16,38.471,27.019,38.601,6.864
2,-4,80.1,1.335,1.621,22.804,78.746,238.16,38.471,27.019,38.601,6.864
2,-4,80.1,1.335,1.621,22.804,78.746,238.16,38.471,27.019,38.601,6.864
2,-4,80.1,1.335,1.621,22.804,78.746,238.16,38.471,27.019,38.601,6.864
2,-4,80.1,1.335,1.621,22.804,78.746,238.16,38.471,27.019,38.601,6.864
2,-4,80.1,1.335,1.621,22.804,78.746,238.16,38.471,27.019,38.601,6.864
2,-4,80.1,1.335,1.621,22.804,78.746,238.16,38.471,27.019,38.601,6.864
2,-4,80.1,1.335,1.621,22.804,78.746,238.16,38.471,27.019,38.601,6.864
2,-4,80.1,1.335,1.621,22.804,78.746,238.16,38.471,27.019,38.601,6.864
2,-4,80.1,1.335,1.621,22.804,78.746,238.16,38.471,27.019,38.601,6.864
2,-4,80.1,1.335,1.621,22.804,78.746,238.16,38.471,27.019,38.601,6.864
2,-4,80.1,1.335,1.621,22.804,78.746,238.16,38.471,27.019,38.601,6.864
2,-4,80.1,1.335,1.621,22.804,78.746,238.16,38.471,27.019,38.601,6.864
2,-4,80.1,1.335,1.621,22.804,78.746,238.16,38.471,27.019,38.601,6.864
2,-4,80.1,1.335,1.621,22.804,78.746,238.16,38.471,27.019,38.601,6.864
2,-4,80.1,1.335,1.621,22.804,78.746,238.16,38.471,27.019,38.601,6.864
2,-4,80.1,1.335,1.621,22.804,78.746,238.16,38.471,27.019,38.601,6.864
2,-4,80.1,1.335,1.621,22.804,78.746,238.16,38.471,27.019,38.601,6.864
2,-4,80.1,1.335,1.621,22.804,78.746,238.16,38.471,27.019,38.601,6.864
2,-4,80.1,1.335,1.621,22.804,78.746,238.16,38.471,27.019,38.601,6.864
2,-4,80.1,1.335,1.621,22.804,78.746,238.16,38.471,27.019,38.601,6.864
2,-4,80.1,1.335,1.621,22.804,78.746,238.16,38.471,27.019,38.601,6.864
2,-4,80.1,1.335,1.621,22.804,78.746,238.16,38.471,27.019,38.601,6.864
2,-4,80.1,1.335,1.621,22.804,78.746,238.16,38.471,27.019,38.601,6.864
